-- phpMyAdmin SQL Dump
-- version 5.0.1
-- https://www.phpmyadmin.net/
--
-- Servidor: 127.0.0.1
-- Tiempo de generación: 01-06-2020 a las 01:53:28
-- Versión del servidor: 10.4.11-MariaDB
-- Versión de PHP: 7.3.14

SET SQL_MODE = "NO_AUTO_VALUE_ON_ZERO";
SET AUTOCOMMIT = 0;
START TRANSACTION;
SET time_zone = "+00:00";


/*!40101 SET @OLD_CHARACTER_SET_CLIENT=@@CHARACTER_SET_CLIENT */;
/*!40101 SET @OLD_CHARACTER_SET_RESULTS=@@CHARACTER_SET_RESULTS */;
/*!40101 SET @OLD_COLLATION_CONNECTION=@@COLLATION_CONNECTION */;
/*!40101 SET NAMES utf8mb4 */;

--
-- Base de datos: `lx_multipagos`
--

-- --------------------------------------------------------

--
-- Estructura de tabla para la tabla `activations`
--

CREATE TABLE `activations` (
  `id` int(10) UNSIGNED NOT NULL,
  `user_id` int(10) UNSIGNED NOT NULL,
  `code` varchar(255) NOT NULL,
  `completed` tinyint(1) NOT NULL DEFAULT 0,
  `completed_at` timestamp NULL DEFAULT NULL,
  `created_at` timestamp NOT NULL DEFAULT '0000-00-00 00:00:00',
  `updated_at` timestamp NOT NULL DEFAULT '0000-00-00 00:00:00'
) ENGINE=InnoDB DEFAULT CHARSET=utf8mb4;

--
-- Volcado de datos para la tabla `activations`
--

INSERT INTO `activations` (`id`, `user_id`, `code`, `completed`, `completed_at`, `created_at`, `updated_at`) VALUES
(1, 1, 'n5ZWDukUrhMCveU8XhOnIMsEkzZbMMlo', 1, '0000-00-00 00:00:00', '0000-00-00 00:00:00', '0000-00-00 00:00:00'),
(11, 11, 'YDcFQUMXVPZYcPIOlxveufmGZlw1Yo3w', 1, '2019-07-03 06:39:37', '2019-07-03 06:39:37', '2019-07-03 06:39:37'),
(32, 32, 'zlM8Cb9DAedoNv454MDHPcYZYR21Ej0G', 1, '2019-09-10 02:32:40', '2019-09-10 02:32:40', '2019-09-10 02:32:40'),
(34, 34, 'xCCaxZrxY2boSVVbZKAIj1u4L3xNUhPu', 1, '2019-09-10 14:50:13', '2019-09-10 14:50:13', '2019-09-10 14:50:13'),
(40, 41, '2T28u1XlyvuS0YVQdq46WN6o42CVhlon', 1, '2019-09-16 01:53:15', '2019-09-16 01:53:15', '2019-09-16 01:53:15'),
(41, 42, 'YttBYLTbzsPdIYUkwgTr8wGSBc1fviIZ', 1, '2019-09-16 01:57:09', '2019-09-16 01:57:09', '2019-09-16 01:57:09'),
(42, 43, 'MpgkaNF3k9fKtQeUyJX8m6h05wmmC1Mj', 1, '2019-09-16 02:44:44', '2019-09-16 02:44:44', '2019-09-16 02:44:44'),
(43, 44, 'BcEGErEDAYxGXtmTLl8326kRHZfaWEWF', 1, '2019-09-16 11:26:53', '2019-09-16 11:26:53', '2019-09-16 11:26:53'),
(44, 45, 'XGw9UBZnehNjx3zEmBf24DpQj3nBU2VG', 1, '2019-10-22 11:04:36', '2019-10-22 11:04:36', '2019-10-22 11:04:36'),
(45, 46, 'aogmdNZzjGTX4bYvPrTPmm6v2bdIVOU9', 1, '2019-10-29 18:30:14', '2019-10-29 18:30:14', '2019-10-29 18:30:14'),
(46, 47, 'FgbOyF2JdBzwgD61hNehNi1tH99K8B8G', 1, '2019-11-04 15:19:03', '2019-11-04 15:19:03', '2019-11-04 15:19:03'),
(47, 48, '6ZtTPNV3qCHXrWWCBE4rqIYzEvMLeDW7', 1, '2019-11-05 12:50:01', '2019-11-05 12:50:01', '2019-11-05 12:50:01'),
(48, 49, 'GBh9dvrdmeAWyr09MNO0hqsIQLFwB7Cv', 1, '2019-11-05 18:32:04', '2019-11-05 18:32:04', '2019-11-05 18:32:04'),
(49, 50, 'FNwRkNELovCivtdASnnHId8ZjTa5WhVB', 1, '2019-11-06 08:23:44', '2019-11-06 08:23:44', '2019-11-06 08:23:44'),
(50, 51, '7sVu6524I1oKiFPH9KEPrJjFVtI846yC', 1, '2019-11-08 15:36:54', '2019-11-08 15:36:54', '2019-11-08 15:36:54'),
(51, 52, 'XNSDcZbw0OBuLqsEffPSNkjbkeTWRRzG', 1, '2019-11-11 08:06:44', '2019-11-11 08:06:44', '2019-11-11 08:06:44'),
(52, 53, 'lnRc3MyyKMGBg7ygQse4XPI7Nmcv9GTK', 1, '2019-11-17 12:21:35', '2019-11-17 12:21:35', '2019-11-17 12:21:35'),
(53, 54, 'YVuqiaJYuPNzpnJx5vF13XQIbmWSye9Y', 1, '2019-11-21 15:47:47', '2019-11-21 15:47:47', '2019-11-21 15:47:47'),
(54, 55, 'trLrgVYiSZ2NBXYAO2PulNAYtYAiBwD2', 1, '2019-12-12 14:35:00', '2019-12-12 14:35:00', '2019-12-12 14:35:00');

-- --------------------------------------------------------

--
-- Estructura de tabla para la tabla `bancos`
--

CREATE TABLE `bancos` (
  `id` int(10) UNSIGNED NOT NULL,
  `nombre` varchar(250) NOT NULL,
  `texto` text DEFAULT NULL,
  `created_at` timestamp NOT NULL DEFAULT '0000-00-00 00:00:00',
  `updated_at` timestamp NOT NULL DEFAULT '0000-00-00 00:00:00'
) ENGINE=InnoDB DEFAULT CHARSET=utf8mb4;

--
-- Volcado de datos para la tabla `bancos`
--

INSERT INTO `bancos` (`id`, `nombre`, `texto`, `created_at`, `updated_at`) VALUES
(1, 'PICHINCHA', NULL, '2019-08-27 07:38:01', '2019-08-27 07:38:01'),
(2, 'PACIFICO', NULL, '2019-08-27 07:38:35', '2019-08-27 08:35:38'),
(3, 'CACPECO', '\r\n', '2019-08-27 07:39:04', '2019-08-27 07:39:04'),
(4, 'PRODUBANCO', NULL, '2019-08-27 07:39:28', '2019-08-27 07:39:28');

-- --------------------------------------------------------

--
-- Estructura de tabla para la tabla `bancos_cuentas`
--

CREATE TABLE `bancos_cuentas` (
  `id` int(10) UNSIGNED NOT NULL,
  `nombre` varchar(200) NOT NULL,
  `banco_id` int(10) UNSIGNED NOT NULL,
  `empresa_id` int(10) UNSIGNED NOT NULL,
  `tipo_id` int(3) UNSIGNED NOT NULL COMMENT 'Tipo de cuenta, ahorro, corriente, etc',
  `numero` varchar(32) DEFAULT NULL,
  `saldo` decimal(14,4) NOT NULL DEFAULT 0.0000,
  `moneda_id` int(5) UNSIGNED NOT NULL,
  `descripcion` varchar(255) DEFAULT NULL,
  `created_at` timestamp NOT NULL DEFAULT '0000-00-00 00:00:00',
  `updated_at` timestamp NOT NULL DEFAULT '0000-00-00 00:00:00'
) ENGINE=InnoDB DEFAULT CHARSET=utf8mb4 ROW_FORMAT=COMPACT;

--
-- Volcado de datos para la tabla `bancos_cuentas`
--

INSERT INTO `bancos_cuentas` (`id`, `nombre`, `banco_id`, `empresa_id`, `tipo_id`, `numero`, `saldo`, `moneda_id`, `descripcion`, `created_at`, `updated_at`) VALUES
(1, 'Puntoagil S.A.', 2, 9, 2, '1042219302', '0.0000', 1, NULL, '2019-08-27 08:32:52', '2019-08-27 08:32:52'),
(2, 'Puntoagil S.A.', 1, 9, 2, '2201145860', '0.0000', 1, NULL, '2019-08-27 08:34:20', '2019-08-27 08:34:20'),
(3, 'Puntoagil S.A.', 3, 9, 2, '06010011656611', '0.0000', 1, NULL, '2019-08-27 08:35:03', '2019-08-27 08:35:03'),
(5, 'Matriz', 1, 18, 2, '123456789', '0.0000', 1, NULL, '2019-09-04 08:56:24', '2019-09-04 08:56:24'),
(6, 'Quito ', 2, 18, 1, '12036540', '0.0000', 1, NULL, '2019-09-06 12:49:41', '2019-09-06 12:49:41'),
(7, 'Pagos pichincha', 1, 19, 1, '56987412325', '0.0000', 1, NULL, '2019-09-16 02:38:43', '2019-09-16 02:38:43'),
(8, 'Oscar Pacifico', 2, 23, 2, '1054572371', '0.0000', 1, NULL, '2019-11-05 19:11:48', '2019-11-05 19:11:48'),
(9, 'Oscar Pichincha', 1, 23, 2, '2201620011', '0.0000', 1, NULL, '2019-11-05 20:03:22', '2019-11-05 20:03:22');

-- --------------------------------------------------------

--
-- Estructura de tabla para la tabla `banco_cuentas_tipo`
--

CREATE TABLE `banco_cuentas_tipo` (
  `id` int(3) UNSIGNED NOT NULL,
  `nombre` varchar(250) NOT NULL,
  `texto` text NOT NULL,
  `created_at` timestamp NOT NULL DEFAULT '0000-00-00 00:00:00',
  `updated_at` timestamp NOT NULL DEFAULT '0000-00-00 00:00:00'
) ENGINE=InnoDB DEFAULT CHARSET=utf8mb4;

--
-- Volcado de datos para la tabla `banco_cuentas_tipo`
--

INSERT INTO `banco_cuentas_tipo` (`id`, `nombre`, `texto`, `created_at`, `updated_at`) VALUES
(1, 'corriente', 'Cuenta corriente', '2019-08-27 00:00:00', '2019-08-27 00:00:00'),
(2, 'ahorro', 'Cuenta de ahorro', '2019-08-27 00:00:00', '2019-08-27 00:00:00');

-- --------------------------------------------------------

--
-- Estructura de tabla para la tabla `das_catalogo`
--

CREATE TABLE `das_catalogo` (
  `id` int(10) UNSIGNED NOT NULL,
  `titulo` varchar(100) NOT NULL,
  `texto` text DEFAULT NULL,
  `created_at` timestamp NULL DEFAULT NULL,
  `updated_at` timestamp NULL DEFAULT NULL
) ENGINE=InnoDB DEFAULT CHARSET=utf8mb4;

--
-- Volcado de datos para la tabla `das_catalogo`
--

INSERT INTO `das_catalogo` (`id`, `titulo`, `texto`, `created_at`, `updated_at`) VALUES
(1, 'GetH2HCountries', '[\"AF|Afganist\\u00e1n\",\"XP|Afganist\\u00e1n Base Militar US\",\"AL|Albania\",\"DE|Alemania\",\"QO|Alemania Base Militar US\",\"AD|Andorra\",\"AO|Angola\",\"AI|Anguila\",\"AG|Antigua y Barbuda\",\"SA|Arabia Saudi\",\"DZ|Argelia\",\"AR|Argentina\",\"AW|Aruba\",\"AU|Australia\",\"AT|Austria\",\"PS|Autoridad Palestina\",\"AZ|Azerbaiy\\u00e1n\",\"BS|Bahamas\",\"BD|Bangladesh\",\"BB|Barbados\",\"BH|Bar\\u00e9in\",\"XB|Bar\\u00e9in Base Militar US\",\"BE|B\\u00e9lgica\",\"QQ|B\\u00e9lgica Base Militar US\",\"BZ|B\\u00e9lice\",\"BJ|Benin\",\"BM|Bermudas\",\"BY|Bielorrusia\",\"BO|Bolivia\",\"BA|Bosnia-Herzegovina\",\"BW|Botsuana\",\"BR|Brasil\",\"BN|Brunei Darussalam\",\"BG|Bulgaria\",\"BF|Burkina Faso\",\"BI|Burundi\",\"BT|But\\u00e1n\",\"CV|Cabo Verde\",\"KH|Camboya\",\"CM|Camer\\u00fan\",\"CA|Canad\\u00e1\",\"TD|Chad\",\"CL|Chile\",\"CN|China\",\"CY|Chipre\",\"CO|Colombia\",\"KM|Comoras\",\"CD|Congo, Republica Democr\\u00e1tica\",\"CG|Congo-Brazzaville\",\"QN|Corea Base Militar US\",\"CI|Costa de Marfil\",\"CR|Costa Rica\",\"HR|Croacia\",\"CU|Cuba\",\"QS|Cuba Base Militar US\",\"AN|Curacao\",\"DK|Dinamarca\",\"DM|Dominica\",\"XE|EAU Base Militar US\",\"EC|Ecuador\",\"EG|Egipto\",\"SV|El Salvador\",\"AE|Emiratos \\u00c1rabes Unidos\",\"ER|Eritrea\",\"XS|Escocia\",\"SK|Eslovaquia\",\"SI|Eslovenia\",\"ES|Espa\\u00f1a\",\"AB|Espa\\u00f1a Base Militar US\",\"US|Estados Unidos\",\"EE|Estonia\",\"ET|Etiop\\u00eda\",\"RU|Federaci\\u00f3n Rusa\",\"FJ|Fiji\",\"PH|Filipinas\",\"FI|Finlandia\",\"FR|Francia\",\"GA|Gab\\u00f3n\",\"XR|Gales\",\"GM|Gambia\",\"GE|Georgia\",\"GH|Ghana\",\"GI|Gibraltar\",\"GD|Granada\",\"GR|Grecia\",\"QZ|Grecia Base Militar US\",\"GP|Guadalupe\",\"GU|Guam\",\"XY|Guam Base Militar US\",\"GT|Guatemala\",\"GF|Guayana Francesa\",\"GN|Guinea\",\"GQ|Guinea Ecuatorial\",\"GW|Guinea-Bissau\",\"GY|Guyana\",\"HT|Hait\\u00ed\",\"HN|Honduras\",\"QR|Honduras Base Militar US\",\"HK|Hong Kong\",\"HU|Hungr\\u00eda\",\"IN|India\",\"ID|Indonesia\",\"XQ|Inglaterra\",\"IQ|Irak\",\"QX|Irak Base Militar US\",\"IE|Irlanda\",\"XZ|Irlanda del Norte\",\"RE|Isla Reuni\\u00f3n\",\"IS|Islandia\",\"KY|Islas Caim\\u00e1n\",\"CK|Islas Cook\",\"FK|Islas Malvinas\",\"MP|Islas Marianas del Norte\",\"MH|Islas Marshall\",\"SB|Islas Salom\\u00f3n\",\"TC|Islas Turcas y Caicos\",\"VG|Islas V\\u00edrgenes (Brit\",\"VI|Islas V\\u00edrgenes (EE.UU.)\",\"IL|Israel\",\"IT|Italia\",\"QP|Italia Base Militar US\",\"JM|Jamaica\",\"JP|Jap\\u00f3n\",\"QM|Jap\\u00f3n Base Militar US\",\"JO|Jordania\",\"KZ|Kazajst\\u00e1n\",\"KE|Kenia\",\"KG|Kirguist\\u00e1n\",\"KI|Kiribati\",\"K1|Kosovo\",\"XF|Kosovo Base Militar US\",\"KW|Kuwait\",\"QU|Kuwait Base Militar US\",\"LA|Laos\",\"LS|Lesotho\",\"LV|Letonia\",\"LB|L\\u00edbano\",\"LR|Liberia\",\"LY|Libia\",\"LI|Liechtenstein\",\"LT|Lituania\",\"LU|Luxemburgo\",\"MO|Macao\",\"MK|Macedonia\",\"MG|Madagascar\",\"MY|Malasia\",\"MW|Malawi\",\"MV|Maldivas\",\"ML|Mali\",\"MT|Malta\",\"MA|Marruecos\",\"MQ|Martinica\",\"MU|Mauricio\",\"MR|Mauritania\",\"YT|Mayotte\",\"MX|M\\u00e9xico\",\"FM|Micronesia\",\"MC|M\\u00f3naco\",\"MN|Mongolia\",\"ME|Montenegro\",\"MS|Montserrat\",\"MZ|Mozambique\",\"MM|Myanmar\",\"NA|Namibia\",\"NR|Nauru\",\"NP|Nepal\",\"NI|Nicaragua\",\"NE|N\\u00edger\",\"NG|Nigeria\",\"NU|Niue\",\"NO|Noruega\",\"NZ|Nueva Zelanda\",\"OM|Om\\u00e1n\",\"NL|Pa\\u00edses Bajos\",\"QT|Pa\\u00edses Bajos Base Militar US\",\"PK|Pakist\\u00e1n\",\"PW|Palau\",\"PA|Panam\\u00e1\",\"PG|Papua Nueva Guinea\",\"PY|Paraguay\",\"PE|Per\\u00fa\",\"PL|Polonia\",\"PT|Portugal\",\"XT|Portugal Base Militar US\",\"PR|Puerto Rico\",\"QA|Qatar\",\"QY|Qatar Base Militar US\",\"GB|Reino Unido\",\"QW|Reino Unido Base Militar US\",\"CF|Rep\\u00fablica Centroafricana\",\"CZ|Rep\\u00fablica Checa\",\"KR|Rep\\u00fablica de Corea\",\"MD|Rep\\u00fablica de Moldavia\",\"C2|Rep\\u00fablica del Norte de Chipre\",\"DO|Rep\\u00fablica Dominicana\",\"TZ|Rep\\u00fablica Unida de Tanzania\",\"XW|Rota, CIMN\",\"RW|Ruanda\",\"RO|Rumania\",\"XU|Saipan, CIMN\",\"WS|Samoa\",\"AS|Samoa Norteamericana\",\"BL|San Bartolom\\u00e9\",\"KN|San Crist\\u00f3bal y Nieves\",\"S1|San Maarten\",\"MF|San Martin\",\"VC|San Vicente y las Granadinas\",\"LC|Santa Luc\\u00eda\",\"XD|Santo Tomas\",\"ST|Santo Tom\\u00e9 y Pr\",\"SN|Senegal\",\"YU|Serbia\",\"SC|Seychelles\",\"SL|Sierra Leona\",\"SG|Singapur\",\"SY|Siria\",\"XA|Somalilandia\",\"LK|Sri Lanka\",\"ZA|Sud\\u00e1frica\",\"SD|Sud\\u00e1n\",\"SS|Sud\\u00e1n del Sur\",\"SE|Suecia\",\"CH|Suiza\",\"SR|Surin\\u00e1me\",\"SZ|Swazilandia\",\"TH|Tailandia\",\"TW|Taiw\\u00e1n\",\"TJ|Tayikist\\u00e1n\",\"TP|Timor-Leste\",\"XV|Tinian, CIMN\",\"TG|Togo\",\"TO|Tonga\",\"TT|Trinidad y Tobago\",\"TN|T\\u00fanez\",\"TM|Turkmenistan\",\"TR|Turqu\\u00eda\",\"XN|Turqu\\u00eda Base Militar US\",\"TV|Tuvalu\",\"UA|Ucrania\",\"UG|Uganda\",\"UY|Uruguay\",\"UZ|Uzbequist\\u00e1n\",\"VU|Vanuatu\",\"VE|Venezuela\",\"VN|Vietnam\",\"YE|Yemen\",\"DJ|Yibuti\",\"QV|Yibuti Base Militar US\",\"ZM|Zambia\",\"ZW|Zimbabwe\"]', '2020-01-10 08:15:34', '2020-02-19 08:15:34'),
(2, 'GetH2HStates', '[\"US|AL|Alabama|\",\"US|AK|Alaska|\",\"US|AZ|Arizona|\",\"US|AR|Arkansas|\",\"US|CA|California|\",\"US|NC|Carolina del Norte|\",\"US|SC|Carolina del Sur|\",\"US|CO|Colorado|\",\"US|CT|Connecticut|\",\"US|ND|Dakota del Norte|\",\"US|SD|Dakota del Sur|\",\"US|DE|Delaware|\",\"US|DC|Distrito de Columbia|\",\"US|FL|Florida|\",\"US|GA|Georgia|\",\"US|HI|Hawaii|\",\"US|ID|Idaho|\",\"US|IL|Illinois|\",\"US|IN|Indiana|\",\"US|IA|Iowa|\",\"US|VI|Islas V\\u00edrgenes|\",\"US|KS|Kansas|\",\"US|KY|Kentucky|\",\"US|LA|Louisiana|\",\"US|ME|Maine|\",\"US|MD|Maryland|\",\"US|MA|Massachusetts|\",\"US|MI|Michigan|\",\"US|MN|Minesota|\",\"US|MS|Misisipi|\",\"US|MO|Misuri|\",\"US|MT|Montana|\",\"US|NE|Nebraska|\",\"US|NV|Nevada|\",\"US|NH|Nueva Hampshire|\",\"US|NJ|Nueva Jersey|\",\"US|NY|Nueva York|\",\"US|NM|Nuevo Mexico|\",\"US|OH|Ohio|\",\"US|OK|Oklahoma|\",\"US|OR|Oregon|\",\"US|PA|Pensilvania|\",\"US|PR|Puerto Rico|\",\"US|RI|Rhode Island|\",\"US|TN|Tennessee|\",\"US|TX|Texas|\",\"US|AA|Tropas De EE.UU. en El Atlantico|\",\"US|AE|Tropas De EE.UU. en Europa|\",\"US|AP|Tropas de EE.UU. en Pacifico|\",\"US|UT|Utah|\",\"US|VT|Vermont|\",\"US|VA|Virginia|\",\"US|WV|Virginia Occidental|\",\"US|WA|Washington|\",\"US|WI|Wisconsin|\",\"US|WY|Wyoming|\",\"MX|AGS|AGUASCALIENTES|\",\"MX|BCN|BAJA CALIFORNIA NORTE|\",\"MX|BCS|BAJA CALIFORNIA SUR|\",\"MX|CAMP|CAMPECHE|\",\"MX|CHIH|CHIHUAHUA|\",\"MX|CHIS|CHIAPAS|\",\"MX|COAH|COAHUILA|\",\"MX|COL|COLIMA|\",\"MX|DF|DISTRITO FEDERAL|\",\"MX|DGO|DURANGO|\",\"MX|GRO|GUERRERO|\",\"MX|GTO|GUANAJUATO|\",\"MX|HGO|HIDALGO|\",\"MX|JAL|JALISCO|\",\"MX|MEX|ESTADO DE MEXICO|\",\"MX|MICH|MICHOACAN|\",\"MX|MOR|MORELOS|\",\"MX|NAY|NAYARIT|\",\"MX|NL|NUEVO LEON|\",\"MX|OAX|OAXACA|\",\"MX|PUE|PUEBLA|\",\"MX|QRO|QUERETARO|\",\"MX|QROO|QUINTANA ROO|\",\"MX|SIN|SINALOA|\",\"MX|SLP|SAN LUIS POTOSI|\",\"MX|SON|SONORA|\",\"MX|TAB|TABASCO|\",\"MX|TAMPS|TAMAULIPAS|\",\"MX|TLAX|TLAXCALA|\",\"MX|VER|VERACRUZ|\",\"MX|YUC|YUCATAN|\",\"MX|ZAC|ZACATECAS|\",\"EC|AZ|AZUAY|01\",\"EC|BO|BOLIVAR|02\",\"EC|CA|CARCHI|04\",\"EC|CH|CHIMBORAZO|06\",\"EC|CO|COTOPAXI|05\",\"EC|CR|CA\\u00d1AR|03\",\"EC|EO|EL ORO|07\",\"EC|ES|ESMERALDAS|08\",\"EC|GA|GALAPAGOS|20\",\"EC|GU|GUAYAS|09\",\"EC|IM|IMBABURA|10\",\"EC|LO|LOJA|11\",\"EC|LR|LOS RIOS|12\",\"EC|MA|MANABI|13\",\"EC|MS|MORONA SANTIAGO|14\",\"EC|NA|NAPO|15\",\"EC|OR|ORELLANA|22\",\"EC|PA|PASTAZA|16\",\"EC|PI|PICHINCHA|17\",\"EC|SD|SANTO DOMINGO|23\",\"EC|ST|SANTA ELENA|24\",\"EC|SU|SUCUMBIOS|21\",\"EC|SW|SWITCH|\",\"EC|TU|TUNGURAHUA|18\",\"EC|ZC|ZAMORA CHINCHIPE|19\"]', '2020-01-10 08:15:36', '2020-02-19 08:15:36');
INSERT INTO `das_catalogo` (`id`, `titulo`, `texto`, `created_at`, `updated_at`) VALUES
(3, 'GetH2HCities', '[\"1|EC|AZ|CUENCA|1\",\"2|EC|AZ|GIRON|0\",\"3|EC|AZ|GUALACEO|0\",\"4|EC|AZ|NABON|0\",\"5|EC|AZ|PAUTE|0\",\"6|EC|AZ|PUCARA|0\",\"7|EC|AZ|SAN FERNANDO|0\",\"8|EC|AZ|SANTA ISABEL|0\",\"9|EC|AZ|SIGSIG|0\",\"10|EC|AZ|O\\u00d1A|0\",\"11|EC|AZ|CHORDELEG|0\",\"12|EC|AZ|EL PAN|0\",\"13|EC|AZ|SEVILLA DE ORO|0\",\"14|EC|AZ|GUACHAPALA|0\",\"15|EC|AZ|CAMILO PONCE ENRIQUEZ|0\",\"16|EC|BO|GUARANDA|1\",\"17|EC|BO|CHILLANES|0\",\"18|EC|BO|CHIMBO|0\",\"19|EC|BO|ECHEANDIA|0\",\"20|EC|BO|SAN MIGUEL|0\",\"21|EC|BO|CALUMA|0\",\"22|EC|BO|LAS NAVES|0\",\"23|EC|CR|AZOGUES|1\",\"24|EC|CR|BIBLIAN|0\",\"25|EC|CR|CA\\u00d1AR|0\",\"26|EC|CR|LA TRONCAL|0\",\"27|EC|CR|EL TAMBO|0\",\"28|EC|CR|DELEG|0\",\"29|EC|CR|SUSCAL|0\",\"30|EC|CA|TULCAN|1\",\"31|EC|CA|BOLIVAR|0\",\"32|EC|CA|ESPEJO|0\",\"33|EC|CA|MIRA|0\",\"34|EC|CA|MONTUFAR|0\",\"35|EC|CA|SAN PEDRO DE HUACA|0\",\"36|EC|CO|LATACUNGA|1\",\"37|EC|CO|LA MANA|0\",\"38|EC|CO|PANGUA|0\",\"39|EC|CO|PUJILI|0\",\"40|EC|CO|SALCEDO|0\",\"41|EC|CO|SAQUISILI|0\",\"42|EC|CO|SIGCHOS|0\",\"43|EC|CH|RIOBAMBA|1\",\"44|EC|CH|ALAUSI|0\",\"45|EC|CH|COLTA|0\",\"46|EC|CH|CHAMBO|0\",\"47|EC|CH|CHUNCHI|0\",\"48|EC|CH|GUAMOTE|0\",\"49|EC|CH|GUANO|0\",\"50|EC|CH|PALLATANGA|0\",\"51|EC|CH|PENIPE|0\",\"52|EC|CH|CUMANDA|0\",\"53|EC|EO|MACHALA|1\",\"54|EC|EO|ARENILLAS|0\",\"55|EC|EO|ATAHUALPA|0\",\"56|EC|EO|BALSAS|0\",\"57|EC|EO|CHILLA|0\",\"58|EC|EO|EL GUABO|0\",\"59|EC|EO|HUAQUILLAS|0\",\"60|EC|EO|MARCABELI|0\",\"61|EC|EO|PASAJE|0\",\"62|EC|EO|PI\\u00d1AS|0\",\"63|EC|EO|PORTOVELO|0\",\"64|EC|EO|SANTA ROSA|0\",\"65|EC|EO|ZARUMA|0\",\"66|EC|EO|LAS LAJAS|0\",\"67|EC|ES|ESMERALDAS|1\",\"68|EC|ES|ELOY ALFARO|0\",\"69|EC|ES|MUISNE|0\",\"70|EC|ES|QUININDE|0\",\"71|EC|ES|SAN LORENZO|0\",\"72|EC|ES|ATACAMES|0\",\"73|EC|ES|RIOVERDE|0\",\"74|EC|GU|GUAYAQUIL|1\",\"75|EC|GU|ALFREDO BAQUERIZO MORENO|0\",\"76|EC|GU|BALAO|0\",\"77|EC|GU|BALZAR|0\",\"78|EC|GU|COLIMES|0\",\"79|EC|GU|DAULE|0\",\"80|EC|GU|DURAN|0\",\"81|EC|GU|EL EMPALME|0\",\"82|EC|GU|EL TRIUNFO|0\",\"83|EC|GU|MILAGRO|0\",\"84|EC|GU|NARANJAL|0\",\"85|EC|GU|NARANJITO|0\",\"86|EC|GU|PALESTINA|0\",\"87|EC|GU|PEDRO CARBO|0\",\"88|EC|GU|SALINAS|0\",\"89|EC|GU|SAMBORONDON|0\",\"90|EC|GU|SANTA ELENA|0\",\"91|EC|GU|SANTA LUCIA|0\",\"92|EC|GU|SALITRE|0\",\"93|EC|GU|SAN JACINTO DE YAGUACHI|0\",\"94|EC|GU|PLAYAS|0\",\"95|EC|GU|SIMON BOLIVAR|0\",\"96|EC|GU|CORONEL MARCELINO MARIDUE\\u00d1A|0\",\"97|EC|GU|LOMAS DE SARGENTILLO|0\",\"98|EC|GU|NOBOL|0\",\"99|EC|GU|LA LIBERTAD|0\",\"100|EC|GU|GENERAL ANTONIO ELIZALDE|0\",\"101|EC|GU|ISIDRO AYORA|0\",\"102|EC|IM|IBARRA|1\",\"103|EC|IM|ANTONIO ANTE|0\",\"104|EC|IM|COTACACHI|0\",\"105|EC|IM|OTAVALO|0\",\"106|EC|IM|PIMAMPIRO|0\",\"107|EC|IM|SAN MIGUEL DE URCUQUI|0\",\"108|EC|LO|LOJA|1\",\"109|EC|LO|CALVAS|0\",\"110|EC|LO|CATAMAYO|0\",\"111|EC|LO|CELICA|0\",\"112|EC|LO|CHAGUARPAMBA|0\",\"113|EC|LO|ESPINDOLA|0\",\"114|EC|LO|GONZANAMA|0\",\"115|EC|LO|MACARA|0\",\"116|EC|LO|PALTAS|0\",\"117|EC|LO|PUYANGO|0\",\"118|EC|LO|SARAGURO|0\",\"119|EC|LO|SOZORANGA|0\",\"120|EC|LO|ZAPOTILLO|0\",\"121|EC|LO|PINDAL|0\",\"122|EC|LO|QUILANGA|0\",\"123|EC|LO|OLMEDO|0\",\"124|EC|LR|BABAHOYO|1\",\"125|EC|LR|BABA|0\",\"126|EC|LR|MONTALVO|0\",\"127|EC|LR|PUEBLOVIEJO|0\",\"128|EC|LR|QUEVEDO|0\",\"129|EC|LR|URDANETA|0\",\"130|EC|LR|VENTANAS|0\",\"131|EC|LR|VINCES|0\",\"132|EC|LR|PALENQUE|0\",\"133|EC|LR|BUENA FE|0\",\"134|EC|LR|VALENCIA|0\",\"135|EC|LR|MOCACHE|0\",\"136|EC|MA|PORTOVIEJO|1\",\"137|EC|MA|BOLIVAR|0\",\"138|EC|MA|CHONE|0\",\"139|EC|MA|EL CARMEN|0\",\"140|EC|MA|FLAVIO ALFARO|0\",\"141|EC|MA|JIPIJAPA|0\",\"142|EC|MA|JUNIN|0\",\"143|EC|MA|MANTA|0\",\"144|EC|MA|MONTECRISTI|0\",\"145|EC|MA|PAJAN|0\",\"146|EC|MA|PICHINCHA|0\",\"147|EC|MA|ROCAFUERTE|0\",\"148|EC|MA|SANTA ANA|0\",\"149|EC|MA|SUCRE|0\",\"150|EC|MA|TOSAGUA|0\",\"151|EC|MA|24 DE MAYO|0\",\"152|EC|MA|PEDERNALES|0\",\"153|EC|MA|OLMEDO|0\",\"154|EC|MA|PUERTO LOPEZ|0\",\"155|EC|MA|JAMA|0\",\"156|EC|MA|JARAMIJO|0\",\"157|EC|MA|SAN VICENTE|0\",\"158|EC|MS|MORONA|1\",\"159|EC|MS|GUALAQUIZA|0\",\"160|EC|MS|LIMON INDANZA|0\",\"161|EC|MS|PALORA|0\",\"162|EC|MS|SANTIAGO|0\",\"163|EC|MS|SUCUA|0\",\"164|EC|MS|HUAMBOYA|0\",\"165|EC|MS|SAN JUAN BOSCO|0\",\"166|EC|MS|TAISHA|0\",\"167|EC|MS|LOGRO\\u00d1O|0\",\"168|EC|MS|PABLO SEXTO|0\",\"169|EC|MS|TIWINTZA|0\",\"170|EC|NA|TENA|1\",\"171|EC|NA|ARCHIDONA|0\",\"172|EC|NA|EL CHACO|0\",\"173|EC|NA|QUIJOS|0\",\"174|EC|NA|CARLOS JULIO AROSEMENA TOLA|0\",\"175|EC|PA|PUYO|1\",\"176|EC|PA|MERA|0\",\"177|EC|PA|SANTA CLARA|0\",\"178|EC|PA|ARAJUNO|0\",\"179|EC|PI|QUITO|1\",\"180|EC|PI|CAYAMBE|0\",\"181|EC|PI|MEJIA|0\",\"182|EC|PI|PEDRO MONCAYO|0\",\"183|EC|PI|RUMI\\u00d1AHUI|0\",\"184|EC|PI|SANTO DOMINGO DE LOS COLORADOS|0\",\"185|EC|PI|SAN MIGUEL DE LOS BANCOS|0\",\"186|EC|PI|PEDRO VICENTE MALDONADO|0\",\"187|EC|PI|PUERTO QUITO|0\",\"188|EC|TU|AMBATO|1\",\"189|EC|TU|BA\\u00d1OS DE AGUA SANTA|0\",\"190|EC|TU|CEVALLOS|0\",\"191|EC|TU|MOCHA|0\",\"192|EC|TU|PATATE|0\",\"193|EC|TU|QUERO|0\",\"194|EC|TU|SAN PEDRO DE PELILEO|0\",\"195|EC|TU|SANTIAGO DE PILLARO|0\",\"196|EC|TU|TISALEO|0\",\"197|EC|ZC|ZAMORA|1\",\"198|EC|ZC|CHINCHIPE|0\",\"199|EC|ZC|NANGARITZA|0\",\"200|EC|ZC|YACUAMBI|0\",\"201|EC|ZC|YANTZAZA|0\",\"202|EC|ZC|EL PANGUI|0\",\"203|EC|ZC|CENTINELA DEL CONDOR|0\",\"204|EC|ZC|PALANDA|0\",\"205|EC|ZC|PAQUISHA|0\",\"206|EC|GA|SAN CRISTOBAL|1\",\"207|EC|GA|ISABELA|0\",\"208|EC|GA|SANTA CRUZ|0\",\"209|EC|SU|LAGO AGRIO|1\",\"210|EC|SU|GONZALO PIZARRO|0\",\"211|EC|SU|PUTUMAYO|0\",\"212|EC|SU|SHUSHUFINDI|0\",\"213|EC|SU|SUCUMBIOS|0\",\"214|EC|SU|CASCALES|0\",\"215|EC|SU|CUYABENO|0\",\"216|EC|OR|ORELLANA|1\",\"217|EC|OR|AGUARICO|0\",\"218|EC|OR|LA JOYA DE LOS SACHAS|0\",\"219|EC|OR|LORETO|0\",\"249|EC|MA|BAHIA DE CARAQUEZ|0\",\"250|EC|GU|BUCAY|0\",\"251|EC|MS|MACAS|0\",\"254|EC|GA|PUERTO AYORA|0\",\"255|EC|GU|MONTA\\u00d1ITA|0\",\"256|EC|MA|CALCETA|0\",\"262|EC|OR|COCA|0\",\"264|EC|LR|SAN CAMILO|0\",\"265|EC|MS|MENDEZ|0\",\"266|EC|PI|SANGOLQUI|0\",\"267|EC|LO|VILCABAMBA|0\",\"268|EC|IM|ATUNTAQUI|0\",\"269|EC|PI|LA CONCORDIA|0\",\"270|EC|CA|SAN GABRIEL|0\",\"271|EC|LO|CARIAMANGA|0\",\"272|EC|SU|NUEVA LOJA|0\",\"273|EC|PI|SAN ANTONIO|0\",\"274|EC|CA|JULIO ANDRADE|0\",\"275|EC|ST|SANTA ELENA|1\",\"276|EC|ST|LA LIBERTAD|0\",\"277|EC|ST|SALINAS|0\",\"278|EC|SD|SANTO DOMINGO|0\",\"279|EC|CO|QUINSALOMA|0\",\"280|EC|TU|PILLARO|0\",\"281|EC|TU|PELILEO|0\",\"282|EC|CH|HUIGRA|0\",\"284|EC|TU|QUISAPINCHA|0\",\"285|EC|PI|GUAYLLABAMBA|0\",\"286|EC|PI|TABACUNDO|0\",\"287|EC|PI|YARUQUI|0\",\"289|EC|ST|MONTA\\u00d1ITA|0\",\"290|EC|GU|YAGUACHI|0\",\"291|EC|ST|OLON|0\",\"292|EC|AZ|JIMA|0\",\"293|EC|MA|MACHALILLA|0\",\"294|EC|ST|MANGLARALTO|0\",\"295|EC|CR|COCHANCAY|0\",\"296|EC|MA|SAN SEBASTIAN|0\",\"297|EC|SD|LA CONCORDIA|0\",\"298|EC|PA|SHELL|0\",\"299|EC|LR|RICAURTE|0\",\"300|EC|GU|POSORJA|0\",\"301|EC|ES|LA CONCORDIA|0\",\"302|EC|LR|SAN CARLOS|0\",\"303|EC|CO|MORASPUNGO|0\",\"304|EC|MA|CALDERON|0\",\"305|EC|AZ|SHONDELEG|0\",\"306|EC|ST|BALLENITA|0\",\"307|EC|AZ|EL VALLE|0\",\"308|EC|LR|CATARAMA|0\",\"309|EC|GU|TRES POSTES|0\",\"310|EC|SD|ALLURIQUIN|0\",\"311|EC|ST|SANTA ROSA|0\",\"312|EC|AZ|LA UNION|0\",\"313|EC|LR|PATRICIA PILAR|0\",\"314|EC|MA|CHARAPOTO|0\",\"315|EC|MA|SAN CLEMENTE|0\",\"316|EC|GU|VIRGEN DE FATIMA|0\",\"317|EC|ES|GOLONDRINAS|0\",\"318|EC|AZ|CUMBE|0\",\"319|EC|AZ|CHUMBLIN|0\",\"320|EC|AZ|MIRA|0\",\"321|EC|AZ|COCA|0\",\"322|EC|AZ|LATACUNGA|0\",\"323|EC|AZ|LAGO AGRIO|0\",\"324|EC|AZ|GUAYAQUIL|0\",\"326|EC|AZ|SAN GERARDO|0\",\"327|MX|GTO|ABASOLO|0\",\"328|MX|TAMPS|ABASOLO|0\",\"329|MX|VER|ABASOLO DEL VALLE|0\",\"330|MX|PUE|ACAJETE|0\",\"331|MX|VER|ACAJETE|0\",\"332|MX|CHIS|ACALA|0\",\"333|MX|GTO|ACAMBARO|0\",\"334|MX|MEX|ACAMBAY|0\",\"335|MX|YUC|ACANCEH|0\",\"336|MX|CHIS|ACAPETAHUA|0\",\"337|MX|NAY|ACAPONETA|0\",\"338|MX|GRO|ACAPULCO|0\",\"339|MX|GRO|ACATEPEC|0\",\"340|MX|JAL|ACATIC|0\",\"341|MX|HGO|ACATLAN|0\",\"342|MX|JAL|ACATLAN DE JUAREZ|0\",\"343|MX|PUE|ACATLAN DE OSORIO|0\",\"344|MX|OAX|ACATLAN DE PEREZ FIGUEROA|0\",\"345|MX|PUE|ACATZINGO|0\",\"346|MX|HGO|ACAXOCHITLAN|0\",\"347|MX|PUE|ACAXTLAHUACAN DE ALBINO Z|0\",\"348|MX|VER|ACAYUCAN|0\",\"349|MX|MEX|ACOLMAN|0\",\"350|MX|SON|ACONCHI|0\",\"351|MX|HGO|ACTOPAN|0\",\"352|MX|VER|ACTOPAN|0\",\"353|MX|TLAX|ACUAMANALA DE MIGUEL HIDALGO|0\",\"354|MX|MICH|ACUITZIO DEL CANJE|0\",\"355|MX|MEX|ACULCO DE ESPINOZA|0\",\"356|MX|QROO|ADOLFO DE LA HUERTA|0\",\"357|MX|SIN|ADOLFO RUIZ CORTINES|0\",\"358|MX|HGO|AGUA BLANCA|0\",\"359|MX|VER|AGUA DULCE|0\",\"360|MX|SON|AGUA PRIETA|0\",\"361|MX|SIN|AGUA VERDE|0\",\"362|MX|QRO|AGUA ZARCA|0\",\"363|MX|CAMP|AGUACATAL|0\",\"364|MX|NL|AGUALEGUAS|0\",\"365|MX|SIN|AGUARUTO|0\",\"366|MX|AGS|AGUASCALIENTES|0\",\"367|MX|MICH|AGUILILLA|0\",\"368|MX|SIN|AHOME|0\",\"369|MX|NAY|AHUACATLAN|0\",\"370|MX|QRO|AHUACATLAN DE GUADALUPE|0\",\"371|MX|GRO|AHUACUOTZINGO|0\",\"372|MX|SLP|AHUALULCO|0\",\"373|MX|JAL|AHUALULCO DE MERCADO|0\",\"374|MX|PUE|AHUAZOTEPEC|0\",\"375|MX|PUE|AJALPAN|0\",\"376|MX|JAL|AJIJIC|0\",\"377|MX|GRO|AJUCHITLAN DEL PROGRESO|0\",\"378|MX|YUC|AKIL|0\",\"379|MX|VER|ALAMO|0\",\"380|MX|SON|ALAMOS|0\",\"381|MX|SLP|ALAQUINES|0\",\"382|MX|GRO|ALCOZAUCA DE GUERRERO|0\",\"383|MX|CHIH|ALDAMA|0\",\"384|MX|TAMPS|ALDAMA|0\",\"385|MX|HGO|ALFAJAYUCAN|0\",\"386|MX|CAMP|ALFREDO V BONFIL|0\",\"387|MX|QROO|ALFREDO V BONFIL|0\",\"388|MX|SIN|ALHUEY|0\",\"389|MX|COAH|ALLENDE|0\",\"390|MX|NL|ALLENDE|0\",\"391|MX|VER|ALLENDE|0\",\"392|MX|MEX|ALMOLOYA DE ALQUISIRAS|0\",\"393|MX|MEX|ALMOLOYA DE JUAREZ|0\",\"394|MX|MEX|ALMOLOYA DEL RIO|0\",\"395|MX|GRO|ALPOYECA|0\",\"396|MX|MOR|ALPUYECA|0\",\"397|MX|TAMPS|ALTAMIRA|0\",\"398|MX|CHIS|ALTAMIRANO|0\",\"399|MX|SON|ALTAR|0\",\"400|MX|VER|ALTO LUCERO|0\",\"401|MX|VER|ALTOTONGA|0\",\"402|MX|VER|ALVARADO|0\",\"403|MX|MICH|ALVARO OBREGON|0\",\"404|MX|MOR|AMACUZAC|0\",\"405|MX|MEX|AMANALCO DE BECERRA|0\",\"406|MX|CHIS|AMATAN|0\",\"407|MX|MEX|AMATEPEC|0\",\"408|MX|JAL|AMATITAN|0\",\"409|MX|VER|AMATITLAN|0\",\"410|MX|NAY|AMATLAN DE CANAS|0\",\"411|MX|VER|AMATLAN DE LOS REYES|0\",\"412|MX|QRO|AMEALCO DE BONFIL|0\",\"413|MX|JAL|AMECA|0\",\"414|MX|MEX|AMECAMECA|0\",\"415|MX|PUE|AMOZOC|0\",\"416|MX|NL|ANAHUAC|0\",\"417|MX|MICH|ANGAMACUTIRO|0\",\"418|MX|MICH|ANGANGUEO|0\",\"419|MX|CHIS|ANGEL ALBINO CORZO|0\",\"420|MX|VER|ANGEL R CABADA|0\",\"421|MX|SIN|ANGOSTURA|0\",\"422|MX|TAMPS|ANTIGUO MORELOS|0\",\"423|MX|VER|ANTON LIZARDO|0\",\"424|MX|HGO|APAN|0\",\"425|MX|GTO|APASEO EL ALTO|0\",\"426|MX|GTO|APASEO EL GRANDE|0\",\"427|MX|MICH|APATZINGAN|0\",\"428|MX|MEX|APAXCO|0\",\"429|MX|GRO|APAXTLA DE CASTREJON|0\",\"430|MX|TLAX|APETATITLAN DE A CARBAJAL|0\",\"431|MX|TLAX|APIZACO|0\",\"432|MX|NL|APODACA|0\",\"433|MX|CHIH|AQUILES SERDAN|0\",\"434|MX|SLP|AQUISMON|0\",\"435|MX|PUE|AQUIXTLA|0\",\"436|MX|NL|ARAMBERRI|0\",\"437|MX|JAL|ARANDAS|0\",\"438|MX|GRO|ARCELIA|0\",\"439|MX|JAL|ARENAL|0\",\"440|MX|MICH|ARIO DE ROSALES|0\",\"441|MX|SON|ARIZPE|0\",\"442|MX|COL|ARMERIA|0\",\"443|MX|CHIS|ARRIAGA|0\",\"444|MX|TAB|ARROYO HONDO ABEJONAL|0\",\"445|MX|QRO|ARROYO SECO|0\",\"446|MX|COAH|ARTEAGA|0\",\"447|MX|MICH|ARTEAGA|0\",\"448|MX|CHIH|ASCENSION|0\",\"449|MX|AGS|ASIENTOS|0\",\"450|MX|VER|ASTACINGA|0\",\"451|MX|OAX|ASUNCION ATOYAQUILLO|0\",\"452|MX|OAX|ASUNCION IXTALTEPEC|0\",\"453|MX|OAX|ASUNCION NOCHIXTLAN|0\",\"454|MX|GTO|ATARJEA|0\",\"455|MX|CAMP|ATASTA|0\",\"456|MX|PUE|ATEMPAN|0\",\"457|MX|PUE|ATENCINGO|0\",\"458|MX|JAL|ATENGO|0\",\"459|MX|JAL|ATENGUILLO|0\",\"460|MX|HGO|ATITALAQUIA|0\",\"461|MX|MEX|ATIZAPAN DE ZARAGOZA|0\",\"462|MX|MEX|ATLACOMULCO|0\",\"463|MX|VER|ATLAHUILCO|0\",\"464|MX|TLAX|ATLANGATEPEC|0\",\"465|MX|HGO|ATLAPEXCO|0\",\"466|MX|MOR|ATLATLAHUCAN|0\",\"467|MX|PUE|ATLIXCO|0\",\"468|MX|GRO|ATLIXTAC|0\",\"469|MX|ZAC|ATOLINGA|0\",\"470|MX|HGO|ATOTONILCO DE TULA|0\",\"471|MX|JAL|ATOTONILCO EL ALTO|0\",\"472|MX|HGO|ATOTONILCO EL GRANDE|0\",\"473|MX|JAL|ATOYAC|0\",\"474|MX|VER|ATOYAC|0\",\"475|MX|GRO|ATOYAC DE ALVAREZ|0\",\"476|MX|VER|ATZACAN|0\",\"477|MX|JAL|AUTLAN DE NAVARRO|0\",\"478|MX|MEX|AXAPUSCO|0\",\"479|MX|MOR|AXOCHIAPAN|0\",\"480|MX|SLP|AXTLA DE TERRAZAS|0\",\"481|MX|VER|AYAHUALULCO|0\",\"482|MX|OAX|AYOQUEZCO DE ALDAMA|0\",\"483|MX|JAL|AYOTITLAN|0\",\"484|MX|JAL|AYOTLAN|0\",\"485|MX|PUE|AYOTOXCO DE GUERRERO|0\",\"486|MX|OAX|AYOTZINTEPEC|0\",\"487|MX|JAL|AYUTLA|0\",\"488|MX|GRO|AYUTLA DE LOS LIBRES|0\",\"489|MX|GRO|AZOYU|0\",\"490|MX|YUC|BACA|0\",\"491|MX|SON|BACADEHUACHI|0\",\"492|MX|QROO|BACALAR|0\",\"493|MX|SON|BACOBAMPO|0\",\"494|MX|SON|BACUM|0\",\"495|MX|SIN|BADIRAGUATO|0\",\"496|MX|BCS|BAHIA ASUNCION|0\",\"497|MX|NAY|BAHIA DE BANDERAS|0\",\"498|MX|SON|BAHIA DE KINO|0\",\"499|MX|BCS|BAHIA TORTUGAS|0\",\"500|MX|TAB|BALANCAN|0\",\"501|MX|CHIH|BALLEZA|0\",\"502|MX|SON|BANAMICHI|0\",\"503|MX|VER|BANDERILLA|0\",\"504|MX|TAMPS|BARRETAL|0\",\"505|MX|OAX|BARRIO DE LA SOLEDAD|0\",\"506|MX|CHIH|BATOPILAS|0\",\"507|MX|CAMP|BECAL|0\",\"508|MX|CHIS|BENEMERITO DE LAS AMERICAS|0\",\"509|MX|GRO|BENITO JUAREZ|0\",\"510|MX|MICH|BENITO JUAREZ|0\",\"511|MX|QROO|BENITO JUAREZ|0\",\"512|MX|SON|BENITO JUAREZ|0\",\"513|MX|VER|BENITO JUAREZ|0\",\"514|MX|SIN|BENITO JUAREZ CAMPO GOBIERNO|0\",\"515|MX|TAB|BENITO JUAREZ SAN CARLOS|0\",\"516|MX|SON|BENJAMIN HILL|0\",\"517|MX|DGO|BERMEJILLO|0\",\"518|MX|CHIS|BERRIOZABAL|0\",\"519|MX|VER|BOCA DEL RIO|0\",\"520|MX|CHIS|BOCHIL|0\",\"521|MX|JAL|BOLANOS|0\",\"522|MX|CAMP|BOLONCHEN DE REJON|0\",\"523|MX|NAY|BUCERIAS|0\",\"524|MX|YUC|BUCTZOTZ|0\",\"525|MX|BCS|BUENAVISTA|0\",\"526|MX|GRO|BUENAVISTA DE CUELLAR|0\",\"527|MX|MICH|BUENAVISTA TOMATLAN|0\",\"528|MX|TAMPS|BURGOS|0\",\"529|MX|JAL|CABO CORRIENTES|0\",\"530|MX|BCS|CABO SAN LUCAS|0\",\"531|MX|SON|CABORCA|0\",\"532|MX|CHIS|CACAHOATAN|0\",\"533|MX|YUC|CACALCHEN|0\",\"534|MX|QRO|CADEREYTA|0\",\"535|MX|NL|CADEREYTA DE JIMENEZ|0\",\"536|MX|SON|CAJEME|0\",\"537|MX|SLP|CALABAZAS|0\",\"538|MX|CAMP|CALAKMUL|0\",\"539|MX|QROO|CALDERITAS|0\",\"540|MX|ZAC|CALERA DE VICTOR ROSALES|0\",\"541|MX|OAX|CALIHUALA|0\",\"542|MX|MEX|CALIMAYA DE DIAZ GONZALEZ|0\",\"543|MX|CAMP|CALKINI|0\",\"544|MX|HGO|CALNALI|0\",\"545|MX|TLAX|CALPULALPAN|0\",\"546|MX|AGS|CALVILLO|0\",\"547|MX|BCN|CAMALU|0\",\"548|MX|OAX|CAMOTINCHAN|0\",\"549|MX|COL|CAMOTLAN DE MIRAFLORES|0\",\"550|MX|CAMP|CAMPECHE|0\",\"551|MX|JAL|CAMPO ACOSTA|0\",\"552|MX|JAL|CANADAS DE OBREGON|0\",\"553|MX|SON|CANANEA|0\",\"554|MX|DGO|CANATLAN|0\",\"555|MX|QROO|CANCUN|0\",\"556|MX|COAH|CANDELA|0\",\"557|MX|CAMP|CANDELARIA|0\",\"558|MX|OAX|CANDELARIA LOXICHA|0\",\"559|MX|DGO|CANELAS|0\",\"560|MX|ZAC|CANITAS DE FELIPE PESCADOR|0\",\"561|MX|YUC|CANSAHCAB|0\",\"562|MX|MICH|CARACUARO DE MORELOS|0\",\"563|MX|SON|CARBO|0\",\"564|MX|SLP|CARDENAS|0\",\"565|MX|TAB|CARDENAS|0\",\"566|MX|VER|CARLOS A CARRILLO|0\",\"567|MX|JAL|CASIMIRO CASTILLO|0\",\"568|MX|COAH|CASTANOS|0\",\"569|MX|CHIS|CATAZAJA|0\",\"570|MX|VER|CATEMACO|0\",\"571|MX|YUC|CAUCEL|0\",\"572|MX|VER|CAZONES DE HERRERA|0\",\"573|MX|DGO|CEBALLOS|0\",\"574|MX|SLP|CEDRAL|0\",\"575|MX|GTO|CELAYA|0\",\"576|MX|YUC|CELESTUN|0\",\"577|MX|YUC|CENOTILLO|0\",\"578|MX|TAB|CENTLA|0\",\"579|MX|GTO|CERANO|0\",\"580|MX|NL|CERRALVO|0\",\"581|MX|SLP|CERRITOS|0\",\"582|MX|VER|CERRO AZUL|0\",\"583|MX|QRO|CERRO COLORADO|0\",\"584|MX|COL|CERRO DE ORTEGA|0\",\"585|MX|SIN|CEUTA|0\",\"586|MX|VER|CHACALTIANGUIS|0\",\"587|MX|OAX|CHAHUITES|0\",\"588|MX|OAX|CHALCATONGO DE HIDALGO|0\",\"589|MX|PUE|CHALCHICOMULA DE SESMA|0\",\"590|MX|ZAC|CHALCHIHUITES|0\",\"591|MX|MEX|CHALCO DE DIAZ COVARRUBIAS|0\",\"592|MX|CAMP|CHAMPOTON|0\",\"593|MX|MEX|CHAPA DE MOTA|0\",\"594|MX|JAL|CHAPALA|0\",\"595|MX|HGO|CHAPANTONGO|0\",\"596|MX|HGO|CHAPULHUACAN|0\",\"597|MX|MICH|CHARAPAN|0\",\"598|MX|SLP|CHARCAS|0\",\"599|MX|MICH|CHARO|0\",\"600|MX|MICH|CHAVINDA|0\",\"601|MX|YUC|CHEMAX|0\",\"602|MX|MICH|CHERAN|0\",\"603|MX|QROO|CHETUMAL|0\",\"604|MX|CHIS|CHIAPA DE CORZO|0\",\"605|MX|TLAX|CHIAUTEMPAN|0\",\"606|MX|MEX|CHIAUTLA|0\",\"607|MX|PUE|CHIAUTLA DE TAPIA|0\",\"608|MX|GRO|CHICHIHUALCO|0\",\"609|MX|QRO|CHICHIMEQUILLAS|0\",\"610|MX|MEX|CHICOLOAPAN DE JUAREZ|0\",\"611|MX|CHIS|CHICOMUSELO|0\",\"612|MX|MEX|CHICONCUAC|0\",\"613|MX|VER|CHICONTEPEC|0\",\"614|MX|YUC|CHICXULUB PUEBLO|0\",\"615|MX|PUE|CHIETLA|0\",\"616|MX|PUE|CHIGNAHUAPAN|0\",\"617|MX|CHIH|CHIHUAHUA|0\",\"618|MX|NAY|CHILAPA|0\",\"619|MX|GRO|CHILAPA DE ALVAREZ|0\",\"620|MX|MICH|CHILCHOTA|0\",\"621|MX|HGO|CHILCUAUTLA|0\",\"622|MX|CHIS|CHILON|0\",\"623|MX|GRO|CHILPANCINGO|0\",\"624|MX|MEX|CHIMALHUACAN|0\",\"625|MX|JAL|CHIMALTITAN|0\",\"626|MX|NL|CHINA|0\",\"627|MX|MOR|CHINAMECA|0\",\"628|MX|VER|CHINAMECA|0\",\"629|MX|PUE|CHINANTLA|0\",\"630|MX|CHIH|CHINIPAS DE ALMADA|0\",\"631|MX|JAL|CHIQUILISTLAN|0\",\"632|MX|VER|CHOCAMAN|0\",\"633|MX|YUC|CHOCHOLA|0\",\"634|MX|SIN|CHOIX|0\",\"635|MX|PUE|CHOLULA|0\",\"636|MX|YUC|CHUBURNA PUERTO|0\",\"637|MX|MICH|CHUCANDIRO|0\",\"638|MX|QROO|CHUNHUHUB|0\",\"639|MX|MICH|CHURINTZIO|0\",\"640|MX|MICH|CHURUMUCO DE MORELOS|0\",\"641|MX|NL|CIENEGA DE FLORES|0\",\"642|MX|OAX|CIENEGA DE ZIMATLAN|0\",\"643|MX|JAL|CIHUATLAN|0\",\"644|MX|CHIS|CINTALAPA|0\",\"645|MX|VER|CITLALTEPETL|0\",\"646|MX|COAH|CIUDAD ACUNA|0\",\"647|MX|MEX|CIUDAD ADOLFO LOPEZ MATEOS|0\",\"648|MX|GRO|CIUDAD ALTAMIRANO|0\",\"649|MX|MOR|CIUDAD AYALA|0\",\"650|MX|NL|CIUDAD BENITO JUAREZ|0\",\"651|MX|CHIH|CIUDAD CAMARGO|0\",\"652|MX|TAMPS|CIUDAD CAMARGO|0\",\"653|MX|VER|CIUDAD CARDEL|0\",\"654|MX|BCN|CIUDAD COAHUILA KM 57|0\",\"655|MX|CAMP|CIUDAD CONCORDIA|0\",\"656|MX|BCS|CIUDAD CONSTITUCION|0\",\"657|MX|CHIH|CIUDAD CUAUHTEMOC|0\",\"658|MX|TLAX|CIUDAD DE NANACAMILPA|0\",\"659|MX|CAMP|CIUDAD DEL CARMEN|0\",\"660|MX|SLP|CIUDAD DEL MAIZ|0\",\"661|MX|CHIH|CIUDAD DELICIAS|0\",\"662|MX|SLP|CIUDAD FERNANDEZ|0\",\"663|MX|TAMPS|CIUDAD GUSTAVO DIAZ ORDAZ|0\",\"664|MX|JAL|CIUDAD GUZMAN|0\",\"665|MX|CHIS|CIUDAD HIDALGO|0\",\"666|MX|MICH|CIUDAD HIDALGO|0\",\"667|MX|OAX|CIUDAD IXTEPEC|0\",\"668|MX|CHIH|CIUDAD JUAREZ|0\",\"669|MX|MEX|CIUDAD LOPEZ MATEOS|0\",\"670|MX|CHIH|CIUDAD MADERA|0\",\"671|MX|TAMPS|CIUDAD MADERO|0\",\"672|MX|TAMPS|CIUDAD MANTE|0\",\"673|MX|VER|CIUDAD MENDOZA|0\",\"674|MX|TAMPS|CIUDAD MIER|0\",\"675|MX|BCN|CIUDAD MORELOS|0\",\"676|MX|MEX|CIUDAD NEZAHUALCOYOTL|0\",\"677|MX|SON|CIUDAD OBREGON|0\",\"678|MX|TAB|CIUDAD PEMEX|0\",\"679|MX|HGO|CIUDAD SAHAGUN|0\",\"680|MX|SLP|CIUDAD SANTOS|0\",\"681|MX|PUE|CIUDAD SERDAN|0\",\"682|MX|SLP|CIUDAD VALLES|0\",\"683|MX|TAMPS|CIUDAD VICTORIA|0\",\"684|MX|MEX|COACALCO DE BERRIOZABAL|0\",\"685|MX|VER|COACOATZINTLA|0\",\"686|MX|MICH|COAHUAYANA|0\",\"687|MX|GRO|COAHUAYUTLA|0\",\"688|MX|MICH|COALCOMAN DE VAZQUEZ PALLARES|0\",\"689|MX|NAY|COAMILES|0\",\"690|MX|VER|COATEPEC|0\",\"691|MX|MEX|COATEPEC DE HARINAS|0\",\"692|MX|MOR|COATLAN DEL RIO|0\",\"693|MX|VER|COATZACOALCOS|0\",\"694|MX|VER|COATZINTLA|0\",\"695|MX|SON|COCORIT|0\",\"696|MX|GRO|COCULA|0\",\"697|MX|JAL|COCULA|0\",\"698|MX|MICH|COENEO|0\",\"699|MX|COL|COFRADIA DE JUAREZ|0\",\"700|MX|OAX|COIXTLAHUACA|0\",\"701|MX|MICH|COJUMATLAN DE REGULES|0\",\"702|MX|COL|COLIMA|0\",\"703|MX|QRO|COLON|0\",\"704|MX|MEX|COLORINES|0\",\"705|MX|JAL|COLOTLAN|0\",\"706|MX|COL|COMALA|0\",\"707|MX|CHIS|COMALAPA|0\",\"708|MX|TAB|COMALCALCO|0\",\"709|MX|CHIS|COMITAN|0\",\"710|MX|BCS|COMONDU|0\",\"711|MX|GTO|COMONFORT|0\",\"712|MX|NAY|COMPOSTELA|0\",\"713|MX|JAL|CONCEPCION DE BUENOS AIRES|0\",\"714|MX|ZAC|CONCEPCION DEL ORO|0\",\"715|MX|SIN|CONCORDIA|0\",\"716|MX|DGO|CONETO DE COMONFORT|0\",\"717|MX|YUC|CONKAL|0\",\"718|MX|CAMP|CONSTITUCION EL SETENTA|0\",\"719|MX|MICH|CONTEPEC|0\",\"720|MX|TLAX|CONTLA DE JUAN CUAMATZI|0\",\"721|MX|CHIS|COPAINALA|0\",\"722|MX|GRO|COPALA|0\",\"723|MX|MICH|COPANDARO DE GALEANA|0\",\"724|MX|COL|COQUIMATLAN|0\",\"725|MX|VER|CORDOBA|0\",\"726|MX|PUE|CORONANGO|0\",\"727|MX|GTO|CORONEO|0\",\"728|MX|QRO|CORREGIDORA|0\",\"729|MX|GTO|CORTAZAR|0\",\"730|MX|SIN|COSALA|0\",\"731|MX|VER|COSAMALOAPAN|0\",\"732|MX|VER|COSAUTLAN DE CARVAJAL|0\",\"733|MX|VER|COSCOMATEPEC|0\",\"734|MX|AGS|COSIO|0\",\"735|MX|OAX|COSOLAPA|0\",\"736|MX|VER|COSOLEACAQUE|0\",\"737|MX|SIN|COSTA RICA|0\",\"738|MX|VER|COTAXTLA|0\",\"739|MX|MICH|COTIJA|0\",\"740|MX|PUE|COXCATLAN|0\",\"741|MX|SLP|COXCATLAN|0\",\"742|MX|MEX|COYOTEPEC|0\",\"743|MX|SIN|COYOTITAN|0\",\"744|MX|GRO|COYUCA DE BENITEZ|0\",\"745|MX|GRO|COYUCA DE CATALAN|0\",\"746|MX|VER|COYUTLA|0\",\"747|MX|QROO|COZUMEL|0\",\"748|MX|GRO|CRUZ GRANDE|0\",\"749|MX|PUE|CUACNOPALAN|0\",\"750|MX|GRO|CUAJINICUILAPA|0\",\"751|MX|GRO|CUALAC|0\",\"752|MX|TLAX|CUAPIAXTLA|0\",\"753|MX|PUE|CUAPIAXTLA DE MADERO|0\",\"754|MX|COAH|CUATRO CIENEGAS|0\",\"755|MX|COL|CUAUHTEMOC|0\",\"756|MX|ZAC|CUAUHTEMOC|0\",\"757|MX|GRO|CUAUTEPEC|0\",\"758|MX|HGO|CUAUTEPEC DE HINOJOSA|0\",\"759|MX|MEX|CUAUTEPEC DE MADERO|0\",\"760|MX|MEX|CUAUTITLAN|0\",\"761|MX|JAL|CUAUTITLAN DE GARCIA BARRAGAN|0\",\"762|MX|MEX|CUAUTITLAN DE ROMERO RUBIO|0\",\"763|MX|MEX|CUAUTITLAN IZCALLI|0\",\"764|MX|JAL|CUAUTLA|0\",\"765|MX|MOR|CUAUTLA|0\",\"766|MX|PUE|CUAUTLANCINGO|0\",\"767|MX|DGO|CUENCAME|0\",\"768|MX|GTO|CUERAMARO|0\",\"769|MX|MOR|CUERNAVACA|0\",\"770|MX|PUE|CUETZALAN|0\",\"771|MX|VER|CUICHAPA|0\",\"772|MX|OAX|CUILAPAN DE GUERRERO|0\",\"773|MX|VER|CUITLAHUAC|0\",\"774|MX|MICH|CUITZEO|0\",\"775|MX|SIN|CULIACAN|0\",\"776|MX|SIN|CULIACANCITO|0\",\"777|MX|SON|CUMPAS|0\",\"778|MX|TAB|CUNDUACAN|0\",\"779|MX|JAL|CUQUIO|0\",\"780|MX|GRO|CUTZAMALA DE PINZON|0\",\"781|MX|PUE|CUYOACO|0\",\"782|MX|COL|CUYUTLAN|0\",\"783|MX|YUC|CUZAMA|0\",\"784|MX|JAL|DEGOLLADO|0\",\"785|MX|BCN|DELTA|0\",\"786|MX|NL|DOCTOR ARROYO|0\",\"787|MX|GTO|DOCTOR MORA|0\",\"788|MX|GTO|DOLORES HIDALGO|0\",\"789|MX|MEX|DONATO GUERRA|0\",\"790|MX|VER|DOS RIOS|0\",\"791|MX|MEX|DUMMY|0\",\"792|MX|DGO|DURANGO|0\",\"793|MX|CAMP|DZIBALCHEN|0\",\"794|MX|YUC|DZIDZANTUN|0\",\"795|MX|YUC|DZILAM DE BRAVO|0\",\"796|MX|YUC|DZILAM GONZALEZ|0\",\"797|MX|QROO|DZIUCHE|0\",\"798|MX|SLP|EBANO|0\",\"799|MX|MEX|ECATEPEC DE MORELOS|0\",\"800|MX|MEX|ECATZINGO|0\",\"801|MX|MICH|ECUANDUREO|0\",\"802|MX|GRO|EDUARDO NERI|0\",\"803|MX|OAX|EJUTLA DE CRESPO|0\",\"804|MX|HGO|EL ARENAL|0\",\"805|MX|JAL|EL ARENAL|0\",\"806|MX|NL|EL CARMEN|0\",\"807|MX|TLAX|EL CARMEN TEQUEXQUITLA|0\",\"808|MX|SIN|EL CARRIZO|0\",\"809|MX|COL|EL COLOMO|0\",\"810|MX|SIN|EL CUBILETE|0\",\"811|MX|SIN|EL DORADO|0\",\"812|MX|OAX|EL ESPINAL|0\",\"813|MX|SIN|EL FUERTE|0\",\"814|MX|JAL|EL GRULLO|0\",\"815|MX|VER|EL HIGO|0\",\"816|MX|CHIH|EL LARGO|0\",\"817|MX|AGS|EL LLANO|0\",\"818|MX|QRO|EL MARQUES|0\",\"819|MX|SLP|EL NARANJO|0\",\"820|MX|GRO|EL OCOTITO|0\",\"821|MX|MEX|EL ORO|0\",\"822|MX|CHIS|EL PARRAL|0\",\"823|MX|ZAC|EL PLATEADO DE JOAQUIN AMARO|0\",\"824|MX|CHIS|EL PORVENIR|0\",\"825|MX|OAX|EL PORVENIR|0\",\"826|MX|PUE|EL PROGRESO|0\",\"827|MX|QRO|EL PUEBLITO|0\",\"828|MX|SIN|EL ROSARIO|0\",\"829|MX|SIN|EL SALADO|0\",\"830|MX|JAL|EL SALTO|0\",\"831|MX|DGO|EL SALTO PUEBLO NUEVO|0\",\"832|MX|BCN|EL SAUZAL|0\",\"833|MX|JAL|EL TEQUESQUITE|0\",\"834|MX|TAB|EL TRIUNFO|0\",\"835|MX|JAL|EL TUITO|0\",\"836|MX|JAL|EL TULE|0\",\"837|MX|HGO|EMILIANO ZAPATA|0\",\"838|MX|JAL|EMILIANO ZAPATA|0\",\"839|MX|MOR|EMILIANO ZAPATA|0\",\"840|MX|TAB|EMILIANO ZAPATA|0\",\"841|MX|VER|EMILIANO ZAPATA|0\",\"842|MX|SON|EMPALME|0\",\"843|MX|GTO|EMPALME ESCOBEDO|0\",\"844|MX|JAL|ENCARNACION DE DIAZ|0\",\"845|MX|BCN|ENSENADA|0\",\"846|MX|MICH|EPITACIO HUERTA|0\",\"847|MX|MICH|ERONGARICUARO|0\",\"848|MX|CAMP|ESCARCEGA|0\",\"849|MX|SIN|ESCUINAPA|0\",\"850|MX|CHIS|ESCUINTLA|0\",\"851|MX|PUE|ESPERANZA|0\",\"852|MX|SON|ESPERANZA|0\",\"853|MX|VER|ESPINAL|0\",\"854|MX|YUC|ESPITA|0\",\"855|MX|SON|ESQUEDA|0\",\"856|MX|SIN|ESTACION BAMOA|0\",\"857|MX|TAB|ESTACION CHONTALPA|0\",\"858|MX|CHIH|ESTACION CREEL|0\",\"859|MX|TAMPS|ESTACION MANUEL|0\",\"860|MX|SIN|ESTACION NARANJO|0\",\"861|MX|TAMPS|ESTACION SANTA ENGRACIA|0\",\"862|MX|SON|ETCHOJOA|0\",\"863|MX|JAL|ETZATLAN|0\",\"864|MX|QRO|EZEQUIEL MONTES|0\",\"865|MX|QROO|FELIPE CARRILLO PUERTO|0\",\"866|MX|VER|FILOMENO MATA|0\",\"867|MX|ZAC|FLORENCIA DE BENITO JUAREZ|0\",\"868|MX|GRO|FLORENCIO VILLARREAL|0\",\"869|MX|VER|FORTIN DE LAS FLORES|0\",\"870|MX|COAH|FRANCISCO I MADERO|0\",\"871|MX|DGO|FRANCISCO I MADERO|0\",\"872|MX|HGO|FRANCISCO I MADERO|0\",\"873|MX|NAY|FRANCISCO I MADERO|0\",\"874|MX|ZAC|FRESNILLO|0\",\"875|MX|COAH|FRONTERA|0\",\"876|MX|TAB|FRONTERA|0\",\"877|MX|CHIS|FRONTERA COMALAPA|0\",\"878|MX|SON|FRONTERAS|0\",\"879|MX|SIN|GABRIEL LEYVA SOLANO|0\",\"880|MX|MICH|GABRIEL ZAMORA|0\",\"881|MX|NL|GALEANA|0\",\"882|MX|NL|GARCIA|0\",\"883|MX|NL|GENERAL BRAVO|0\",\"884|MX|COAH|GENERAL CEPEDA|0\",\"885|MX|DGO|GENERAL ESCOBEDO|0\",\"886|MX|NL|GENERAL ESCOBEDO|0\",\"887|MX|PUE|GENERAL FELIPE ANGELES|0\",\"888|MX|SIN|GENERAL JUAN JOSE RIOS|0\",\"889|MX|ZAC|GENERAL PANFILO NATERA|0\",\"890|MX|DGO|GENERAL SIMON BOLIVAR|0\",\"891|MX|NL|GENERAL TERAN|0\",\"892|MX|NL|GENERAL TREVINO|0\",\"893|MX|NL|GENERAL ZARAGOZA|0\",\"894|MX|NL|GENERAL ZUAZUA|0\",\"895|MX|JAL|GOMEZ FARIAS|0\",\"896|MX|DGO|GOMEZ PALACIO|0\",\"897|MX|TAMPS|GONZALEZ|0\",\"898|MX|AGS|GRAL J M MORELOS Y PAVON|0\",\"899|MX|CHIH|GUACHOCHI|0\",\"900|MX|JAL|GUADALAJARA|0\",\"901|MX|SLP|GUADALCAZAR|0\",\"902|MX|CHIH|GUADALUPE|0\",\"903|MX|NL|GUADALUPE|0\",\"904|MX|ZAC|GUADALUPE|0\",\"905|MX|OAX|GUADALUPE DE RAMIREZ|0\",\"906|MX|PUE|GUADALUPE SANTA ANA|0\",\"907|MX|BCN|GUADALUPE VICTORIA|0\",\"908|MX|DGO|GUADALUPE VICTORIA|0\",\"909|MX|NAY|GUADALUPE VICTORIA|0\",\"910|MX|PUE|GUADALUPE VICTORIA|0\",\"911|MX|CHIH|GUADALUPE Y CALVO|0\",\"912|MX|SIN|GUAMUCHIL|0\",\"913|MX|DGO|GUANACEVI|0\",\"914|MX|GTO|GUANAJUATO|0\",\"915|MX|SIN|GUASAVE|0\",\"916|MX|GRO|GUAYAMEO|0\",\"917|MX|SON|GUAYMAS|0\",\"918|MX|OAX|GUELATAO|0\",\"919|MX|COAH|GUERRERO|0\",\"920|MX|BCS|GUERRERO NEGRO|0\",\"921|MX|OAX|GUEVEA DE HUMBOLDT|0\",\"922|MX|VER|GUTIERREZ ZAMORA|0\",\"923|MX|YUC|HALACHO|0\",\"924|MX|CAMP|HECELCHAKAN|0\",\"925|MX|COAH|HERCULES|0\",\"926|MX|SON|HERMOSILLO|0\",\"927|MX|NL|HIDALGO|0\",\"928|MX|TAMPS|HIDALGO|0\",\"929|MX|CHIH|HIDALGO DEL PARRAL|0\",\"930|MX|VER|HIDALGOTITLAN|0\",\"931|MX|SIN|HIGUERA DE ZARAGOZA|0\",\"932|MX|NL|HIGUERAS|0\",\"933|MX|YUC|HOCTUN|0\",\"934|MX|YUC|HOMUN|0\",\"935|MX|CAMP|HOPELCHEN|0\",\"936|MX|JAL|HOSTOTIPAQUILLO|0\",\"937|MX|MEX|HOUSTON|0\",\"938|MX|GRO|HUAJINTEPEC|0\",\"939|MX|OAX|HUAJUAPAN DE LEON|0\",\"940|MX|NL|HUALAHUISES|0\",\"941|MX|TLAX|HUAMANTLA|0\",\"942|MX|GRO|HUAMUXTITLAN|0\",\"943|MX|MICH|HUANDACAREO|0\",\"944|MX|GTO|HUANIMARO|0\",\"945|MX|MICH|HUANIQUEO|0\",\"946|MX|PUE|HUAQUECHULA|0\",\"947|MX|SON|HUASABAS|0\",\"948|MX|HGO|HUASCA DE OCAMPO|0\",\"949|MX|SON|HUATABAMPO|0\",\"950|MX|OAX|HUATULCO|0\",\"951|MX|VER|HUATUSCO|0\",\"952|MX|PUE|HUAUCHINANGO|0\",\"953|MX|HGO|HUAUTLA|0\",\"954|MX|OAX|HUAUTLA DE JIMENEZ|0\",\"955|MX|VER|HUAYACOCOTLA|0\",\"956|MX|CHIS|HUEHUETAN|0\",\"957|MX|HGO|HUEHUETLA|0\",\"958|MX|SLP|HUEHUETLAN|0\",\"959|MX|PUE|HUEHUETLAN EL CHICO|0\",\"960|MX|MEX|HUEHUETOCA|0\",\"961|MX|PUE|HUEJOTZINGO|0\",\"962|MX|JAL|HUEJUCAR|0\",\"963|MX|JAL|HUEJUQUILLA EL ALTO|0\",\"964|MX|HGO|HUEJUTLA DE REYES|0\",\"965|MX|MICH|HUETAMO|0\",\"966|MX|VER|HUEYAPAN DE OCAMPO|0\",\"967|MX|MEX|HUEYPOXTLA|0\",\"968|MX|PUE|HUEYTAMALCO|0\",\"969|MX|HGO|HUICHAPAN|0\",\"970|MX|TAB|HUIMANGUILLO|0\",\"971|MX|QRO|HUIMILPAN|0\",\"972|MX|MOR|HUITZILAC|0\",\"973|MX|GRO|HUITZUCO|0\",\"974|MX|MEX|HUIXQUILUCAN|0\",\"975|MX|CHIS|HUIXTLA|0\",\"976|MX|YUC|HUNUCMA|0\",\"977|MX|DGO|IGNACIO ALLENDE|0\",\"978|MX|VER|IGNACIO DE LA LLAVE|0\",\"979|MX|CHIH|IGNACIO ZARAGOZA|0\",\"980|MX|GRO|IGUALA DE LA INDEPENDENCIA|0\",\"981|MX|GRO|IGUALAPA|0\",\"982|MX|VER|ILAMATLAN|0\",\"983|MX|GRO|ILIATENCO|0\",\"984|MX|SON|IMURIS|0\",\"985|MX|MICH|INDAPARAPEO|0\",\"986|MX|GTO|IRAPUATO|0\",\"987|MX|MEX|ISIDRO FABELA|0\",\"988|MX|VER|ISLA|0\",\"989|MX|CAMP|ISLA AGUADA|0\",\"990|MX|BCN|ISLA DE CEDROS|0\",\"991|MX|SIN|ISLA DEL BOSQUE|0\",\"992|MX|QROO|ISLA HOLBOX|0\",\"993|MX|NAY|ISLA MARIA MADRE|0\",\"994|MX|QROO|ISLA MUJERES|0\",\"995|MX|VER|IXHUATLAN DE MADERO|0\",\"996|MX|VER|IXHUATLAN DEL CAFE|0\",\"997|MX|VER|IXHUATLAN DEL SURESTE|0\",\"998|MX|VER|IXMATLAHUACAN|0\",\"999|MX|HGO|IXMIQUILPAN|0\",\"1000|MX|VER|IXTACZOQUITLAN|0\",\"1001|MX|JAL|IXTAPA|0\",\"1002|MX|MEX|IXTAPALUCA|0\",\"1003|MX|MEX|IXTAPAN DE LA SAL|0\",\"1004|MX|OAX|IXTEPEC|0\",\"1005|MX|PUE|IXTEPEC|0\",\"1006|MX|MEX|IXTLAHUACA DE RAYON|0\",\"1007|MX|COL|IXTLAHUACAN|0\",\"1008|MX|JAL|IXTLAHUACAN DE LOS MEMBRILLOS|0\",\"1009|MX|JAL|IXTLAHUACAN DEL RIO|0\",\"1010|MX|OAX|IXTLAN DE JUAREZ|0\",\"1011|MX|MICH|IXTLAN DE LOS HERVORES|0\",\"1012|MX|NAY|IXTLAN DEL RIO|0\",\"1013|MX|YUC|IZAMAL|0\",\"1014|MX|PUE|IZUCAR DE MATAMOROS|0\",\"1015|MX|HGO|JACALA|0\",\"1016|MX|MICH|JACONA|0\",\"1017|MX|NAY|JALA|0\",\"1018|MX|VER|JALACINGO|0\",\"1019|MX|TAB|JALAPA|0\",\"1020|MX|VER|JALAPA|0\",\"1021|MX|OAX|JALAPA DE DIAZ|0\",\"1022|MX|VER|JALAPILLA|0\",\"1023|MX|NAY|JALCOCOTAN|0\",\"1024|MX|JAL|JALOSTOTITLAN|0\",\"1025|MX|ZAC|JALPA|0\",\"1026|MX|TAB|JALPA DE MENDEZ|0\",\"1027|MX|QRO|JALPAN DE SERRA|0\",\"1028|MX|CHIS|JALTENANGO|0\",\"1029|MX|VER|JALTIPAN DE MORELOS|0\",\"1030|MX|VER|JAMAPA|0\",\"1031|MX|JAL|JAMAY|0\",\"1032|MX|CHIH|JANOS|0\",\"1033|MX|MOR|JANTETELCO|0\",\"1034|MX|GTO|JARAL DEL PROGRESO|0\",\"1035|MX|TAMPS|JAUMAVE|0\",\"1036|MX|QROO|JAVIER ROJO GOMEZ|0\",\"1037|MX|GTO|JERECUARO|0\",\"1038|MX|ZAC|JEREZ|0\",\"1039|MX|VER|JESUS CARRANZA|0\",\"1040|MX|AGS|JESUS MARIA|0\",\"1041|MX|JAL|JESUS MARIA|0\",\"1042|MX|NAY|JESUS MARIA|0\",\"1043|MX|MEX|JILOTEPEC|0\",\"1044|MX|JAL|JILOTLAN DE LOS DOLORES|0\",\"1045|MX|CHIH|JIMENEZ|0\",\"1046|MX|TAMPS|JIMENEZ|0\",\"1047|MX|MICH|JIQUILPAN|0\",\"1048|MX|CHIS|JIQUIPILAS|0\",\"1049|MX|MEX|JIQUIPILCO|0\",\"1050|MX|MOR|JIUTEPEC|0\",\"1051|MX|JAL|JOCOTEPEC|0\",\"1052|MX|MEX|JOCOTITLAN|0\",\"1053|MX|MOR|JOJUTLA|0\",\"1054|MX|PUE|JOLALPAN|0\",\"1055|MX|MOR|JONACATEPEC|0\",\"1056|MX|TAB|JONUTA|0\",\"1057|MX|MEX|JOQUICINGO|0\",\"1058|MX|GRO|JOSE AZUETA|0\",\"1059|MX|JAL|JOSE MA PINO SUAREZ|0\",\"1060|MX|QROO|JOSE MARIA MORELOS|0\",\"1061|MX|ZAC|JUAN ALDAMA|0\",\"1062|MX|PUE|JUAN C BONILLA|0\",\"1063|MX|VER|JUAN DIAZ COVARRUBIAS|0\",\"1064|MX|SIN|JUAN JOSE RIOS|0\",\"1065|MX|GRO|JUAN R ESCUDERO|0\",\"1066|MX|VER|JUAN RODRIGUEZ CLARA|0\",\"1067|MX|JAL|JUANACATLAN|0\",\"1068|MX|CHIS|JUAREZ|0\",\"1069|MX|NL|JUAREZ|0\",\"1070|MX|ZAC|JUCHIPILA|0\",\"1071|MX|VER|JUCHIQUE DE FERRER|0\",\"1072|MX|GRO|JUCHITAN|0\",\"1073|MX|OAX|JUCHITAN DE ZARAGOZA|0\",\"1074|MX|MEX|JUCHITEPEC|0\",\"1075|MX|JAL|JUCHITLAN|0\",\"1076|MX|CHIH|JULIMES|0\",\"1077|MX|MICH|JUNGAPEO|0\",\"1078|MX|OAX|JUQUILA DE LEON|0\",\"1079|MX|GTO|JUVENTINO ROSAS|0\",\"1080|MX|YUC|KANASIN|0\",\"1081|MX|YUC|KANTUNIL|0\",\"1082|MX|QROO|KANTUNILKIN|0\",\"1083|MX|YUC|KINCHIL|0\",\"1084|MX|VER|LA ANTIGUA|0\",\"1085|MX|JAL|LA BARCA|0\",\"1086|MX|BCS|LA BOCANADA|0\",\"1087|MX|SON|LA COLORADA|0\",\"1088|MX|CHIS|LA CONCORDIA|0\",\"1089|MX|GTO|LA CRUZ|0\",\"1090|MX|SIN|LA CRUZ DE ELOTA|0\",\"1091|MX|JAL|LA CRUZ DE LORETO|0\",\"1092|MX|COAH|LA ESMERALDA|0\",\"1093|MX|MICH|LA HUACANA|0\",\"1094|MX|JAL|LA HUERTA|0\",\"1095|MX|BCN|LA JOYA|0\",\"1096|MX|CHIH|LA JUNTA|0\",\"1097|MX|QRO|LA LAGUNITA|0\",\"1098|MX|JAL|LA MANZANILLA DE LA PAZ|0\",\"1099|MX|BCN|LA MESA|0\",\"1100|MX|MICH|LA MIRA|0\",\"1101|MX|OAX|LA MIXTEQUITA|0\",\"1102|MX|BCS|LA PAZ|0\",\"1103|MX|MEX|LA PAZ|0\",\"1104|MX|NAY|LA PENITA|0\",\"1105|MX|NAY|LA PENITA DE JALTEMBA|0\",\"1106|MX|TAMPS|LA PESCA|0\",\"1107|MX|MICH|LA PIEDAD|0\",\"1108|MX|OAX|LA REFORMA|0\",\"1109|MX|SIN|LA REFORMA|0\",\"1110|MX|GTO|LA SABANILLA|0\",\"1111|MX|SIN|LA TRINIDAD|0\",\"1112|MX|CHIS|LA TRINITARIA|0\",\"1113|MX|GRO|LA UNION|0\",\"1114|MX|TAB|LA VENTA|0\",\"1115|MX|JAL|LAGOS DE MORENO|0\",\"1116|MX|COAH|LAGUNA DEL REY|0\",\"1117|MX|OAX|LAGUNAS|0\",\"1118|MX|MICH|LAGUNILLAS|0\",\"1119|MX|SLP|LAGUNILLAS|0\",\"1120|MX|COAH|LAMADRID|0\",\"1121|MX|NL|LAMPAZOS DE NARANJO|0\",\"1122|MX|QRO|LANDA DE MATAMOROS|0\",\"1123|MX|VER|LAS CHOAPAS|0\",\"1124|MX|CHIS|LAS MARGARITAS|0\",\"1125|MX|DGO|LAS NIEVES|0\",\"1126|MX|CHIS|LAS ROSAS|0\",\"1127|MX|NAY|LAS VARAS|0\",\"1128|MX|GRO|LAS VIGAS|0\",\"1129|MX|VER|LAS VIGAS DE RAMIREZ|0\",\"1130|MX|BCN|LAZARO CARDENAS|0\",\"1131|MX|MICH|LAZARO CARDENAS|0\",\"1132|MX|GTO|LEON|0\",\"1133|MX|SIN|LEON FONSECA|0\",\"1134|MX|DGO|LERDO|0\",\"1135|MX|VER|LERDO DE TEJADA|0\",\"1136|MX|MEX|LERMA DE VILLADA|0\",\"1137|MX|PUE|LIBRES|0\",\"1138|MX|NL|LINARES|0\",\"1139|MX|TAMPS|LLERA DE CANALES|0\",\"1140|MX|OAX|LOMA BONITA|0\",\"1141|MX|MICH|LOMBARDIA|0\",\"1142|MX|BCS|LORETO|0\",\"1143|MX|ZAC|LORETO|0\",\"1144|MX|PUE|LOS ANGELES TETELA|0\",\"1145|MX|BCS|LOS CABOS|0\",\"1146|MX|SIN|LOS MOCHIS|0\",\"1147|MX|MICH|LOS REYES|0\",\"1148|MX|MEX|LOS REYES ACAQUILPAN|0\",\"1149|MX|MEX|LOS REYES ACOZAC|0\",\"1150|MX|PUE|LOS REYES DE JUAREZ|0\",\"1151|MX|MEX|LOS REYES LA PAZ|0\",\"1152|MX|GTO|LOS RODRIGUEZ|0\",\"1153|MX|JAL|LOS VOLCANES|0\",\"1154|MX|COAH|LUCHANA|0\",\"1155|MX|ZAC|LUIS MOYA|0\",\"1156|MX|MEX|LUVIANOS|0\",\"1157|MX|TAB|MACULTEPEC|0\",\"1158|MX|TAB|MACUSPANA|0\",\"1159|MX|COL|MADRID|0\",\"1160|MX|JAL|MAGDALENA|0\",\"1161|MX|SON|MAGDALENA DE KINO|0\",\"1162|MX|OAX|MAGDALENA TEQUISISTLAN|0\",\"1163|MX|MEX|MALINALCO|0\",\"1164|MX|GRO|MALINALTEPEC|0\",\"1165|MX|VER|MALTRATA|0\",\"1166|MX|CAMP|MAMANTEL|0\",\"1167|MX|YUC|MANI|0\",\"1168|MX|GTO|MANUEL DOBLADO|0\",\"1169|MX|COL|MANZANILLO|0\",\"1170|MX|CHIS|MAPASTEPEC|0\",\"1171|MX|DGO|MAPIMI|0\",\"1172|MX|MICH|MARAVATIO|0\",\"1173|MX|GTO|MARFIL|0\",\"1174|MX|OAX|MARIA LOMBARDO DE CASO|0\",\"1175|MX|OAX|MARISCALA DE JUAREZ|0\",\"1176|MX|GRO|MARQUELIA|0\",\"1177|MX|SON|MARTE R GOMEZ TOBARITO|0\",\"1178|MX|VER|MARTINEZ DE LA TORRE|0\",\"1179|MX|GRO|MARTIR DE CUILAPAN|0\",\"1180|MX|JAL|MASCOTA|0\",\"1181|MX|CHIH|MATACHIC|0\",\"1182|MX|COAH|MATAMOROS|0\",\"1183|MX|TAMPS|MATAMOROS|0\",\"1184|MX|SLP|MATEHUALA|0\",\"1185|MX|OAX|MATIAS ROMERO|0\",\"1186|MX|SLP|MATLAPA|0\",\"1187|MX|YUC|MAXCANU|0\",\"1188|MX|JAL|MAZAMITLA|0\",\"1189|MX|ZAC|MAZAPIL|0\",\"1190|MX|CHIS|MAZATAN|0\",\"1191|MX|SON|MAZATAN|0\",\"1192|MX|MOR|MAZATEPEC|0\",\"1193|MX|SIN|MAZATLAN|0\",\"1194|MX|PUE|MECAPALAPA|0\",\"1195|MX|VER|MECAYAPAN|0\",\"1196|MX|VER|MEDELLIN|0\",\"1197|MX|CHIH|MELCHOR OCAMPO|0\",\"1198|MX|MEX|MELCHOR OCAMPO|0\",\"1199|MX|CHIH|MEOQUI|0\",\"1200|MX|YUC|MERIDA|0\",\"1201|MX|MEX|METEPEC|0\",\"1202|MX|PUE|METLALTOYUCAN|0\",\"1203|MX|GRO|METLATONOC|0\",\"1204|MX|HGO|METZTITLAN|0\",\"1205|MX|BCN|MEXICALI|0\",\"1206|MX|CHIH|MEXICO|0\",\"1207|MX|DF|MEXICO|0\",\"1208|MX|SLP|MEXQUITIC DE CARMONA|0\",\"1209|MX|JAL|MEXTICACAN|0\",\"1210|MX|NAY|MEZCALES|0\",\"1211|MX|JAL|MEZQUITIC|0\",\"1212|MX|MOR|MIACATLAN|0\",\"1213|MX|OAX|MIAHUATLAN DE PORFIRIO DIAZ|0\",\"1214|MX|NL|MIER Y NORIEGA|0\",\"1215|MX|SON|MIGUEL ALEMAN|0\",\"1216|MX|TAMPS|MIGUEL ALEMAN|0\",\"1217|MX|VER|MIGUEL ALEMAN|0\",\"1218|MX|ZAC|MIGUEL AUZA|0\",\"1219|MX|COAH|MINAS DE BARROTERAN|0\",\"1220|MX|COL|MINATITLAN|0\",\"1221|MX|VER|MINATITLAN|0\",\"1222|MX|MICH|MINERAL DE ANGANGUEO|0\",\"1223|MX|HGO|MINERAL DE LA REFORMA|0\",\"1224|MX|HGO|MINERAL DEL MONTE|0\",\"1225|MX|BCS|MIRAFLORES|0\",\"1226|MX|VER|MISANTLA|0\",\"1227|MX|OAX|MITLA|0\",\"1228|MX|HGO|MIXQUIAHUALA|0\",\"1229|MX|VER|MIXTLA DE ALTAMIRANO|0\",\"1230|MX|JAL|MIXTLAN|0\",\"1231|MX|SIN|MOCHICAHUI|0\",\"1232|MX|GRO|MOCHITLAN|0\",\"1233|MX|SIN|MOCORITO|0\",\"1234|MX|SLP|MOCTEZUMA|0\",\"1235|MX|SON|MOCTEZUMA|0\",\"1236|MX|HGO|MOLANGO|0\",\"1237|MX|YUC|MOLAS|0\",\"1238|MX|VER|MOLOACAN|0\",\"1239|MX|COAH|MONCLOVA|0\",\"1240|MX|ZAC|MONTE ESCOBEDO|0\",\"1241|MX|NL|MONTEMORELOS|0\",\"1242|MX|NL|MONTERREY|0\",\"1243|MX|MICH|MORELIA|0\",\"1244|MX|CHIH|MORELOS|0\",\"1245|MX|COAH|MORELOS|0\",\"1246|MX|ZAC|MORELOS|0\",\"1247|MX|CHIH|MORIS|0\",\"1248|MX|GTO|MOROLEON|0\",\"1249|MX|CHIS|MOTOZINTLA|0\",\"1250|MX|YUC|MOTUL|0\",\"1251|MX|ZAC|MOYAHUA DE ESTRADA|0\",\"1252|MX|MICH|MUGICA|0\",\"1253|MX|BCS|MULEGE|0\",\"1254|MX|YUC|MUNA|0\",\"1255|MX|COAH|MUZQUIZ|0\",\"1256|MX|TAB|NACAJUCA|0\",\"1257|MX|SON|NACO|0\",\"1258|MX|SON|NACOZARI DE GARCIA|0\",\"1259|MX|COAH|NADADORES|0\",\"1260|MX|CHIH|NAMIQUIPA|0\",\"1261|MX|VER|NANCHITAL|0\",\"1262|MX|VER|NAOLINCO DE VICTORIA|0\",\"1263|MX|VER|NARANJOS|0\",\"1264|MX|OAX|NATIVIDAD|0\",\"1265|MX|TLAX|NATIVITAS|0\",\"1266|MX|MEX|NAUCALPAN DE JUAREZ|0\",\"1267|MX|VER|NAUTLA|0\",\"1268|MX|COAH|NAVA|0\",\"1269|MX|SON|NAVOJOA|0\",\"1270|MX|SIN|NAVOLATO|0\",\"1271|MX|DGO|NAZARENO|0\",\"1272|MX|DGO|NAZAS|0\",\"1273|MX|PUE|NEALTICAN|0\",\"1274|MX|OAX|NEJAPA DE MADERO|0\",\"1275|MX|MEX|NEXTLALPAN|0\",\"1276|MX|CHIH|NICOLAS BRAVO|0\",\"1277|MX|QROO|NICOLAS BRAVO|0\",\"1278|MX|MEX|NICOLAS ROMERO|0\",\"1279|MX|ZAC|NIEVES|0\",\"1280|MX|SIN|NIO|0\",\"1281|MX|ZAC|NOCHISTLAN|0\",\"1282|MX|OAX|NOCHIXTLAN|0\",\"1283|MX|MICH|NOCUPETARO|0\",\"1284|MX|SON|NOGALES|0\",\"1285|MX|VER|NOGALES|0\",\"1286|MX|DGO|NOMBRE DE DIOS|0\",\"1287|MX|HGO|NOPALA DE VILLAGRAN|0\",\"1288|MX|VER|NOPALTEPEC|0\",\"1289|MX|PUE|NOPALUCAN DE LA GRANJA|0\",\"1290|MX|MICH|NUEVA ITALIA|0\",\"1291|MX|COAH|NUEVA ROSITA|0\",\"1292|MX|CHIH|NUEVO CASAS GRANDES|0\",\"1293|MX|DGO|NUEVO IDEAL|0\",\"1294|MX|TAMPS|NUEVO LAREDO|0\",\"1295|MX|TAMPS|NUEVO PROGRESO|0\",\"1296|MX|MICH|NUEVO SAN JUAN PARANGARICUTIRO|0\",\"1297|MX|NAY|NUEVO VALLARTA|0\",\"1298|MX|MICH|NUMARAN|0\",\"1299|MX|OAX|OAXACA|0\",\"1300|MX|MOR|OAXTEPEC|0\",\"1301|MX|COAH|OCAMPO|0\",\"1302|MX|GTO|OCAMPO|0\",\"1303|MX|MICH|OCAMPO|0\",\"1304|MX|TAMPS|OCAMPO|0\",\"1305|MX|CHIS|OCOSINGO|0\",\"1306|MX|GRO|OCOTITO|0\",\"1307|MX|JAL|OCOTLAN|0\",\"1308|MX|OAX|OCOTLAN DE MORELOS|0\",\"1309|MX|MEX|OCOYOACAC|0\",\"1310|MX|PUE|OCOYUCAN|0\",\"1311|MX|CHIS|OCOZOCOAUTLA|0\",\"1312|MX|MEX|OCUILAN|0\",\"1313|MX|TAB|OCUILTZAPOTLAN|0\",\"1314|MX|MOR|OCUITUCO|0\",\"1315|MX|CHIH|OJINAGA|0\",\"1316|MX|MEX|OJO DE AGUA|0\",\"1317|MX|GTO|OJO DE AGUA DE LA TRINIDAD|0\",\"1318|MX|ZAC|OJOCALIENTE|0\",\"1319|MX|JAL|OJUELOS|0\",\"1320|MX|GRO|OLINALA|0\",\"1321|MX|VER|OLUTA|0\",\"1322|MX|VER|OMEALCA|0\",\"1323|MX|GRO|OMETEPEC|0\",\"1324|MX|SON|OPODEPE|0\",\"1325|MX|PUE|ORIENTAL|0\",\"1326|MX|VER|ORIZABA|0\",\"1327|MX|CHIS|OSTUACAN|0\",\"1328|MX|VER|OTATITLAN|0\",\"1329|MX|VER|OTEAPAN|0\",\"1330|MX|QROO|OTHON P BLANCO|0\",\"1331|MX|MEX|OTUMBA|0\",\"1332|MX|MEX|OTZOLOTEPEC|0\",\"1333|MX|CHIS|OXCHUC|0\",\"1334|MX|YUC|OXKUTZCAB|0\",\"1335|MX|VER|OZULUAMA DE LAS MASCARENAS|0\",\"1336|MX|MEX|OZUMBA|0\",\"1337|MX|AGS|PABELLON DE ARTEAGA|0\",\"1338|MX|HGO|PACHUCA|0\",\"1339|MX|HGO|PACHUQUILLA|0\",\"1340|MX|TAMPS|PADILLA|0\",\"1341|MX|PUE|PAHUATLAN|0\",\"1342|MX|MICH|PAJACUARAN|0\",\"1343|MX|COAH|PALAU|0\",\"1344|MX|CHIS|PALENQUE|0\",\"1345|MX|CAMP|PALIZADA|0\",\"1346|MX|NAY|PALMA GRANDE|0\",\"1347|MX|MEX|PALMAR CHICO|0\",\"1348|MX|SIN|PALMILLAS|0\",\"1349|MX|TAMPS|PALMILLAS|0\",\"1350|MX|AGS|PALO ALTO|0\",\"1351|MX|OAX|PALOMARES|0\",\"1352|MX|YUC|PANABA|0\",\"1353|MX|MICH|PANINDICUARO|0\",\"1354|MX|TLAX|PANOTLA|0\",\"1355|MX|VER|PANUCO|0\",\"1356|MX|DGO|PANUCO DE CORONADO|0\",\"1357|MX|TLAX|PAPALOTLA DE XICOHTENCATL|0\",\"1358|MX|VER|PAPANTLA|0\",\"1359|MX|MICH|PARACHO|0\",\"1360|MX|MICH|PARACUARO|0\",\"1361|MX|TAB|PARAISO|0\",\"1362|MX|COAH|PAREDON|0\",\"1363|MX|COAH|PARRAS DE LA FUENTE|0\",\"1364|MX|TAB|PARRILLA|0\",\"1365|MX|VER|PASO DE OVEJAS|0\",\"1366|MX|VER|PASO DEL MACHO|0\",\"1367|MX|MICH|PASTOR ORTIZ|0\",\"1368|MX|MICH|PATZCUARO|0\",\"1369|MX|MICH|PEDERNALES|0\",\"1370|MX|DGO|PEDRICENA ESTACION PEDRICENA|0\",\"1371|MX|QRO|PEDRO ESCOBEDO|0\",\"1372|MX|JAL|PEGUEROS|0\",\"1373|MX|QRO|PENAMILLER|0\",\"1374|MX|MICH|PENJAMILLO DE DEGOLLADO|0\",\"1375|MX|GTO|PENJAMO|0\",\"1376|MX|DGO|PENON BLANCO|0\",\"1377|MX|MICH|PERIBAN DE RAMOS|0\",\"1378|MX|SIN|PERICOS|0\",\"1379|MX|VER|PEROTE|0\",\"1380|MX|SON|PESQUEIRA|0\",\"1381|MX|NL|PESQUERIA|0\",\"1382|MX|GRO|PETACALCO|0\",\"1383|MX|GRO|PETATLAN|0\",\"1384|MX|PUE|PETLALCINGO|0\",\"1385|MX|YUC|PETO|0\",\"1386|MX|PUE|PIAXTLA|0\",\"1387|MX|SIN|PIAXTLA DE ABAJO|0\",\"1388|MX|CHIS|PICHUCALCO|0\",\"1389|MX|COAH|PIEDRAS NEGRAS|0\",\"1390|MX|VER|PIEDRAS NEGRAS|0\",\"1391|MX|JAL|PIHUAMO|0\",\"1392|MX|CHIS|PIJIJIAPAN|0\",\"1393|MX|GRO|PILCAYA|0\",\"1394|MX|QRO|PINAL DE AMOLES|0\",\"1395|MX|ZAC|PINOS|0\",\"1396|MX|OAX|PINOTEPA DE DON LUIS|0\",\"1397|MX|OAX|PINOTEPA NACIONAL|0\",\"1398|MX|HGO|PISAFLORES|0\",\"1399|MX|YUC|PISTE|0\",\"1400|MX|SON|PITIQUITO|0\",\"1401|MX|VER|PLAN DE ARROYO|0\",\"1402|MX|VER|PLATON SANCHEZ|0\",\"1403|MX|MICH|PLAYA AZUL|0\",\"1404|MX|QROO|PLAYA DEL CARMEN|0\",\"1405|MX|VER|PLAYA VICENTE|0\",\"1406|MX|BCN|PLAYAS DE ROSARITO|0\",\"1407|MX|OAX|PLUMA HIDALGO|0\",\"1408|MX|DGO|POANAS|0\",\"1409|MX|OAX|POCHUTLA|0\",\"1410|MX|MEX|POLOTITLAN DE LA ILUSTRACION|0\",\"1411|MX|CAMP|POMUCH|0\",\"1412|MX|JAL|PONCITLAN|0\",\"1413|MX|SIN|PORTUGUES DE GALVEZ|0\",\"1414|MX|SIN|POTRERILLO DEL NORTE|0\",\"1415|MX|VER|POTRERO DEL LLANO|0\",\"1416|MX|VER|POZA RICA DE HIDALGO|0\",\"1417|MX|YUC|PROGRESO|0\",\"1418|MX|HGO|PROGRESO DE OBREGON|0\",\"1419|MX|PUE|PUEBLA|0\",\"1420|MX|GTO|PUEBLO NUEVO|0\",\"1421|MX|CHIS|PUEBLO NUEVO SOLISTAHUACAN|0\",\"1422|MX|VER|PUEBLO VIEJO|0\",\"1423|MX|SON|PUEBLO YAQUI|0\",\"1424|MX|SIN|PUEBLOS UNIDOS|0\",\"1425|MX|MOR|PUENTE DE IXTLA|0\",\"1426|MX|JAL|PUENTE GRANDE|0\",\"1427|MX|OAX|PUERTO ANGEL|0\",\"1428|MX|QROO|PUERTO AVENTURAS|0\",\"1429|MX|NAY|PUERTO BALLETO|0\",\"1430|MX|TAB|PUERTO CEIBA|0\",\"1431|MX|OAX|PUERTO ESCONDIDO|0\",\"1432|MX|SON|PUERTO LIBERTAD|0\",\"1433|MX|QROO|PUERTO MORELOS|0\",\"1434|MX|SON|PUERTO PENASCO|0\",\"1435|MX|BCS|PUERTO SAN CARLOS|0\",\"1436|MX|JAL|PUERTO VALLARTA|0\",\"1437|MX|GRO|PUNGARABATO|0\",\"1438|MX|BCS|PUNTA ABREOJOS|0\",\"1439|MX|MICH|PUREPERO|0\",\"1440|MX|GTO|PURISIMA DE BUSTOS|0\",\"1441|MX|GTO|PURISIMA DEL RINCON|0\",\"1442|MX|MICH|PURUANDIRO|0\",\"1443|MX|OAX|PUTLA DE GUERRERO|0\",\"1444|MX|SON|QUECHEHUECA|0\",\"1445|MX|PUE|QUECHOLAC|0\",\"1446|MX|GRO|QUECHULTENANGO|0\",\"1447|MX|MICH|QUERENDARO|0\",\"1448|MX|QRO|QUERETARO|0\",\"1449|MX|COL|QUESERIA|0\",\"1450|MX|SIN|QUILA|0\",\"1451|MX|SON|QUIRIEGO|0\",\"1452|MX|MICH|QUIROGA|0\",\"1453|MX|PUE|RAFAEL J GARCIA|0\",\"1454|MX|PUE|RAFAEL LARA GRAJALES|0\",\"1455|MX|COAH|RAMOS ARIZPE|0\",\"1456|MX|CHIS|RAUDALES MALPASO|0\",\"1457|MX|SLP|RAYON|0\",\"1458|MX|NL|RAYONES|0\",\"1459|MX|SLP|REAL DE CATORCE|0\",\"1460|MX|CHIS|REFORMA|0\",\"1461|MX|OAX|REFORMA DE PINEDA|0\",\"1462|MX|TAMPS|REYNOSA|0\",\"1463|MX|AGS|RINCON DE ROMOS|0\",\"1464|MX|GTO|RINCON DE TAMAYO|0\",\"1465|MX|VER|RINCONADA|0\",\"1466|MX|VER|RIO BLANCO|0\",\"1467|MX|TAMPS|RIO BRAVO|0\",\"1468|MX|OAX|RIO GRANDE|0\",\"1469|MX|ZAC|RIO GRANDE|0\",\"1470|MX|SLP|RIO VERDE|0\",\"1471|MX|DGO|RODEO|0\",\"1472|MX|GTO|ROMITA|0\",\"1473|MX|CHIH|ROSALES|0\",\"1474|MX|NAY|ROSAMORADA|0\",\"1475|MX|SON|ROSARIO|0\",\"1476|MX|NAY|RUIZ|0\",\"1477|MX|SIN|RUIZ CORTINES|0\",\"1478|MX|OAX|S PEDRO Y S PABLO TEPOSCOLULA|0\",\"1479|MX|CAMP|SABANCUY|0\",\"1480|MX|COAH|SABINAS|0\",\"1481|MX|NL|SABINAS HIDALGO|0\",\"1482|MX|COAH|SACRAMENTO|0\",\"1483|MX|SON|SAHUARIPA|0\",\"1484|MX|MICH|SAHUAYO DE MORELOS|0\",\"1485|MX|ZAC|SAIN ALTO|0\",\"1486|MX|COL|SALAHUA|0\",\"1487|MX|GTO|SALAMANCA|0\",\"1488|MX|OAX|SALINA CRUZ|0\",\"1489|MX|SLP|SALINAS DE HIDALGO|0\",\"1490|MX|NL|SALINAS VICTORIA|0\",\"1491|MX|SLP|SALITRAL DE CARRERA|0\",\"1492|MX|COAH|SALTILLO|0\",\"1493|MX|CHIS|SALTO DE AGUA|0\",\"1494|MX|GTO|SALVATIERRA|0\",\"1495|MX|OAX|SAN AGUSTIN ATENANGO|0\",\"1496|MX|OAX|SAN AGUSTIN LOXICHA|0\",\"1497|MX|HGO|SAN AGUSTIN MEZQUITITLAN|0\",\"1498|MX|HGO|SAN AGUSTIN TLAXIACA|0\",\"1499|MX|OAX|SAN AGUSTIN YATARENI|0\",\"1500|MX|OAX|SAN ANDRES CABECERA NUEVA|0\",\"1501|MX|PUE|SAN ANDRES CALPAN|0\",\"1502|MX|PUE|SAN ANDRES CHOLULA|0\",\"1503|MX|OAX|SAN ANDRES HUAXPALTEPEC|0\",\"1504|MX|MEX|SAN ANDRES MIXQUIC|0\",\"1505|MX|VER|SAN ANDRES TUXTLA|0\",\"1506|MX|OAX|SAN ANTONIO DE LA CAL|0\",\"1507|MX|COAH|SAN ANTONIO DEL COYOTE|0\",\"1508|MX|MEX|SAN ANTONIO LA ISLA|0\",\"1509|MX|OAX|SAN ANTONIO MONTE VERDE|0\",\"1510|MX|OAX|SAN BARTOLO COYOTEPEC|0\",\"1511|MX|MEX|SAN BARTOLO MORELOS|0\",\"1512|MX|HGO|SAN BARTOLO TUTOTEPEC|0\",\"1513|MX|OAX|SAN BARTOLOME ZOOGOCHO|0\",\"1514|MX|NAY|SAN BLAS|0\",\"1515|MX|SIN|SAN BLAS|0\",\"1516|MX|OAX|SAN BLAS ATEMPA|0\",\"1517|MX|CHIH|SAN BUENAVENTURA|0\",\"1518|MX|COAH|SAN BUENAVENTURA|0\",\"1519|MX|OAX|SAN CARLOS YAUTEPEC|0\",\"1520|MX|SLP|SAN CIRO DE ACOSTA|0\",\"1521|MX|CHIS|SAN CRISTOBAL DE LAS CASAS|0\",\"1522|MX|JAL|SAN DIEGO DE ALEJANDRIA|0\",\"1523|MX|GTO|SAN DIEGO DE LA UNION|0\",\"1524|MX|BCN|SAN FELIPE|0\",\"1525|MX|GTO|SAN FELIPE|0\",\"1526|MX|NAY|SAN FELIPE AZTATAN|0\",\"1527|MX|MEX|SAN FELIPE DEL PROGRESO|0\",\"1528|MX|OAX|SAN FELIPE JALAPA DE DIAZ|0\",\"1529|MX|HGO|SAN FELIPE ORIZATLAN|0\",\"1530|MX|CHIS|SAN FERNANDO|0\",\"1531|MX|TAMPS|SAN FERNANDO|0\",\"1532|MX|MEX|SAN FRANCISCO COACALCO|0\",\"1533|MX|CAMP|SAN FRANCISCO DE CAMPECHE|0\",\"1534|MX|AGS|SAN FRANCISCO DE LOS ROMO|0\",\"1535|MX|OAX|SAN FRANCISCO DEL MAR|0\",\"1536|MX|DGO|SAN FRANCISCO DEL MEZQUITAL|0\",\"1537|MX|GTO|SAN FRANCISCO DEL RINCON|0\",\"1538|MX|OAX|SAN FRANCISCO IXHUATAN|0\",\"1539|MX|OAX|SAN FRANCISCO TELIXTLAHUACA|0\",\"1540|MX|OAX|SAN FRANCISCO TLAPANCINGO|0\",\"1541|MX|JAL|SAN GABRIEL|0\",\"1542|MX|PUE|SAN GABRIEL CHILAC|0\",\"1543|MX|OAX|SAN GABRIEL MIXTEPEC|0\",\"1544|MX|BCS|SAN IGNACIO|0\",\"1545|MX|SIN|SAN IGNACIO|0\",\"1546|MX|JAL|SAN IGNACIO CERRO GORDO|0\",\"1547|MX|SON|SAN IGNACIO RIO MUERTO|0\",\"1548|MX|BCS|SAN ISIDRO|0\",\"1549|MX|GTO|SAN ISIDRO DE GAMBOA|0\",\"1550|MX|GRO|SAN JERONIMO DE JUAREZ|0\",\"1551|MX|QRO|SAN JOAQUIN|0\",\"1552|MX|PUE|SAN JOSE ACATENO|0\",\"1553|MX|GTO|SAN JOSE AGUA AZUL|0\",\"1554|MX|PUE|SAN JOSE CHIAPA|0\",\"1555|MX|OAX|SAN JOSE CHILTEPEC|0\",\"1556|MX|SON|SAN JOSE DE BACUM|0\",\"1557|MX|AGS|SAN JOSE DE GRACIA|0\",\"1558|MX|MICH|SAN JOSE DE GRACIA|0\",\"1559|MX|BCS|SAN JOSE DEL CABO|0\",\"1560|MX|MEX|SAN JOSE DEL RINCON CENTRO|0\",\"1561|MX|JAL|SAN JOSE DEL VALLE|0\",\"1562|MX|NAY|SAN JOSE DEL VALLE|0\",\"1563|MX|GTO|SAN JOSE ITURBIDE|0\",\"1564|MX|PUE|SAN JOSE MIAHUATLAN|0\",\"1565|MX|PUE|SAN JUAN AMECAC|0\",\"1566|MX|OAX|SAN JUAN BAUTISTA COIXTLAHUACA|0\",\"1567|MX|OAX|SAN JUAN BAUTISTA CUICATLAN|0\",\"1568|MX|OAX|SAN JUAN BAUTISTA LO DE SOTO|0\",\"1569|MX|OAX|SAN JUAN BAUTISTA TUXTEPEC|0\",\"1570|MX|OAX|SAN JUAN BAUTISTA VALLE NACION|0\",\"1571|MX|OAX|SAN JUAN CACAHUATEPEC|0\",\"1572|MX|OAX|SAN JUAN COATZOSPAM|0\",\"1573|MX|OAX|SAN JUAN COLORADO|0\",\"1574|MX|OAX|SAN JUAN COTZOCON|0\",\"1575|MX|PUE|SAN JUAN CUAUTLANCINGO|0\",\"1576|MX|NAY|SAN JUAN DE ABAJO|0\",\"1577|MX|DGO|SAN JUAN DE GUADALUPE|0\",\"1578|MX|GTO|SAN JUAN DE LA VEGA|0\",\"1579|MX|JAL|SAN JUAN DE LOS LAGOS|0\",\"1580|MX|BCS|SAN JUAN DE LOS PLANES|0\",\"1581|MX|COAH|SAN JUAN DE SABINAS|0\",\"1582|MX|GTO|SAN JUAN DEL LLANITO|0\",\"1583|MX|DGO|SAN JUAN DEL RIO|0\",\"1584|MX|QRO|SAN JUAN DEL RIO|0\",\"1585|MX|OAX|SAN JUAN GUICHICOVI|0\",\"1586|MX|PUE|SAN JUAN IXCAQUIXTLA|0\",\"1587|MX|OAX|SAN JUAN NUMI|0\",\"1588|MX|OAX|SAN JUAN QUIAHIJE|0\",\"1589|MX|MEX|SAN JUAN TEOTIHUACAN|0\",\"1590|MX|CHIH|SAN JUANITO|0\",\"1591|MX|JAL|SAN JUANITO DE ESCOBEDO|0\",\"1592|MX|JAL|SAN JULIAN|0\",\"1593|MX|MICH|SAN LUCAS|0\",\"1594|MX|OAX|SAN LUCAS OJITLAN|0\",\"1595|MX|GRO|SAN LUIS ACATLAN|0\",\"1596|MX|GRO|SAN LUIS DE LA LOMA|0\",\"1597|MX|GTO|SAN LUIS DE LA PAZ|0\",\"1598|MX|DGO|SAN LUIS DEL CORDERO|0\",\"1599|MX|SLP|SAN LUIS POTOSI|0\",\"1600|MX|SON|SAN LUIS RIO COLORADO|0\",\"1601|MX|JAL|SAN LUIS SOYATLAN|0\",\"1602|MX|GRO|SAN MARCOS|0\",\"1603|MX|JAL|SAN MARCOS|0\",\"1604|MX|SLP|SAN MARTIN CHALCHICUAUTLA|0\",\"1605|MX|JAL|SAN MARTIN DE BOLANOS|0\",\"1606|MX|MEX|SAN MARTIN DE LAS PIRAMIDES|0\",\"1607|MX|JAL|SAN MARTIN HIDALGO|0\",\"1608|MX|OAX|SAN MARTIN PERAS|0\",\"1609|MX|PUE|SAN MARTIN TEXMELUCAN|0\",\"1610|MX|MEX|SAN MATEO ATENCO|0\",\"1611|MX|MEX|SAN MATEO MEXICALTZINGO|0\",\"1612|MX|OAX|SAN MIGUEL AHUEHUETITLAN|0\",\"1613|MX|GTO|SAN MIGUEL DE ALLENDE|0\",\"1614|MX|DGO|SAN MIGUEL DE CRUCES|0\",\"1615|MX|JAL|SAN MIGUEL EL ALTO|0\",\"1616|MX|OAX|SAN MIGUEL EL GRANDE|0\",\"1617|MX|MEX|SAN MIGUEL JAGUEYES|0\",\"1618|MX|GTO|SAN MIGUEL OCTOPAN|0\",\"1619|MX|QRO|SAN MIGUEL PALMAS|0\",\"1620|MX|OAX|SAN MIGUEL SOLA DE VEGA|0\",\"1621|MX|OAX|SAN MIGUEL SOYALTEPEC|0\",\"1622|MX|OAX|SAN MIGUEL SUCHIXTEPEC|0\",\"1623|MX|PUE|SAN MIGUEL TENEXTATILOYAN|0\",\"1624|MX|OAX|SAN MIGUEL TLACOTEPEC|0\",\"1625|MX|GRO|SAN MIGUEL TOTOLAPAN|0\",\"1626|MX|PUE|SAN MIGUEL XOXTLA|0\",\"1627|MX|SIN|SAN MIGUEL ZAPOTITLAN|0\",\"1628|MX|MEX|SAN MIGUEL ZINACANTEPEC|0\",\"1629|MX|GRO|SAN NICOLAS|0\",\"1630|MX|GTO|SAN NICOLAS DE LOS AGUSTINOS|0\",\"1631|MX|NL|SAN NICOLAS DE LOS GARZA|0\",\"1632|MX|PUE|SAN NICOLAS DE LOS RANCHOS|0\",\"1633|MX|PUE|SAN PABLO ANICANO|0\",\"1634|MX|TLAX|SAN PABLO DEL MONTE|0\",\"1635|MX|OAX|SAN PABLO HUITZO|0\",\"1636|MX|OAX|SAN PABLO HUIXTEPEC|0\",\"1637|MX|OAX|SAN PABLO VILLA DE MITLA|0\",\"1638|MX|JAL|SAN PATRICIO MELAQUE|0\",\"1639|MX|OAX|SAN PEDRO AMUZGOS|0\",\"1640|MX|OAX|SAN PEDRO APOSTOL|0\",\"1641|MX|PUE|SAN PEDRO CHOLULA|0\",\"1642|MX|OAX|SAN PEDRO COMITANCILLO|0\",\"1643|MX|SON|SAN PEDRO DE LA CUEVA|0\",\"1644|MX|COAH|SAN PEDRO DE LAS COLONIAS|0\",\"1645|MX|NL|SAN PEDRO GARZA GARCIA|0\",\"1646|MX|OAX|SAN PEDRO HUAMELULA|0\",\"1647|MX|OAX|SAN PEDRO JICAYAN|0\",\"1648|MX|NAY|SAN PEDRO LAGUNILLAS|0\",\"1649|MX|OAX|SAN PEDRO MIXTEPEC|0\",\"1650|MX|OAX|SAN PEDRO POCHUTLA|0\",\"1651|MX|OAX|SAN PEDRO QUIATONI|0\",\"1652|MX|SIN|SAN PEDRO ROSALES|0\",\"1653|MX|OAX|SAN PEDRO TAPANATEPEC|0\",\"1654|MX|GTO|SAN PEDRO TENANGO|0\",\"1655|MX|JAL|SAN PEDRO TLAQUEPAQUE|0\",\"1656|MX|OAX|SAN PEDRO TOTOLAPAM|0\",\"1657|MX|OAX|SAN PEDRO Y SAN PABLO AYUTLA|0\",\"1658|MX|VER|SAN RAFAEL|0\",\"1659|MX|MEX|SAN SALVADOR ATENCO|0\",\"1660|MX|PUE|SAN SALVADOR EL SECO|0\",\"1661|MX|PUE|SAN SALVADOR EL VERDE|0\",\"1662|MX|PUE|SAN SALVADOR HUIXCOLOTLA|0\",\"1663|MX|JAL|SAN SEBASTIAN DEL OESTE|0\",\"1664|MX|GTO|SAN SEBASTIAN DEL SALITRE|0\",\"1665|MX|JAL|SAN SEBASTIAN DEL SUR|0\",\"1666|MX|MEX|SAN SEBASTIAN EL GRANDE|0\",\"1667|MX|OAX|SAN SEBASTIAN TECOMAXTLAHUACA|0\",\"1668|MX|OAX|SAN SEBASTIAN TUTLA|0\",\"1669|MX|PUE|SAN SEBASTIAN ZINACATEPEC|0\",\"1670|MX|TLAX|SAN SIMEON XIPETZINGO|0\",\"1671|MX|MEX|SAN VICENTE CHICOLOAPAN|0\",\"1672|MX|OAX|SAN VICENTE NUNU|0\",\"1673|MX|SLP|SAN VICENTE TANCUAYALAB|0\",\"1674|MX|SON|SANTA ANA|0\",\"1675|MX|TLAX|SANTA ANA CHIAUTEMPAN|0\",\"1676|MX|MICH|SANTA ANA MAYA|0\",\"1677|MX|GTO|SANTA ANA PACUECO|0\",\"1678|MX|PUE|SANTA ANA TAMAZOLA|0\",\"1679|MX|JAL|SANTA ANITA|0\",\"1680|MX|CHIH|SANTA BARBARA|0\",\"1681|MX|GTO|SANTA CATARINA|0\",\"1682|MX|NL|SANTA CATARINA|0\",\"1683|MX|SLP|SANTA CATARINA|0\",\"1684|MX|TLAX|SANTA CATARINA AYOMETLA|0\",\"1685|MX|OAX|SANTA CATARINA JUQUILA|0\",\"1686|MX|OAX|SANTA CATARINA YOSONOTU|0\",\"1687|MX|DGO|SANTA CLARA|0\",\"1688|MX|MICH|SANTA CLARA DEL COBRE|0\",\"1689|MX|PUE|SANTA CLARA HUITZILTEPEC|0\",\"1690|MX|GTO|SANTA CRUZ DE GAMBOA|0\",\"1691|MX|GTO|SANTA CRUZ DE JUVENTINO ROSAS|0\",\"1692|MX|OAX|SANTA CRUZ TACACHE DE MINA|0\",\"1693|MX|TLAX|SANTA CRUZ TLAXCALA|0\",\"1694|MX|OAX|SANTA CRUZ XOXOCOTLAN|0\",\"1695|MX|PUE|SANTA INES AHUATEMPAN|0\",\"1696|MX|PUE|SANTA ISABEL CHOLULA|0\",\"1697|MX|OAX|SANTA LUCIA DEL CAMINO|0\",\"1698|MX|OAX|SANTA MARIA ATZOMPA|0\",\"1699|MX|OAX|SANTA MARIA CHILCHOTLA|0\",\"1700|MX|OAX|SANTA MARIA COLOTEPEC|0\",\"1701|MX|DGO|SANTA MARIA DEL ORO|0\",\"1702|MX|JAL|SANTA MARIA DEL ORO|0\",\"1703|MX|NAY|SANTA MARIA DEL ORO|0\",\"1704|MX|SLP|SANTA MARIA DEL RIO|0\",\"1705|MX|OAX|SANTA MARIA HUAZOLOTITLAN|0\",\"1706|MX|OAX|SANTA MARIA JACATEPEC|0\",\"1707|MX|OAX|SANTA MARIA JALAPA DEL MARQUES|0\",\"1708|MX|OAX|SANTA MARIA TEPANTLALI|0\",\"1709|MX|OAX|SANTA MARIA TONAMECA|0\",\"1710|MX|OAX|SANTA MARIA XADANI|0\",\"1711|MX|OAX|SANTA MARIA YUCUHITI|0\",\"1712|MX|OAX|SANTA MARIA ZACATEPEC|0\",\"1713|MX|OAX|SANTA MARIA ZOQUITLAN|0\",\"1714|MX|QRO|SANTA ROSA JAUREGUI|0\",\"1715|MX|BCS|SANTA ROSALIA|0\",\"1716|MX|JAL|SANTA TERESITA|0\",\"1717|MX|TAMPS|SANTANDER JIMENEZ|0\",\"1718|MX|NL|SANTIAGO|0\",\"1719|MX|OAX|SANTIAGO ASTATA|0\",\"1720|MX|OAX|SANTIAGO CHAZUMBA|0\",\"1721|MX|OAX|SANTIAGO CHOAPAM|0\",\"1722|MX|QRO|SANTIAGO DE QUERETARO|0\",\"1723|MX|OAX|SANTIAGO HUAJOLOTITLAN|0\",\"1724|MX|NAY|SANTIAGO IXCUINTLA|0\",\"1725|MX|OAX|SANTIAGO JAMILTEPEC|0\",\"1726|MX|OAX|SANTIAGO JUXTLAHUACA|0\",\"1727|MX|GTO|SANTIAGO MARAVATIO|0\",\"1728|MX|OAX|SANTIAGO MATATLAN|0\",\"1729|MX|OAX|SANTIAGO NILTEPEC|0\",\"1730|MX|OAX|SANTIAGO NUYOO|0\",\"1731|MX|DGO|SANTIAGO PAPASQUIARO|0\",\"1732|MX|OAX|SANTIAGO TAMAZOLA|0\",\"1733|MX|MICH|SANTIAGO TANGAMANDAPIO|0\",\"1734|MX|MEX|SANTIAGO TIANGUISTENCO|0\",\"1735|MX|VER|SANTIAGO TUXTLA|0\",\"1736|MX|OAX|SANTIAGO YOLOMECATL|0\",\"1737|MX|OAX|SANTIAGO YOSONDUA|0\",\"1738|MX|SLP|SANTO DOMINGO|0\",\"1739|MX|OAX|SANTO DOMINGO INGENIO|0\",\"1740|MX|OAX|SANTO DOMINGO PETAPA|0\",\"1741|MX|OAX|SANTO DOMINGO TEHUANTEPEC|0\",\"1742|MX|OAX|SANTO DOMINGO TONALA|0\",\"1743|MX|OAX|SANTO DOMINGO ZANATEPEC|0\",\"1744|MX|OAX|SANTOS REYES NOPALA|0\",\"1745|MX|OAX|SANTOS REYES TEPEJILLO|0\",\"1746|MX|CHIH|SAUCILLO|0\",\"1747|MX|JAL|SAYULA|0\",\"1748|MX|VER|SAYULA DE ALEMAN|0\",\"1749|MX|MICH|SENGUIO|0\",\"1750|MX|NAY|SENTISPAC|0\",\"1751|MX|CAMP|SEYBAPLAYA|0\",\"1752|MX|YUC|SEYE|0\",\"1753|MX|CAMP|SIHOCHAC|0\",\"1754|MX|OAX|SILACAYOAPAN|0\",\"1755|MX|GTO|SILAO|0\",\"1756|MX|CHIS|SILTEPEC|0\",\"1757|MX|CHIS|SIMOJOVEL|0\",\"1758|MX|CHIH|SIN CAMBIOS|0\",\"1759|MX|SIN|SINALOA DE LEYVA|0\",\"1760|MX|YUC|SINANCHE|0\",\"1761|MX|VER|SOCHIAPA|0\",\"1762|MX|CHIS|SOCOLTENANGO|0\",\"1763|MX|OAX|SOLA DE VEGA|0\",\"1764|MX|VER|SOLEDAD ATZOMPA|0\",\"1765|MX|VER|SOLEDAD DE DOBLADO|0\",\"1766|MX|SLP|SOLEDAD DE GRACIANO SANCHEZ|0\",\"1767|MX|QROO|SOLIDARIDAD|0\",\"1768|MX|ZAC|SOMBRERETE|0\",\"1769|MX|SON|SONOITA|0\",\"1770|MX|VER|SOTEAPAN|0\",\"1771|MX|TAMPS|SOTO LA MARINA|0\",\"1772|MX|YUC|SOTUTA|0\",\"1773|MX|CHIS|SOYATITAN|0\",\"1774|MX|JAL|SOYATLAN DEL ORO|0\",\"1775|MX|CHIS|SUCHIAPA|0\",\"1776|MX|CHIS|SUCHIATE|0\",\"1777|MX|DGO|SUCHIL|0\",\"1778|MX|VER|SUCHILAPAN DEL RIO|0\",\"1779|MX|MEX|SULTEPEC|0\",\"1780|MX|YUC|SUMA|0\",\"1781|MX|MICH|SUSUPUATO|0\",\"1782|MX|TAB|TABASCO|0\",\"1783|MX|ZAC|TABASCO|0\",\"1784|MX|MICH|TACAMBARO DE CODALLOS|0\",\"1785|MX|TAB|TACOTALPA|0\",\"1786|MX|YUC|TAHMEK|0\",\"1787|MX|JAL|TALA|0\",\"1788|MX|OAX|TALEA DE CASTRO|0\",\"1789|MX|JAL|TALPA DE ALLENDE|0\",\"1790|MX|SLP|TAMASOPO|0\",\"1791|MX|JAL|TAMAZULA DE GORDIANO|0\",\"1792|MX|DGO|TAMAZULA DE VICTORIA|0\",\"1793|MX|OAX|TAMAZULAPAN|0\",\"1794|MX|SLP|TAMAZUNCHALE|0\",\"1795|MX|VER|TAMIAHUA|0\",\"1796|MX|SLP|TAMPAMOLON CORONA|0\",\"1797|MX|TAMPS|TAMPICO|0\",\"1798|MX|VER|TAMPICO ALTO|0\",\"1799|MX|SLP|TAMUIN|0\",\"1800|MX|SLP|TANCANHUITZ DE SANTOS|0\",\"1801|MX|MICH|TANCITARO|0\",\"1802|MX|MICH|TANGAMANDAPIO|0\",\"1803|MX|MICH|TANGANCICUARO|0\",\"1804|MX|MICH|TANHUATO|0\",\"1805|MX|SLP|TANLAJAS|0\",\"1806|MX|SLP|TANQUIAN DE ESCOBEDO|0\",\"1807|MX|VER|TANTOYUCA|0\",\"1808|MX|CHIS|TAPACHULA|0\",\"1809|MX|JAL|TAPALPA|0\",\"1810|MX|CHIS|TAPILULA|0\",\"1811|MX|GTO|TARANDACUAO|0\",\"1812|MX|MICH|TARECUATO|0\",\"1813|MX|MICH|TARETAN|0\",\"1814|MX|MICH|TARIMBARO|0\",\"1815|MX|GTO|TARIMORO|0\",\"1816|MX|HGO|TASQUILLO|0\",\"1817|MX|VER|TATAHUICAPAN|0\",\"1818|MX|GRO|TAXCO|0\",\"1819|MX|DGO|TAYOLTITA|0\",\"1820|MX|YUC|TEABO|0\",\"1821|MX|TAB|TEAPA|0\",\"1822|MX|PUE|TECALI DE HERRERA|0\",\"1823|MX|JAL|TECALITLAN|0\",\"1824|MX|MEX|TECAMAC|0\",\"1825|MX|PUE|TECAMACHALCO|0\",\"1826|MX|BCN|TECATE|0\",\"1827|MX|GRO|TECOANAPA|0\",\"1828|MX|YUC|TECOH|0\",\"1829|MX|JAL|TECOLOTLAN|0\",\"1830|MX|VER|TECOLUTLA|0\",\"1831|MX|COL|TECOMAN|0\",\"1832|MX|PUE|TECOMATLAN|0\",\"1833|MX|HGO|TECOZAUTLA|0\",\"1834|MX|GRO|TECPAN DE GALEANA|0\",\"1835|MX|CHIS|TECPATAN|0\",\"1836|MX|NAY|TECUALA|0\",\"1837|MX|PUE|TEHUACAN|0\",\"1838|MX|VER|TEHUIPANGO|0\",\"1839|MX|PUE|TEHUITZINGO|0\",\"1840|MX|MOR|TEHUIXTLA|0\",\"1841|MX|MEX|TEJUPILCO|0\",\"1842|MX|YUC|TEKAX|0\",\"1843|MX|YUC|TEKIT|0\",\"1844|MX|YUC|TELCHAC PUEBLO|0\",\"1845|MX|GRO|TELOLOAPAN|0\",\"1846|MX|VER|TEMAPACHE|0\",\"1847|MX|OAX|TEMASCAL|0\",\"1848|MX|MEX|TEMASCALAPA|0\",\"1849|MX|MEX|TEMASCALCINGO|0\",\"1850|MX|MEX|TEMASCALTEPEC|0\",\"1851|MX|YUC|TEMAX|0\",\"1852|MX|VER|TEMAXCALAPA|0\",\"1853|MX|MOR|TEMIXCO|0\",\"1854|MX|MOR|TEMOAC|0\",\"1855|MX|MEX|TEMOAYA|0\",\"1856|MX|CHIH|TEMORIS|0\",\"1857|MX|YUC|TEMOZON|0\",\"1858|MX|VER|TEMPOAL|0\",\"1859|MX|CAMP|TENABO|0\",\"1860|MX|JAL|TENAMAXTLAN|0\",\"1861|MX|PUE|TENAMPULCO|0\",\"1862|MX|MEX|TENANCINGO|0\",\"1863|MX|TLAX|TENANCINGO|0\",\"1864|MX|MEX|TENANGO DE ARISTA|0\",\"1865|MX|HGO|TENANGO DE DORIA|0\",\"1866|MX|MEX|TENANGO DEL VALLE|0\",\"1867|MX|MOR|TENEXTEPANGO|0\",\"1868|MX|TAB|TENOSIQUE|0\",\"1869|MX|JAL|TEOCALTICHE|0\",\"1870|MX|VER|TEOCELO|0\",\"1871|MX|JAL|TEOCUITATLAN DE CORONA|0\",\"1872|MX|TLAX|TEOLOCHOLCO|0\",\"1873|MX|MEX|TEOLOYUCAN|0\",\"1874|MX|CHIS|TEOPISCA|0\",\"1875|MX|MEX|TEOTIHUACAN DE ARISTA|0\",\"1876|MX|OAX|TEOTITLAN DE FLORES MAGON|0\",\"1877|MX|OAX|TEOTITLAN DEL VALLE|0\",\"1878|MX|SON|TEPACHE|0\",\"1879|MX|MICH|TEPALCATEPEC|0\",\"1880|MX|MOR|TEPALCINGO|0\",\"1881|MX|PUE|TEPANGO DE RODRIGUEZ|0\",\"1882|MX|HGO|TEPATEPEC|0\",\"1883|MX|JAL|TEPATITLAN DE MORELOS|0\",\"1884|MX|PUE|TEPATLAXCO DE HIDALGO|0\",\"1885|MX|PUE|TEPEACA|0\",\"1886|MX|HGO|TEPEAPULCO|0\",\"1887|MX|ZAC|TEPECHITLAN|0\",\"1888|MX|GRO|TEPECOACUILCO DE TRUJANO|0\",\"1889|MX|HGO|TEPEHUACAN DE GUERRERO|0\",\"1890|MX|DGO|TEPEHUANES|0\",\"1891|MX|HGO|TEPEJI DEL RIO DE OCAMPO|0\",\"1892|MX|OAX|TEPELMEME VILLA DE MORELOS|0\",\"1893|MX|PUE|TEPEOJUMA|0\",\"1894|MX|TLAX|TEPETITLA DE LARDIZABAL|0\",\"1895|MX|MEX|TEPETLAOXTOC|0\",\"1896|MX|MEX|TEPETLIXPA|0\",\"1897|MX|VER|TEPETZINTLA|0\",\"1898|MX|PUE|TEPEXI DE RODRIGUEZ|0\",\"1899|MX|MEX|TEPEXPAN|0\",\"1900|MX|PUE|TEPEYAHUALCO|0\",\"1901|MX|TLAX|TEPEYANCO|0\",\"1902|MX|AGS|TEPEZALA|0\",\"1903|MX|NAY|TEPIC|0\",\"1904|MX|OAX|TEPOSCOLULA|0\",\"1905|MX|MEX|TEPOTZOTLAN|0\",\"1906|MX|MOR|TEPOZTLAN|0\",\"1907|MX|JAL|TEQUESQUITLAN|0\",\"1908|MX|JAL|TEQUILA|0\",\"1909|MX|VER|TEQUILA|0\",\"1910|MX|QRO|TEQUISQUIAPAN|0\",\"1911|MX|MEX|TEQUIXQUIAC|0\",\"1912|MX|MOR|TETECALA|0\",\"1913|MX|PUE|TETELA DE OCAMPO|0\",\"1914|MX|MOR|TETELA DEL VOLCAN|0\",\"1915|MX|HGO|TETEPANGO|0\",\"1916|MX|TLAX|TETLA|0\",\"1917|MX|JAL|TEUCHITLAN|0\",\"1918|MX|ZAC|TEUL DE GONZALEZ ORTEGA|0\",\"1919|MX|MEX|TEXCALTITLAN|0\",\"1920|MX|MEX|TEXCOCO|0\",\"1921|MX|VER|TEXHUACAN|0\",\"1922|MX|VER|TEXISTEPEC|0\",\"1923|MX|PUE|TEYUCA|0\",\"1924|MX|PUE|TEZIUTLAN|0\",\"1925|MX|OAX|TEZOATLAN DE SEGURA Y LUNA|0\",\"1926|MX|VER|TEZONAPA|0\",\"1927|MX|HGO|TEZONTEPEC DE ALDAMA|0\",\"1928|MX|MEX|TEZOYUCA|0\",\"1929|MX|HGO|TIANGUISTENGO|0\",\"1930|MX|YUC|TICUL|0\",\"1931|MX|GTO|TIERRA BLANCA|0\",\"1932|MX|VER|TIERRA BLANCA|0\",\"1933|MX|GRO|TIERRA COLORADA|0\",\"1934|MX|SLP|TIERRA NUEVA|0\",\"1935|MX|VER|TIHUATLAN|0\",\"1936|MX|BCN|TIJUANA|0\",\"1937|MX|CHIS|TILA|0\",\"1938|MX|YUC|TIMUCUY|0\",\"1939|MX|MICH|TINGAMBATO|0\",\"1940|MX|MICH|TINGUINDIN|0\",\"1941|MX|YUC|TINUM|0\",\"1942|MX|YUC|TIXKOKOB|0\",\"1943|MX|YUC|TIXPEHUAL|0\",\"1944|MX|GRO|TIXTLA DE GUERRERO|0\",\"1945|MX|JAL|TIZAPAN EL ALTO|0\",\"1946|MX|HGO|TIZAYUCA|0\",\"1947|MX|YUC|TIZIMIN|0\",\"1948|MX|PUE|TLACHICHUCA|0\",\"1949|MX|GRO|TLACOACHISTLAHUACA|0\",\"1950|MX|OAX|TLACOLULA DE MATAMOROS|0\",\"1951|MX|VER|TLACOTALPAN|0\",\"1952|MX|GRO|TLACOTEPEC|0\",\"1953|MX|PUE|TLACOTEPEC DE BENITO JUAREZ|0\",\"1954|MX|DGO|TLAHUALILO DE ZARAGOZA|0\",\"1955|MX|HGO|TLAHUELILPAN|0\",\"1956|MX|JAL|TLAJOMULCO DE ZUNIGA|0\",\"1957|MX|GRO|TLALCHAPA|0\",\"1958|MX|VER|TLALIXCOYAN|0\",\"1959|MX|OAX|TLALIXTAC DE CABRERA|0\",\"1960|MX|GRO|TLALIXTAQUILLA|0\",\"1961|MX|MEX|TLALMANALCO|0\",\"1962|MX|MEX|TLALNEPANTLA|0\",\"1963|MX|MOR|TLALNEPANTLA|0\",\"1964|MX|MICH|TLALPUJAHUA DE RAYON|0\",\"1965|MX|ZAC|TLALTENANGO|0\",\"1966|MX|VER|TLALTETELA|0\",\"1967|MX|MOR|TLALTIZAPAN|0\",\"1968|MX|HGO|TLANCHINOL|0\",\"1969|MX|GRO|TLAPA DE COMONFORT|0\",\"1970|MX|VER|TLAPACOYAN|0\",\"1971|MX|PUE|TLAPANALA|0\",\"1972|MX|GRO|TLAPEHUALA|0\",\"1973|MX|JAL|TLAQUEPAQUE|0\",\"1974|MX|MOR|TLAQUILTENANGO|0\",\"1975|MX|PUE|TLATLAUQUITEPEC|0\",\"1976|MX|MEX|TLATLAYA|0\",\"1977|MX|TLAX|TLAXCALA|0\",\"1978|MX|TLAX|TLAXCO|0\",\"1979|MX|HGO|TLAXCOAPAN|0\",\"1980|MX|OAX|TLAXIACO|0\",\"1981|MX|MOR|TLAYACAPAN|0\",\"1982|MX|MICH|TLAZAZALCA|0\",\"1983|MX|PUE|TOCHIMILCO|0\",\"1984|MX|PUE|TOCHTEPEC|0\",\"1985|MX|MICH|TOCUMBO|0\",\"1986|MX|BCS|TODOS SANTOS|0\",\"1987|MX|QRO|TOLIMAN|0\",\"1988|MX|MEX|TOLUCA|0\",\"1989|MX|JAL|TOMATLAN|0\",\"1990|MX|VER|TOMATLAN|0\",\"1991|MX|CHIS|TONALA|0\",\"1992|MX|JAL|TONALA|0\",\"1993|MX|MEX|TONATICO|0\",\"1994|MX|JAL|TONAYA|0\",\"1995|MX|JAL|TONILA|0\",\"1996|MX|DGO|TOPIA|0\",\"1997|MX|SIN|TOPOLOBAMPO|0\",\"1998|MX|COAH|TORREON|0\",\"1999|MX|TLAX|TOTOLAC|0\",\"2000|MX|JAL|TOTOTLAN|0\",\"2001|MX|VER|TOTUTLA|0\",\"2002|MX|ZAC|TRANCOSO|0\",\"2003|MX|VER|TRES VALLES|0\",\"2004|MX|TAMPS|TULA|0\",\"2005|MX|HGO|TULA DE ALLENDE|0\",\"2006|MX|HGO|TULANCINGO|0\",\"2007|MX|PUE|TULCINGO DEL VALLE|0\",\"2008|MX|MEX|TULTEPEC|0\",\"2009|MX|MEX|TULTITLAN|0\",\"2010|MX|QROO|TULUM|0\",\"2011|MX|YUC|TUNKAS|0\",\"2012|MX|MICH|TURICATO|0\",\"2013|MX|OAX|TUTUTEPEC|0\",\"2014|MX|JAL|TUXCUECA|0\",\"2015|MX|JAL|TUXPAN|0\",\"2016|MX|MICH|TUXPAN|0\",\"2017|MX|NAY|TUXPAN|0\",\"2018|MX|VER|TUXPAN|0\",\"2019|MX|OAX|TUXTEPEC|0\",\"2020|MX|CHIS|TUXTLA CHICO|0\",\"2021|MX|CHIS|TUXTLA GUTIERREZ|0\",\"2022|MX|MICH|TUZANTLA|0\",\"2023|MX|MICH|TZINTZUNTZAN|0\",\"2024|MX|YUC|TZUCACAB|0\",\"2025|MX|YUC|UCU|0\",\"2026|MX|YUC|UMAN|0\",\"2027|MX|JAL|UNION DE SAN ANTONIO|0\",\"2028|MX|JAL|UNION DE TULA|0\",\"2029|MX|OAX|UNION HIDALGO|0\",\"2030|MX|CHIS|UNION JUAREZ|0\",\"2031|MX|SON|URES|0\",\"2032|MX|GTO|URIANGATO|0\",\"2033|MX|CHIH|URIQUE|0\",\"2034|MX|MICH|URUAPAN|0\",\"2035|MX|VER|UXPANAPA|0\",\"2036|MX|CHIH|VALENTIN GOMEZ FARIAS|0\",\"2037|MX|YUC|VALLADOLID|0\",\"2038|MX|CHIH|VALLE DE ALLENDE|0\",\"2039|MX|NAY|VALLE DE BANDERAS|0\",\"2040|MX|MEX|VALLE DE BRAVO|0\",\"2041|MX|MEX|VALLE DE CHALCO SOLIDARIDAD|0\",\"2042|MX|JAL|VALLE DE GUADALUPE|0\",\"2043|MX|GTO|VALLE DE SANTIAGO|0\",\"2044|MX|CHIH|VALLE DE ZARAGOZA|0\",\"2045|MX|TAMPS|VALLE HERMOSO|0\",\"2046|MX|NL|VALLECILLO|0\",\"2047|MX|ZAC|VALPARAISO|0\",\"2048|MX|VER|VEGA DE ALATORRE|0\",\"2049|MX|SLP|VENADO|0\",\"2050|MX|CHIS|VENUSTIANO CARRANZA|0\",\"2051|MX|MICH|VENUSTIANO CARRANZA|0\",\"2052|MX|PUE|VENUSTIANO CARRANZA|0\",\"2053|MX|VER|VERACRUZ|0\",\"2054|MX|SON|VICAM|0\",\"2055|MX|OAX|VICENTE CAMALOTE|0\",\"2056|MX|BCN|VICENTE GUERRERO|0\",\"2057|MX|CHIH|VICENTE GUERRERO|0\",\"2058|MX|DGO|VICENTE GUERRERO|0\",\"2059|MX|PUE|VICENTE GUERRERO|0\",\"2060|MX|TAB|VICENTE GUERRERO|0\",\"2061|MX|GTO|VICTORIA|0\",\"2062|MX|DGO|VICTORIA DE DURANGO|0\",\"2063|MX|COAH|VIESCA|0\",\"2064|MX|SIN|VILLA ADOLFO LOPEZ MATEOS|0\",\"2065|MX|CHIH|VILLA AHUMADA|0\",\"2066|MX|BCS|VILLA ALBERTO ANDRES ALVARADO|0\",\"2067|MX|TAB|VILLA ALDAMA|0\",\"2068|MX|OAX|VILLA ALTA|0\",\"2069|MX|COL|VILLA ALVAREZ|0\",\"2070|MX|SIN|VILLA ANGEL FLORES|0\",\"2071|MX|PUE|VILLA AVILA CAMACHO|0\",\"2072|MX|VER|VILLA AZUETA|0\",\"2073|MX|TAB|VILLA BENITO JUAREZ|0\",\"2074|MX|VER|VILLA CAZONEZ|0\",\"2075|MX|CHIS|VILLA COMALTITLAN|0\",\"2076|MX|JAL|VILLA CORONA|0\",\"2077|MX|QRO|VILLA CORREGIDORA|0\",\"2078|MX|CHIS|VILLA CORZO|0\",\"2079|MX|CHIS|VILLA DE ALCALA|0\",\"2080|MX|MEX|VILLA DE ALLENDE|0\",\"2081|MX|COL|VILLA DE ALVAREZ|0\",\"2082|MX|SLP|VILLA DE ARISTA|0\",\"2083|MX|SLP|VILLA DE ARRIAGA|0\",\"2084|MX|ZAC|VILLA DE COS|0\",\"2085|MX|OAX|VILLA DE ETLA|0\",\"2086|MX|SLP|VILLA DE GUADALUPE|0\",\"2087|MX|SLP|VILLA DE RAMOS|0\",\"2088|MX|SLP|VILLA DE REYES|0\",\"2089|MX|HGO|VILLA DE TEZONTEPEC|0\",\"2090|MX|OAX|VILLA DE ZAACHILA|0\",\"2091|MX|MEX|VILLA DEL CARBON|0\",\"2092|MX|TLAX|VILLA DEL CARMEN TEQUEXQUITLA|0\",\"2093|MX|MEX|VILLA DONATO GUERRA|0\",\"2094|MX|ZAC|VILLA GARCIA|0\",\"2095|MX|ZAC|VILLA GONZALEZ ORTEGA|0\",\"2096|MX|MEX|VILLA GUERRERO|0\",\"2097|MX|SIN|VILLA GUSTAVO DIAZ ORDAZ|0\",\"2098|MX|JAL|VILLA HIDALGO|0\",\"2099|MX|NAY|VILLA HIDALGO|0\",\"2100|MX|OAX|VILLA HIDALGO|0\",\"2101|MX|SLP|VILLA HIDALGO|0\",\"2102|MX|SON|VILLA HIDALGO|0\",\"2103|MX|ZAC|VILLA HIDALGO|0\",\"2104|MX|MICH|VILLA JIMENEZ|0\",\"2105|MX|VER|VILLA JUANITA|0\",\"2106|MX|AGS|VILLA JUAREZ|0\",\"2107|MX|SLP|VILLA JUAREZ|0\",\"2108|MX|SON|VILLA JUAREZ|0\",\"2109|MX|MICH|VILLA MORELOS|0\",\"2110|MX|TAB|VILLA PLAYA DEL ROSARIO|0\",\"2111|MX|JAL|VILLA PURIFICACION|0\",\"2112|MX|OAX|VILLA SOLA DE VEGA|0\",\"2113|MX|OAX|VILLA TALEA DE CASTRO|0\",\"2114|MX|TAB|VILLA TECOLUTILLA|0\",\"2115|MX|DGO|VILLA UNION|0\",\"2116|MX|SIN|VILLA UNION|0\",\"2117|MX|TLAX|VILLA VICENTE GUERRERO|0\",\"2118|MX|MEX|VILLA VICTORIA|0\",\"2119|MX|MICH|VILLA VICTORIA|0\",\"2120|MX|CHIS|VILLAFLORES|0\",\"2121|MX|MEX|VILLAFLORES|0\",\"2122|MX|GTO|VILLAGRAN|0\",\"2123|MX|TAMPS|VILLAGRAN|0\",\"2124|MX|TAB|VILLAHERMOSA|0\",\"2125|MX|NL|VILLALDAMA|0\",\"2126|MX|MICH|VILLAMAR|0\",\"2127|MX|ZAC|VILLANUEVA|0\",\"2128|MX|MICH|VISTA HERMOSA|0\",\"2129|MX|MEX|XALATLACO|0\",\"2130|MX|NAY|XALISCO|0\",\"2131|MX|TLAX|XALOZTOC|0\",\"2132|MX|GRO|XALTIANGUIS|0\",\"2133|MX|TLAX|XALTOCAN|0\",\"2134|MX|QROO|XCALAK|0\",\"2135|MX|GTO|XICHU|0\",\"2136|MX|MEX|XICO|0\",\"2137|MX|VER|XICO|0\",\"2138|MX|TLAX|XICOHTZINCO|0\",\"2139|MX|TAMPS|XICOTENCATL|0\",\"2140|MX|PUE|XICOTEPEC DE JUAREZ|0\",\"2141|MX|SLP|XILITLA|0\",\"2142|MX|PUE|XIUTETELCO|0\",\"2143|MX|HGO|XOCHIATIPAN|0\",\"2144|MX|HGO|XOCHICOATLAN|0\",\"2145|MX|GRO|XOCHIHUEHUETLAN|0\",\"2146|MX|GRO|XOCHISTLAHUACA|0\",\"2147|MX|MOR|XOCHITEPEC|0\",\"2148|MX|PUE|XOCHITLAN DE VICENTE SUAREZ|0\",\"2149|MX|MEX|XONACATLAN|0\",\"2150|MX|VER|XOXOCOTLA|0\",\"2151|MX|CAMP|XPUJIL|0\",\"2152|MX|NAY|YAGO|0\",\"2153|MX|JAL|YAHUALICA|0\",\"2154|MX|CHIS|YAJALON|0\",\"2155|MX|VER|YANGA|0\",\"2156|MX|TLAX|YAUHQUEMEHCAN|0\",\"2157|MX|MOR|YAUTEPEC|0\",\"2158|MX|MOR|YECAPIXTLA|0\",\"2159|MX|SON|YECORA|0\",\"2160|MX|MICH|YURECUARO|0\",\"2161|MX|GTO|YURIRIA|0\",\"2162|MX|MICH|ZACAN|0\",\"2163|MX|PUE|ZACAPOAXTLA|0\",\"2164|MX|MICH|ZACAPU|0\",\"2165|MX|ZAC|ZACATECAS|0\",\"2166|MX|TLAX|ZACATELCO|0\",\"2167|MX|OAX|ZACATEPEC|0\",\"2168|MX|MOR|ZACATEPEC DE HIDALGO|0\",\"2169|MX|PUE|ZACATLAN|0\",\"2170|MX|JAL|ZACOALCO DE TORRES|0\",\"2171|MX|NAY|ZACUALPAN|0\",\"2172|MX|HGO|ZACUALTIPAN|0\",\"2173|MX|MICH|ZAMORA|0\",\"2174|MX|CHIS|ZAMORA PICO DE ORO|0\",\"2175|MX|JAL|ZAPOPAN|0\",\"2176|MX|JAL|ZAPOTILTIC|0\",\"2177|MX|JAL|ZAPOTITLAN DE VADILLO|0\",\"2178|MX|OAX|ZAPOTITLAN LAGUNAS|0\",\"2179|MX|PUE|ZAPOTITLAN SALINAS|0\",\"2180|MX|HGO|ZAPOTLAN DE JUAREZ|0\",\"2181|MX|JAL|ZAPOTLAN DEL REY|0\",\"2182|MX|JAL|ZAPOTLAN EL GRANDE|0\",\"2183|MX|JAL|ZAPOTLANEJO|0\",\"2184|MX|COAH|ZARAGOZA|0\",\"2185|MX|PUE|ZARAGOZA|0\",\"2186|MX|HGO|ZEMPOALA|0\",\"2187|MX|VER|ZEMPOALA|0\",\"2188|MX|VER|ZENTLA|0\",\"2189|MX|GRO|ZIHUATANEJO|0\",\"2190|MX|HGO|ZIMAPAN|0\",\"2191|MX|OAX|ZIMATLAN DE ALVAREZ|0\",\"2192|MX|MEX|ZINACANTEPEC|0\",\"2193|MX|MICH|ZINAPARO|0\",\"2194|MX|MICH|ZINAPECUARO DE FIGUEROA|0\",\"2195|MX|MICH|ZIRACUARETIRO|0\",\"2196|MX|GRO|ZIRANDARO|0\",\"2197|MX|MICH|ZITACUARO|0\",\"2198|MX|VER|ZONGOLICA|0\",\"2199|MX|VER|ZONTECOMATLAN|0\",\"2200|MX|PUE|ZOQUITLAN|0\",\"2201|MX|VER|ZOZOCOLCO|0\",\"2202|MX|MEX|ZUMPANGO|0\",\"2203|MX|GRO|ZUMPANGO DEL RIO|0\"]', '2020-01-10 08:15:39', '2020-02-19 18:29:12');
INSERT INTO `das_catalogo` (`id`, `titulo`, `texto`, `created_at`, `updated_at`) VALUES
(4, 'GetH2HCountryCurrencies', '[\"AB|USD|D\\u00f3lar estadounidense||\",\"AD|EUR|Euro||\",\"AE|AED|Dirham uae||\",\"AF|AFN|Afgani afgano||\",\"AF|USD|D\\u00f3lar estadounidense||\",\"AG|XCD|D\\u00f3lar del Caribe Oriental||\",\"AI|USD|D\\u00f3lar estadounidense||\",\"AI|XCD|D\\u00f3lar del Caribe Oriental||\",\"AL|ALL|Lek albano||\",\"AL|EUR|Euro||\",\"AN|ANG|Flor\\u00edn holandes||\",\"AO|AOA|Kwanza  angole\\u00f1o||\",\"AR|ARS|Peso argentino||\",\"AS|USD|D\\u00f3lar estadounidense||\",\"AT|EUR|Euro||\",\"AU|AUD|D\\u00f3lar australiano||\",\"AW|AWG|Flor\\u00edn arubeno||\",\"AZ|AZN|Manat azeri||\",\"AZ|USD|D\\u00f3lar estadounidense||\",\"BA|BAD|Marco  convertible||\",\"BA|EUR|Euro||\",\"BB|BBD|D\\u00f3lar barbadense||\",\"BD|BDT|Taka bangladesh||\",\"BE|EUR|Euro||\",\"BF|XOF|Franco CFA BCEAO||\",\"BG|BGN|Lev bulgaro||\",\"BG|EUR|Euro||\",\"BH|BHD|Dinar bahreini||\",\"BH|USD|D\\u00f3lar estadounidense||\",\"BI|BIF|Franco burundes||\",\"BI|USD|D\\u00f3lar estadounidense||\",\"BJ|XOF|Franco CFA BCEAO||\",\"BL|EUR|Euro||\",\"BM|BMD|ISLAS BERMUDAS||\",\"BM|USD|D\\u00f3lar estadounidense||\",\"BN|BND|D\\u00f3lar bruneano||\",\"BO|BOB|Bolivar boliviano||\",\"BO|USD|D\\u00f3lar estadounidense||\",\"BR|BRL|Real brasileno||\",\"BR|USD|D\\u00f3lar estadounidense||\",\"BS|BSD|D\\u00f3lar bahameno||\",\"BT|BTN|Ngultrum but\\u00e1nes||\",\"BW|BWP|Pulan botswana||\",\"BY|BYN|Rublo bielorruso||\",\"BY|USD|D\\u00f3lar estadounidense||\",\"BZ|BZD|D\\u00f3lar beliceno||\",\"C2|GBP|Libra esterlina||\",\"C2|USD|D\\u00f3lar estadounidense||\",\"CA|CAD|D\\u00f3lar canadiense||\",\"CD|USD|D\\u00f3lar estadounidense||\",\"CF|XAF|Franco CFA BEAC||\",\"CG|XAF|Franco CFA BEAC||\",\"CH|CHF|Franco suizo||\",\"CI|XOF|Franco CFA BCEAO||\",\"CK|NZD|D\\u00f3lar neozeland||\",\"CL|CLP|Peso chileno||\",\"CM|XAF|Franco CFA BEAC||\",\"CN|CNY|Yuan renminbi chino||\",\"CN|USD|D\\u00f3lar estadounidense||\",\"CO|COP|Peso colombiano||\",\"CR|CRC|Col\\u00f3n costarricense||\",\"CR|USD|D\\u00f3lar estadounidense||\",\"CU|CUC|Peso cubano convertible||\",\"CV|CVE|Escudo Cabo Verde||\",\"CY|EUR|Euro||\",\"CZ|CZK|Koruna checo||\",\"DE|EUR|Euro||\",\"DJ|DJF|Franco Yibuti||\",\"DJ|USD|D\\u00f3lar estadounidense||\",\"DK|DKK|Corona danesa||\",\"DM|XCD|D\\u00f3lar del Caribe Oriental||\",\"DO|DOP|Peso dominicano||\",\"DZ|DZD|Dinar algeriano||\",\"EC|USD|D\\u00f3lar estadounidense||\",\"EE|EUR|Euro||\",\"EG|EGP|Libra egipcia||\",\"EG|USD|D\\u00f3lar estadounidense||\",\"ER|ERN|Nakfa eritreo||\",\"ES|EUR|Euro||\",\"ET|ETB|Birr et\\u00edope||\",\"ET|USD|D\\u00f3lar estadounidense||\",\"FI|EUR|Euro||\",\"FJ|FJD|D\\u00f3lar fiji||\",\"FK|FKP|Libra malvinense||\",\"FM|USD|D\\u00f3lar estadounidense||\",\"FR|EUR|Euro||\",\"GA|XAF|Franco CFA BEAC||\",\"GB|GBP|Libra esterlina||\",\"GD|XCD|D\\u00f3lar del Caribe Oriental||\",\"GE|GEL|Lari georgiano||\",\"GE|USD|D\\u00f3lar estadounidense||\",\"GF|EUR|Euro||\",\"GH|GHS|Cedi ghanes||\",\"GI|GBP|Libra esterlina||\",\"GM|GMD|Dalasi gambiano||\",\"GN|GNF|Franco guineano||\",\"GP|EUR|Euro||\",\"GQ|XAF|Franco CFA BEAC||\",\"GR|EUR|Euro||\",\"GT|GTQ|Quetzal guatemalteco||\",\"GU|USD|D\\u00f3lar estadounidense||\",\"GW|XOF|Franco CFA BCEAO||\",\"GY|GYD|D\\u00f3lar guyanes||\",\"HK|HKD|D\\u00f3lar de Hong Kong||\",\"HK|USD|D\\u00f3lar estadounidense||\",\"HN|HNL|Lempira hondureno||\",\"HR|HRK|Kuna croata||\",\"HT|USD|D\\u00f3lar estadounidense||\",\"HU|HUF|Flor\\u00edn hungaro||\",\"ID|IDR|Rupia indonesia||\",\"IE|EUR|Euro||\",\"IL|ILS|Shekel israeli||\",\"IL|USD|D\\u00f3lar estadounidense||\",\"IN|INR|Rupia india||\",\"IQ|IQD|Dinar iraqui||\",\"IQ|USD|D\\u00f3lar estadounidense||\",\"IS|ISK|Corona islandesa||\",\"IT|EUR|Euro||\",\"JM|JMD|D\\u00f3lar jamaicano||\",\"JO|JOD|Dinar jordano||\",\"JP|JPY|Yen japones||\",\"K1|EUR|Euro||\",\"KE|KES|Chel\\u00edn keniata||\",\"KG|USD|D\\u00f3lar estadounidense||\",\"KH|USD|D\\u00f3lar estadounidense||\",\"KI|AUD|D\\u00f3lar australiano||\",\"KM|KMF|Franco comorano||\",\"KN|USD|D\\u00f3lar estadounidense||\",\"KR|USD|D\\u00f3lar estadounidense||\",\"KW|KWD|Dinar kuwait\\u00ed||\",\"KY|KYD|D\\u00f3lar Islas Caim||\",\"KZ|KZT|Tenge Kazako||\",\"KZ|USD|D\\u00f3lar estadounidense||\",\"LA|LAK|Kip lao||\",\"LB|LBP|Libra libanesa||\",\"LC|XCD|D\\u00f3lar del Caribe Oriental||\",\"LI|CHF|Franco suizo||\",\"LK|LKR|Rupia Sri Lanka||\",\"LR|USD|D\\u00f3lar estadounidense||\",\"LS|USD|D\\u00f3lar estadounidense||\",\"LT|EUR|Euro||\",\"LU|EUR|Euro||\",\"LV|EUR|Euro||\",\"LV|USD|D\\u00f3lar estadounidense||\",\"LY|LYD|Dinar libio||\",\"MA|MAD|Dirham marroqu\\u00ed||\",\"MC|EUR|Euro||\",\"MD|EUR|Euro||\",\"MD|MDL|Leu moldavo||\",\"MD|USD|D\\u00f3lar estadounidense||\",\"ME|EUR|Euro||\",\"MF|EUR|Euro||\",\"MF|USD|D\\u00f3lar estadounidense||\",\"MG|MGA|Franco malgache||\",\"MH|USD|D\\u00f3lar estadounidense||\",\"MK|EUR|Euro||\",\"MK|USD|D\\u00f3lar estadounidense||\",\"ML|XOF|Franco CFA BCEAO||\",\"MM|MMK|Kyat myanmar||\",\"MN|USD|D\\u00f3lar estadounidense||\",\"MO|MOP|Pataca macau||\",\"MP|USD|D\\u00f3lar estadounidense||\",\"MQ|EUR|Euro||\",\"MR|MRU|Nueva Ouguiya||\",\"MS|XCD|D\\u00f3lar del Caribe Oriental||\",\"MT|EUR|Euro||\",\"MU|MUR|Rupia mauriciana||\",\"MV|MVR|Rufiyaa malavi||\",\"MV|USD|D\\u00f3lar estadounidense||\",\"MW|MWK|Kwacha malavi||\",\"MX|MXN|Peso mexicano||\",\"MY|MYR|Ringgit malayo||\",\"MZ|MZN|Metical mozambiqueno||\",\"NA|USD|D\\u00f3lar estadounidense||\",\"NE|XOF|Franco CFA BCEAO||\",\"NG|NGN|Naira nigeria||\",\"NI|USD|D\\u00f3lar estadounidense||\",\"NL|EUR|Euro||\",\"NO|NOK|Corona noruega||\",\"NP|NPR|Rupia nepali||\",\"NR|AUD|D\\u00f3lar australiano||\",\"NU|NZD|D\\u00f3lar neozeland||\",\"NZ|NZD|D\\u00f3lar neozeland||\",\"OM|OMR|Rial oman\\u00ed||\",\"OM|USD|D\\u00f3lar estadounidense||\",\"PA|USD|D\\u00f3lar estadounidense||\",\"PE|PEN|Sol||\",\"PE|USD|D\\u00f3lar estadounidense||\",\"PG|PGK|Kina papua nueva guinea||\",\"PH|PHP|Peso filipino||\",\"PH|USD|D\\u00f3lar estadounidense||\",\"PK|PKR|Rupia pakistani||\",\"PL|EUR|Euro||\",\"PL|PLN|Zloty polaco||\",\"PR|USD|D\\u00f3lar estadounidense||\",\"PS|ILS|Shekel israeli||\",\"PS|JOD|Dinar jordano||\",\"PS|USD|D\\u00f3lar estadounidense||\",\"PT|EUR|Euro||\",\"PW|USD|D\\u00f3lar estadounidense||\",\"PY|PYG|Guarani paraguayo||\",\"PY|USD|D\\u00f3lar estadounidense||\",\"QA|QAR|Rial qatari||\",\"QM|USD|D\\u00f3lar estadounidense||\",\"QN|USD|D\\u00f3lar estadounidense||\",\"QO|USD|D\\u00f3lar estadounidense||\",\"QP|USD|D\\u00f3lar estadounidense||\",\"QQ|USD|D\\u00f3lar estadounidense||\",\"QR|USD|D\\u00f3lar estadounidense||\",\"QS|USD|D\\u00f3lar estadounidense||\",\"QT|USD|D\\u00f3lar estadounidense||\",\"QU|USD|D\\u00f3lar estadounidense||\",\"QV|USD|D\\u00f3lar estadounidense||\",\"QW|USD|D\\u00f3lar estadounidense||\",\"QX|USD|D\\u00f3lar estadounidense||\",\"QY|USD|D\\u00f3lar estadounidense||\",\"QZ|USD|D\\u00f3lar estadounidense||\",\"RE|EUR|Euro||\",\"RO|EUR|Euro||\",\"RO|RON|Leu rumano||\",\"RU|RUR|Rublo  ruso||\",\"RU|USD|D\\u00f3lar estadounidense||\",\"RW|RWF|Franco ruandes||\",\"RW|USD|D\\u00f3lar estadounidense||\",\"S1|ANG|Flor\\u00edn holandes||\",\"S1|USD|D\\u00f3lar estadounidense||\",\"SA|SAR|Riyal saud\\u00ed||\",\"SB|SBD|D\\u00f3lar salomon||\",\"SC|SCR|Rupia de Seychelles||\",\"SD|SDG|Libra Sudanes||\",\"SE|SEK|Corona sueca||\",\"SG|SGD|D\\u00f3lar singapurense||\",\"SI|EUR|Euro||\",\"SK|EUR|Euro||\",\"SL|SLL|Leone sierra leona||\",\"SN|XOF|Franco CFA BCEAO||\",\"SR|EUR|Euro||\",\"SR|USD|D\\u00f3lar estadounidense||\",\"SS|SSP|Libra sursudanesa||\",\"SS|USD|D\\u00f3lar estadounidense||\",\"SV|USD|D\\u00f3lar estadounidense||\",\"SY|SYP|Libra siria||\",\"SZ|USD|D\\u00f3lar estadounidense||\",\"TC|USD|D\\u00f3lar estadounidense||\",\"TD|XAF|Franco CFA BEAC||\",\"TG|XOF|Franco CFA BCEAO||\",\"TH|THB|Baht tailandes||\",\"TJ|USD|D\\u00f3lar estadounidense||\",\"TM|USD|D\\u00f3lar estadounidense||\",\"TN|TND|Dinar tunecino||\",\"TO|TOP|Pa\'anga tonga||\",\"TP|USD|D\\u00f3lar estadounidense||\",\"TR|EUR|Euro||\",\"TR|TRY|Nueva lira turca||\",\"TR|USD|D\\u00f3lar estadounidense||\",\"TT|TTD|D\\u00f3lar trinidad y tobago||\",\"TV|AUD|D\\u00f3lar australiano||\",\"TW|USD|D\\u00f3lar estadounidense||\",\"TZ|TZS|Chel\\u00edn tanzano||\",\"UA|USD|D\\u00f3lar estadounidense||\",\"UG|UGX|Chel\\u00edn ugandes||\",\"US|USD|D\\u00f3lar estadounidense||\",\"UY|USD|D\\u00f3lar estadounidense||\",\"UY|UYP|Peso  uruguayo||\",\"UZ|USD|D\\u00f3lar estadounidense||\",\"VC|XCD|D\\u00f3lar del Caribe Oriental||\",\"VE|VIB|Bolivar fuerte venezolano||\",\"VG|USD|D\\u00f3lar estadounidense||\",\"VI|USD|D\\u00f3lar estadounidense||\",\"VN|USD|D\\u00f3lar estadounidense||\",\"VN|VND|Dong vietnamita||\",\"VU|VUV|Vatu vanuatu||\",\"WS|WST|Tala samoano||\",\"XA|USD|D\\u00f3lar estadounidense||\",\"XB|USD|D\\u00f3lar estadounidense||\",\"XD|USD|D\\u00f3lar estadounidense||\",\"XE|USD|D\\u00f3lar estadounidense||\",\"XF|USD|D\\u00f3lar estadounidense||\",\"XN|USD|D\\u00f3lar estadounidense||\",\"XP|USD|D\\u00f3lar estadounidense||\",\"XQ|GBP|Libra esterlina||\",\"XR|GBP|Libra esterlina||\",\"XS|GBP|Libra esterlina||\",\"XT|USD|D\\u00f3lar estadounidense||\",\"XU|USD|D\\u00f3lar estadounidense||\",\"XV|USD|D\\u00f3lar estadounidense||\",\"XW|USD|D\\u00f3lar estadounidense||\",\"XY|USD|D\\u00f3lar estadounidense||\",\"XZ|GBP|Libra esterlina||\",\"YE|USD|D\\u00f3lar estadounidense||\",\"YT|EUR|Euro||\",\"YU|EUR|Euro||\",\"YU|RSD|Dinar serbio||\",\"ZA|USD|D\\u00f3lar estadounidense||\",\"ZM|ZMW|Nuevo Kwacha||\",\"ZW|USD|D\\u00f3lar estadounidense||\"]', '2020-01-10 08:15:41', '2020-02-19 08:15:41'),
(5, 'GetH2HEconomicActivity', '[\"0|Ninguna|Ninguna|A|N\",\"10|Empleado Privado|EMPLEADO PRIVADO|A|S\",\"11|Empleado Publico|EMPLEADO PUBLICO|A|S\",\"12|Estudiante|ESTUDIANTE|A|S\",\"17|Profesional Independiente|PROFESIONAL INDEPENDIENTE|A|S\",\"18|Rentas Bienes Raices|RENTAS BIENES RAICES|A|S\",\"19|Rentas Financieras|RENTAS FINANCIERAS|A|S\",\"20|Rentas Jubilaciones|RENTAS JUBILACIONES|A|S\",\"21|Ama De Casa|AMA DE CASA|A|S\",\"1001|Cultivo De Banano Y Platano|CULTIVO DE BANANO Y PLATANO|A|N\",\"1002|Cultivo De Cafe (Cereza, Sin Tostar, No Descafeinado- Incluy|CULTIVO DE CAFE|A|N\",\"1003|Cultivo De Cacao (En Grano, Crudo O Tostado)|CULTIVO DE CACAO|A|N\",\"1004|Cultivo De Trigo|CULTIVO DE TRIGO|A|N\",\"1005|Cultivo De Maiz Suave|CULTIVO DE MAIZ SUAVE|A|N\",\"1006|Cultivo De Maiz Duro|CULTIVO DE MAIZ DURO|A|N\",\"1007|Cultivo De Arroz Con Cascara (No Incluye Pilado)|CULTIVO DE ARROZ CON CASCARA|A|N\",\"1008|Cultivo De Cebada|CULTIVO DE CEBADA|A|N\",\"1009|Cultivo De Avena|CULTIVO DE AVENA|A|N\",\"1010|Cultivo De Otros Cereales N.C.P|CULTIVO DE OTROS CEREALES|A|N\",\"1011|Cultivo De Rosas|CULTIVO DE ROSAS|A|N\",\"1012|Cultivo De Gypsophilas|CULTIVO DE GYPSOPHILAS|A|N\",\"1013|Cultivo De Claveles|CULTIVO DE CLAVELES|A|N\",\"1014|Cultivos De Otras Flores|CULTIVOS DE OTRAS FLORES|A|N\",\"1015|Elaboracion De Ramilletes, Coronas, Arreglos Florales Y Arti|ELAB ARREGLOS FLORALES|A|N\",\"1016|Cultivo De Papa|CULTIVO DE PAPA|A|N\",\"1017|Cultivo De Yuca|CULTIVO DE YUCA|A|N\",\"1018|Cultivo De Otros Tuberculos Y Raices|CULTIVO OTROS TUBERCULOS RAICE|A|N\",\"1019|Cultivo De Brocoli|CULTIVO DE BROCOLI|A|N\",\"1020|Cultivo De Lechuga|CULTIVO DE LECHUGA|A|N\",\"1021|Cultivo De Tomate|CULTIVO DE TOMATE|A|N\",\"1022|Cultivo De Frejol|CULTIVO DE FREJOL|A|N\",\"1023|Cultivo De Haba|CULTIVO DE HABA|A|N\",\"1024|Cultivo De Arveja|CULTIVO DE ARVEJA|A|N\",\"1025|Cultivo De Lenteja|CULTIVO DE LENTEJA|A|N\",\"1026|Cultivo De Cebolla Blanca Y Colorada|CULTIVO CEBOLLA BLANCA  COLORA|A|N\",\"1027|Cultivo De Sandia|CULTIVO DE SANDIA|A|N\",\"1028|Cultivo De Pimiento|CULTIVO DE PIMIENTO|A|N\",\"1029|Cultivo De Otros Vegetales Y Melones N.C.P.|CULTIVO OTROS VEGETALES|A|N\",\"1030|Cultivo De Aguacate|CULTIVO DE AGUACATE|A|N\",\"1031|Cultivo De Mango|CULTIVO DE MANGO|A|N\",\"1032|Cultivo De Papaya|CULTIVO DE PAPAYA|A|N\",\"1033|Cultivo De Pi\\u00f1a|CULTIVO DE PI\\u00d1A|A|N\",\"1034|Cultivo De Tomate De arbol|CULTIVO DE TOMATE DE ARBOL|A|N\",\"1035|Cultivo De Maracuya|CULTIVO DE MARACUYA|A|N\",\"1036|Cultivo De Mora|CULTIVO DE MORA|A|N\",\"1037|Cultivo De Manzana|CULTIVO DE MANZANA|A|N\",\"1038|Cultivo De Frutas Citricas|CULTIVO DE FRUTAS CITRICAS|A|N\",\"1039|Cultivo De Otras Frutas Ncp|CULTIVO DE OTRAS FRUTAS|A|N\",\"1040|Cultivo De Palma Africana|CULTIVO DE PALMA AFRICANA|A|N\",\"1041|Cultivo De Soya|CULTIVO DE SOYA|A|N\",\"1042|Cultivo De Mani|CULTIVO DE MANI|A|N\",\"1043|Cultivo De Otras Oleaginosas N.C.P|CULTIVO DE OTRAS OLEAGINOSAS|A|N\",\"1044|Cultivo De Ca\\u00f1a De Azucar|CULTIVO DE CA\\u00d1A DE AZUCAR|A|N\",\"1045|Cultivo De Tabaco En Rama|CULTIVO DE TABACO EN RAMA|A|N\",\"1046|Cultivo De Algodon En Rama|CULTIVO DE ALGODON EN RAMA|A|N\",\"1047|Cultivo De Abaca|CULTIVO DE ABACA|A|N\",\"1048|Cultivo De Pasto Y Plantas Forrajeras|CULTIVO DE PASTO Y PLANTAS|A|N\",\"1049|Cultivo De Otros Productos Agricolas N.C.P.|CULTIVO OTROS PRODUCT AGRICOLA|A|N\",\"1050|Servicios Relacionados Con La Agricultura|SERV RELACIONADOS AGRICULTURA|A|N\",\"1051|Cria De Ganado Vacuno|CRIA DE GANADO VACUNO|A|N\",\"1052|Cria De Ovejas Y Cabras|CRIA DE OVEJAS Y CABRAS|A|N\",\"1053|Cria De Caballos Y Otros Equinos|CRIA CABALLOS Y OTROS EQUINOS|A|N\",\"1054|Cria De Cerdos|CRIA DE CERDOS|A|N\",\"1055|Cria De Conejos Y Cuyes|CRIA DE CONEJOS Y CUYES|A|N\",\"1056|Cria De Pollos (Incluye Gallinas)|CRIA DE POLLOS Y GALLINAS|A|N\",\"1057|Cria De Otras Aves De Corral|CRIA DE OTRAS AVES DE CORRAL|A|N\",\"1058|Cria De Otros Animales Vivos|CRIA DE OTROS ANIMALES VIVOS|A|N\",\"1059|Produccion De Leche Cruda O Fresca De Cualquier Tipo|PROD LECHE DE CUALQUIER TIPO|A|N\",\"1060|Produccion De Huevos|PRODUCCION DE HUEVOS|A|N\",\"1061|Produccion De Otros Productos Comestibles De Animales|PROD COMIDA DE ANIMALES|A|N\",\"1062|Produccion De Lana|PRODUCCION DE LANA|A|N\",\"1063|Produccion De Otros Produtcos De Animales Ncp|PROD OTROS PRODUCTOS ANIMALES|A|N\",\"1064|Extraccion De Madera|EXTRACCION DE MADERA|A|N\",\"1065|Recoleccion De Productos Forestales Diferentes A La Madera|RECOL PRODUCTOS FORESTALES|A|N\",\"1066|Servicios De Apoyo A La Silvicultura|SERV APOYO A LA SILVICULTURA|A|N\",\"1067|Acuicultura Y Pesca De Camaron|ACUICULTURA Y PESCA DE CAMARON|A|N\",\"1068|Pesca De Atun|PESCA DE ATUN|A|N\",\"1069|Pesca Comercial Excepto Atun|PESCA COMERCIAL EXCEPTO ATUN|A|N\",\"1070|Pesca De Otros Productos Acuaticos Ncp|PESCA OTROS PRODUCTOS DE AGUA|A|N\",\"1071|Cria De Tilapia|CRIA DE TILAPIA|A|N\",\"1072|Cria De Otros Productos Acuaticos Ncp|CRIA OTROS PRODUCTOS ACUATICOS|A|N\",\"1073|Servicios Relacionados Con Pesca|SERV RELACIONADOS CON PESCA|A|N\",\"1074|Extraccion De Petroleo Y Gas Natural|EXTRACCION PETROLEO GAS NATURA|A|N\",\"1075|Actividades De Apoyo A La Extraccion De Petroleo Y Gas Natur|EXTRACCION PETROLEO Y GAS|A|N\",\"1076|Explotacion De Minerales De Metales Preciosos|EXPLO MINERALES METALES PRECIO|A|N\",\"1077|Explotacion De Minerales De Cobre Y Sus Concentrados|EXPLO MINERALES DE COBRE|A|N\",\"1078|Explotacion De Otros Minerales Metaliferos|EXPLO OTROS MINERALES MAMIFERO|A|N\",\"1079|Extraccion De Piedra, Arena Y Arcilla|EXTRACC PIEDRA ARENA ARCILLA|A|N\",\"1080|Explotacion De Minas Y Canteras Ncp|EXPLOTACION DE MINAS Y CANTERA|A|N\",\"1081|Servicios Relacionados Con La Mineria (Excepto Petroleo)|SERV RELACIONADOS A MINERIA|A|N\",\"1082|Produccion, Procesamiento Y Conservacion De Carne Y Producto|PROD PROC Y CONSERV DE CARNE|A|N\",\"1083|Elaboracion Y Conservacion De Camaron|ELAB Y CONSERV DE CAMARON|A|N\",\"1084|Elaboracion De Pescado Y Otros Productos Acuaticos Elaborado|ELAB PESCADO  Y OTROS ACUATICO|A|N\",\"1085|Produccion De Harina De Pescado Comestible|PROD HARINA DE PESCADO COMESTI|A|N\",\"1086|Elaboracion De Conservas De Atun|ELABORACION  CONSERVAS DE ATUN|A|N\",\"1087|Elaboracion De Conservas De Otras Especies Acuaticas|ELAB CONSERVAS ESPECIES ACUATI|A|N\",\"1088|Elaboracion De Aceites Y Grasas Origen Vegetal Y Animal|ELAB ACEITES GRASAS VEG Y ANIM|A|N\",\"1089|Elaboracion De Leche Fresca Liquida|ELAB LECHE FRESCA LIQUIDA|A|N\",\"1090|Elaboracion De Otros Productos Lacteos|ELAB OTROS PRODUCTOS LACTEAOS|A|N\",\"1091|Produccion De Arroz (Pilado, Blanqueado Y Pulido)|PRODUCCION DE ARROZ|A|N\",\"1092|Produccion De Harinas Vegetales, Semolas, Almidones Y Otros|PROD HARINAS VEGETALES Y OTROS|A|N\",\"1093|Elaboracion De Almidones Y Productos Elaborados De Almidon|ELAB ALMIDONES Y SIMILARES|A|N\",\"1094|Elaboracion De Productos De La Panaderia Y Pasteleria|ELAB PROD PANADERIA PASTELERIA|A|N\",\"1095|Elaboracion De Fideos, Pastas De Fideo Y Otros Productos|ELAB FIDEOS PASTAS Y SIMILARES|A|N\",\"1096|Elaboracion Y Refinacion De Azucar|ELAB Y REFINACION DE AZUCAR|A|N\",\"1097|Elaboracion De Cacao, Chocolate Y Productos Confiteria|ELAB CACAO CHOCOLATE CONFITES|A|N\",\"1098|Elaboracion De Alimento Para Animales|ELAB ALIMENTOS PARA ANIMALES|A|N\",\"1099|Elaboracion De Cafe|ELABORACION DE CAFE|A|N\",\"1100|Elaboracion De Otros Productos Alimenticios Diversos|ELAB OTROS PROD ALIMENTICIOS|A|N\",\"1101|Elaboracion De Cerveza Y Bebidas De Malta|ELAB DE CERVEZA BEBIDAS MALTA|A|N\",\"1102|Elaboracion De Otras Bebidas Alcoholicas|ELAB OTRAS BEBIDAS ALCOHOLICAS|A|N\",\"1103|Elaboracion Bebidas No Alcoholicas|ELAB BEBIDAS NO ALCOHOLICAS|A|N\",\"1104|Elaboracion De Productos De Tabaco|ELAB PROD DE TABACO|A|N\",\"1105|Fabricacion De Hilos, Hilados; Tejidos Y Confecciones|FAB HILOS TEJIDOS CONFECCIONES|A|N\",\"1106|Fabricacion De Prendas De Vestir Y Tejidos De Ganchillo (Inc|FAB PRENDAS DE VESTIR|A|N\",\"1107|Curtido Y Adobo De Cueros; Adobo Y Te\\u00f1ido De Pieles|CURTIDO ADOBO CUEROS PIELES|A|N\",\"1108|Fabricacion De Maletas, Bolsos De Mano Y Articulos De Talaba|FAB MALETAS BOLSOS DE MANO ETC|A|N\",\"1109|Fabricacion De Calzado De Cualquier Material|FAB CALZADO CUALQUIER MATERIAL|A|N\",\"1110|Aserraderos Y Cepilladura De Madera|ASERRADEROS CEPILL DE MADERA|A|N\",\"1111|Fabricacion De Hojas De Madera Para Enchapado Y Paneles A Ba|FAB HOJAS DE MADERA|A|N\",\"1112|Fabricacion De Partes Y Piezas De Carpinteria Para Edificios|FAB PIEZAS DE CARPINTERIA|A|N\",\"1113|Elaboracion De Recipientes De Madera Y De Otros Productos De|ELAB RECIP MADERA Y SIMILARES|A|N\",\"1114|Fabricacion De Papel Y Productos De Papel|FAB PAPEL Y SIMILARES|A|N\",\"1115|Actividades De Impresion Y Reproduccion De Grabaciones|IMPRESION Y REP DE GRABACIONES|A|N\",\"1116|Fabricacion De Productos Refinados De Petroleo Y De Otros Pr|FAB REFINADOS PETROLEO Y OTROS|A|N\",\"1117|Fabricacion De Abonos; Fabricacion De Pesticidas Y De Otros|FAB ABONOS PESTICIDAS Y OTROS|A|N\",\"1118|Fabricacion De Sustancias Quimicas Basicas, Excepto Abonos Y|FAB SUST QUIMICAS BASICAS|A|N\",\"1119|Fabricacion De Pinturas, Barnices Y Productos De Revestimien|FAB PINTURAS BARNICES|A|N\",\"1120|Fabricacion De Jabones Y Detergentes, Preparados Para Limpia|FAB JABONES DETERGENTES LIMPIE|A|N\",\"1121|Fabricacion De Productos Farmaceuticos, Sustancias Quimicas|FAB PRODUCTOS FARMACEUTICOS|A|N\",\"1122|Fabricacion De Otros Productos Quimicos Ncp|FAB OTRO PRODTS QUIMICOS|A|N\",\"1123|Fabricacion De Productos De Caucho|FAB PRODUCTOS DE CAUCHO|A|N\",\"1124|Fabricacion De Productos De Plastico|FAB PRODUCTOS DE PLASTICO|A|N\",\"1125|Fabricacion De Vidrio Y Productos De Vidrio|FAB DE VIDRIO Y SUS PRODUCTOS|A|N\",\"1126|Fabricacion De Productos De Ceramica Y Porcelana; Productos|FAB PRODUCTOS CERAMICA PORCELA|A|N\",\"1127|Fabricacion De Cemento, Cal Y Yeso; Y Fabricacion De Articul|FAB CEMENTO CAL YESO|A|N\",\"1128|Fabricacion De Otros Productos Minerales No Metalicos Ncp|FAB OTROS MINERALES NO METALIC|A|N\",\"1129|Industrias Basicas De Hierro Y Acero Basicos|IND BASICAS HIERRO Y ACERO|A|N\",\"1130|Fabricacion De Productos De Metales Preciosos (Excepto Joyas|FAB METALES PRECIOSOS NO JOYAS|A|N\",\"1131|Fabricacion De Productos De Otros Metales (Excepto Precioso|FAB OTROS METALES NO PRECIOSOS|A|N\",\"1132|Fabricacion De Productos Metalicos Para Uso Estructural|FAB PRODUCTOS METALICOS|A|N\",\"1133|Fabricacion De Otros Productos De Metal Ncp|FAB OTROS PROD DE METAL|A|N\",\"1134|Fabricacion De Los Productos Informaticos, Electronicos Y op|FAB PROD INFORMATICOS ELECTRON|A|N\",\"1135|Fabricacion De Aparatos De Uso Domestico|FAB APARATOS USO DOMESTICO|A|N\",\"1136|Fabricacion De Equipo Electrico (Excepto De Uso Domestico)|FAB EQUIPO ELECTRICO NO DOMEST|A|N\",\"1137|Fabricacion De Equipo De Oficina (Excepto Computadoras)|FAB EQUIPOS OFICINA NO COMPUTA|A|N\",\"1138|Fabricacion De Maquinaria Y Equipo Ncp|FAB MAQUINARIA Y EQUIPO|A|N\",\"1139|Fabricacion De Vehiculos Automotores|FABRICACION DE VEHICULOS AUTOM|A|N\",\"1140|Fabricacion De Otros Tipos De Equipo De Transporte|FAB OTROS EQUIPOS DE TRANSPORT|A|N\",\"1141|Fabricacion De Muebles De Cualquier Material|FAB MUEBLES CUALQUIER MATERIAL|A|N\",\"1142|Fabricacion De Joyas Y Articulos Conexos|FAB JOYAS Y ARTICULOS CONEXOS|A|N\",\"1143|Fabricacion De Instrumentos Musicales|FAB DE INSTRUMENTOS MUSICALES|A|N\",\"1144|Fabricacion De Articulos De Deporte|FAB ARTICULOS DEPORTIVOS|A|N\",\"1145|Fabricacion De Juegos Y Juguetes|FABRICACION DE JUEGOS Y JUGUET|A|N\",\"1146|Fabricacion De Instrumentos Y Suministros Medicos Y Dentales|FAB SUMINISTROS MEDICOS Y DENT|A|N\",\"1147|Otras Industrias Manufactureras Ncp|OTRAS INDUSTRIAS MANUFACTURERA|A|N\",\"1148|Servicios De Reparacion E Instalacion De Maquinaria Y Equipo|REP E INST MAQUINARIA Y EQUIPO|A|N\",\"1149|Generacion, Captacion Y Distribucion De Energia Electrica|GEN CAPT DIST ELECTRICIDAD|A|N\",\"1150|Captacion, Depuracion Y Distribucion De Agua Y Saneamiento|CAPT DEPUR Y DIST DE AGUA|A|N\",\"1151|Construccion De Edificios|CONSTRUCCION DE EDIFICIOS|A|N\",\"1152|Ingenieria Civil|INGENIERIA CIVIL|A|N\",\"1153|Actividades Especializadas De La Construccion|ESPECIALIZADAS DE CONSTRUCCION|A|N\",\"1154|Comercio Vehiculos Automotores Y Motocicletas|COMERCIO AUTOMOTORES Y MOTOS|A|N\",\"1155|Comercio De Partes, Piezas Y Accesorios De Vehiculos Automot|COM ACCESORIOS AUTOMOTORES|A|N\",\"1156|Comercio Al Por Menor De Alimentos (Incluye Productos Agricolas|COM MENOR DE ALIMENTOS|A|N\",\"1157|Comercio Al Por Menor De Bebidas Y Tabaco|COM MENOR BEBIDAS Y TABACO|A|N\",\"1158|Comercio Al Por Menor De Prendas De Vestir (Boutique)|COM MENOR PRENDAS DE VESTIR|A|N\",\"1159|Comercio Al Por Menor De Calzado|COM AL POR MENOR DE CALZADO|A|N\",\"1160|Comercio Al Por Menor De Combustibles Y Lubricantes (Gasolin|COM MENOR COMBUST Y LUBRICANTE|A|N\",\"1161|Comercio Al Por Menor De Libros, Periodicos, Revistas Y Arti|COM MENOR LIBROS PERIOD REVIST|A|N\",\"1162|Comercio Al Por Menor De Productos Farmaceuticos (Farmacias)|COM MENOR PRODTS FARMACEUTICOS|A|N\",\"1163|Comercio Al Por Menor De Fertilizantes, Plaguicidas Y Fungic|COM MENOR FERTILIZANTES PLAGU|A|N\",\"1164|Comercio Al Por Menor De Ferreteria|COM MENOR DE FERRETERIA|A|N\",\"1165|Comercio Al Por Menor De Electrodomesticos|COM MENOR ELECTRODOMESTICOS|A|N\",\"1166|Comercio Al Por Menor De Equipos De Computacion|COM MENOR EQUIPOS COMPUTACION|A|N\",\"1167|Comercio Al Por Menor De Equipos Medicos|COM MENOR EQUIPOS MEDICOS|A|N\",\"1168|Comercio Al Por Menor De Muebles En General (Excluye Muebles|COM MENOR MUEBLES EN GENERAL|A|N\",\"1169|Comercio Al Por Menor De Otros Productos N.C.P.|COM MENOR OTROS PRODUCTOS|A|N\",\"1170|Comercio Al Por Mayor De Banano Y Platano|COM MAYOR BANANO Y PLATANO|A|N\",\"1171|Comercio Al Por Mayor De Cafe (Cereza Y Cafe Pilado)|COM MAYOR DE CAFE|A|N\",\"1172|Comercio Al Por Mayor De Cacao En Grano|COM MAYOR CACAO EN GRANO|A|N\",\"1173|Comercio Al Por Mayor De Cereales|COM AL POR MAYOR DE CEREALES|A|N\",\"1174|Comercio Al Por Mayor  Flores|COMERCIO AL POR MAYOR DE FLORE|A|N\",\"1175|Comercio Al Por Mayor De Otros Productos Agricolas|COM MAYOR OTROS PROD AGRICOLAS|A|N\",\"1176|Comercio Al Por Mayor De Animales Vivos Y Sus Productos|COM MAYOR ANIMALES VIVOS|A|N\",\"1177|Comercio Al Por Mayor De Camaron, Pescado Y Productos De La|COM MAYOR MARISCOS|A|N\",\"1178|Comercio Al Por Mayor De Madera Sin Elaborar|COM MAYOR  MADERA SIN ELABORAR|A|N\",\"1179|Comercio Al Por Mayor De Productos Carnicos|COM MAYOR PROD CARNICOS|A|N\",\"1180|Comercio Al Por Mayor De Camaron Congelado, Otros Procesos Y|COM MAYOR DE CAMARON CONGELADO|A|N\",\"1181|Comercio Al Por Mayor De Pescado Congelado, Seco Y Salado Y|COM MAYOR PESCADO|A|N\",\"1182|Comercio Al Por Mayor De Harina De Pescado|COM MAYOR HARINA DE PESCADO|A|N\",\"1183|Comercio Al Por Mayor De Aceites Y Grasas De Origen Vegetal|COM MAYOR ACEITES Y GRASAS VEG|A|N\",\"1184|Comercio Al Por Mayor De Leche Procesada Y Productos Lacteos|COM MAYOR PRODUCTOS LACTEOS|A|N\",\"1185|Comercio Al Por Mayor De Productos De Molineria, Panaderia,|COM MAYOR PROD MOLINERA PANADE|A|N\",\"1186|Comercio Al Por Mayor De Azucar Y Sus Productos|COM MAYOR AZUCAR Y PRODUCTOS|A|N\",\"1187|Comercio Al Por Mayor De Productos De Cacao Elaborado Y Prod|COM MAYOR PROD CACAO ELABORADO|A|N\",\"1188|Comercio Al Por Mayor De Cafe Tostado Molido Y Soluble|COM MAYOR CAFE TOST MOLID SOLU|A|N\",\"1189|Comercio Al Por Mayor De Alimentos Para Animales|COM MAYOR ALIM PARA ANIMALES|A|N\",\"1190|Comercio Al Por Mayor De Otros Productos Alimenticios Divers|COM MAYOR OTROS PROD ALIMENTIC|A|N\",\"1191|Comercio Al Por Mayor De Bebidas Alcoholicas|COM MAYOR BEBIDAS ALCOHOLICAS|A|N\",\"1192|Comercio Al Por Mayor De Bebidas No Alcoholicas|COM MAYOR BEBIDAS NO ALCOHOLIC|A|N\",\"1193|Comercio Al Por Mayor De Cigarrillos Y Productos Del Tabaco|COM MAYOR CIGARRILLOS Y TABACO|A|N\",\"1194|Comercio Al Por Mayor De Hilos, Hilados, Tejidos, Telas Y Co|COM MAYOR HILOS TELAS TEJIDOS|A|N\",\"1195|Comercio Al Por Mayor De Prendas De Vestir|COM MAYOR DE PRENDAS DE VESTIR|A|N\",\"1196|Comercio Al Por Mayor De Cuero Y Productos De Cuero (Excepto|COM MAYOR PRODUCTOS DE CUERO|A|N\",\"1197|Comercio Al Por Mayor De Calzado|COM MAYOR DE CALZADO|A|N\",\"1198|Comercio Al Por Mayor De Productos De La Madera Aserrada, De|COM MAYOR PROD MADERA ASERRADA|A|N\",\"1199|Comercio Al Por Mayor De Papel Y Carton Y Productos De Papel|COM MAYOR PROD PAPEL Y CARTON|A|N\",\"1200|Comercio Al Por Mayor De Productos Editoriales, Imprentas Y|COM MAYOR PROD EDITORIALES|A|N\",\"1201|Comercio Al Por Mayor De Productos Farmaceuticos|COM MAYOR PROD FARMACEUTICOS|A|N\",\"1202|Comercio Al Por Mayor De Productos Quimicos (Excepto Farmae|COM MAYOR QUIMICOS NO FARMACEU|A|N\",\"1203|Comercio Al Por Mayor De Productos De Caucho (Incluye Llanta|COM MAYOR PROD CAUCHO LLANTAS|A|N\",\"1204|Comercio Al Por Mayor De Productos Plasticos|COM MAYOR PRODUCTOS PLASTICOS|A|N\",\"1205|Comercio Al Por Mayor De Productos Ceramicos (Incluye Cerami|COM MAYOR PROD CERAMICOS|A|N\",\"1206|Comercio Al Por Mayor De Productos Metalicos (Incluye Oro Re|COM MAYOR PRODUCTOS METALICOS|A|N\",\"1207|Comercio Al Por Mayor De Electrodomesticos|COM MAYOR ELECTRODOMESTICOS|A|N\",\"1208|Comercio Al Por Mayor De Equipos De Computacion|COM MAYOR EQUIPOS  COMPUTACION|A|N\",\"1209|Comercio Al Por Mayor De Otra Maquinaria Y Equipo|COM MAYOR OTRAS MAQUINARIAS|A|N\",\"1210|Servicios De Reparacion Y Mantenimiento De Vehiculos De Moto|SERV REPAR MANT VEHICULOS|A|N\",\"1211|Servicio De Alojamiento|SERVICIO DE ALOJAMIENTO|A|N\",\"1212|Servicios De Alimentos, Bebidas Y Otros Servicios De Comidas|SERV ALIMENTOS BEBIDAS COMIDAS|A|N\",\"1213|Abastecimiento De Eventos Y Otras Actividades De Servicio|EVENTOS Y SERVICIOS|A|N\",\"1214|Actividades Vinculadas Al Abastecimiento De Bebidas|ABASTECIMIENTO DE BEBIDAS|A|N\",\"1215|Transporte De Pasajeros Por Via Terrestre|TRANSPORTE  PASAJEROS X TIERRA|A|N\",\"1216|Transporte De Carga Por Via Terrestre|TRANSPORTE DE CARGA X TIERRA|A|N\",\"1217|Transporte De Pasajeros Por Via Acuatica|TRANSPORTE PASAJEROS X AGUA|A|N\",\"1218|Transporte De Carga Por Via Acuatica|TRANSPORTE DE CARGA POR AGUA|A|N\",\"1219|Transporte De Pasajeros Por Via Aerea|TRANSPORTE PASAJEROS X AIRE|A|N\",\"1220|Transporte De Carga Por Via Aerea|TRANSPORTE DE CARGA POR AIRE|A|N\",\"1221|Deposito Y Almacenaje|DEPOSITO Y ALMACENAJE|A|N\",\"1222|Actividades Complemetarias De Transporte|ACTIVIDADES DE TRANSPORTE|A|\",\"1223|Actividades Postales Y De Correo|ACT POSTALES Y DE CORREO|A|N\",\"1224|Telecomunicaciones|TELECOMUNICACIONES|A|N\",\"1225|Servicios De Informatica Y Servicios Conexos|INFORMATICA Y SERV CONEXOS|A|N\",\"1226|Actividades De Produccion De Peliculas, De Video, De Program|PROD PELICULAS VIDEOS Y PROG|A|N\",\"1227|Actividades De Programacion Y Distribucion De Radio Y Trasmi|PROG Y DIST DE RADIO Y TRANS|A|\",\"1228|Actividades De Bancos|ACTIVIDADES DE BANCOS|A|N\",\"1229|Actividades De Sociedades Financieras|SOCIEDADES FINANCIERAS|A|N\",\"1230|Actividades De Cooperativas|ACTIVIDADES DE COOPERATIVAS|A|N\",\"1231|Actividades De Mutualistas|ACTIVIDADES DE MUTUALISTAS|A|N\",\"1232|Actividades De Instituciones Financieras Publicas|INST FINANCIERAS Y PUBLICAS|A|N\",\"1233|Actividades De Casas De Cambio|ACTIVIDADES DE CASAS DE CAMBIO|A|N\",\"1234|Actividades De Almaceneras|ACTIVIDADES DE ALMACENERAS|A|N\",\"1235|Actividades De Tarjetas De Credito|TARJETAS DE CREDITO|A|N\",\"1236|Otras Actividades Financieras|OTRAS ACTIVIDADES FINANCIERAS|A|N\",\"1237|Seguros (De Vida Y Generales) Y Reaseguros|SEGUROS DE VIDA Y GENERALES|A|N\",\"1238|Actividades Auxiliares De Seguros (Incluye Las Actividades D|ACTIVIDADES AUXILIARES SEGUROS|A|N\",\"1239|Actividades Inmobiliarias|ACTIVIDADES INMOBILIARIAS|A|N\",\"1240|Investigacion Y Desarrollo Cientifico|INVEST Y DESARROLLO CIENTIFICO|A|N\",\"1241|Actividades Juridicas Y De Contabilidad|JURIDICAS Y DE CONTABILIDAD|A|N\",\"1242|Actividades De Administracion De Empresas Y Consultoria|ACT EMPRESAS Y CONSULTORIA|A|N\",\"1243|Actividades De Arquitectura E Ingenieria|ACT ARQUITECTURA E INGIENERIA|A|N\",\"1244|Publicidad E Investigacion De Mercados|PUBLICIDAD E INVEST D MERCADOS|A|N\",\"1245|Otras Actividades Profesionales, Cientificas Y Tecnicas|OTRAS PROFES CIENTIFICAS Y TEC|A|N\",\"1246|Actividades Veterinarias|ACTIVIDADES VETERINARIAS|A|N\",\"1247|Actividades De Agencias De Empleo|ACT AGENCIAS DE EMPLEO|A|N\",\"1248|Actividades De Seguridad E Investigacion|SEGURIDAD E INVESTIGACION|A|N\",\"1249|Actividades De Servicios A Edificios Y Paisajes|SERV A EDIFICIOS Y PAISAJES|A|N\",\"1250|Actividades De Alquiler Y Arrendamiento (Excepto Inmobiliari|ACT ALQUILER Y ARRENDAMIENTO|A|N\",\"1251|Actividades De Agencias De Viajes, Operadores Turisticos Y S|AGENCIAS DE VIAJES Y TURISTICO|A|N\",\"1252|Servicios De Concesion De Licencias Para El Derecho De Uso D|CONCESION LIC DERECHO USO|A|N\",\"1253|Otros Servicios Empresariales N.C.P.|OTROS SERVICIOS EMPRESARIALES|A|N\",\"1254|Adm Publica, Defensa; Planes Seg Social Obligatoria|ADM PUBLICA DEFENSA Y SEG SOC|A|N\",\"1255|Ense\\u00f1anza Pre Primaria Y Primaria|ENSE\\u00d1ANZA PRE PRIMARIA Y PRIMA|A|N\",\"1256|Ense\\u00f1anza Secundaria|ENSE\\u00d1ANZA SECUNDARIA|A|N\",\"1257|Ense\\u00f1anza Superior|ENSE\\u00d1ANZA SUPERIOR|A|N\",\"1258|Ense\\u00f1anza De Posgrado|ENSE\\u00d1ANZA DE POSGRADO|A|N\",\"1259|Otros Tipos De Ense\\u00f1anza|OTROS TIPOS DE ENSE\\u00d1ANZA|A|N\",\"1260|Actividades De Hospitales|ACTIVIDADES DE HOSPITALES|A|N\",\"1261|Actividades De Medicos Y Odontologos|ACT MEDICOS Y ODONTOLOGOS|A|N\",\"1262|Otras Actividades Relacionadas Con La Salud Humana|OTRAS ACT DE SALUD HUMANA|A|N\",\"1263|Instituciones Residenciales De Cuidado; Y Servicios Sociales|INSTIT DE SERVICIO SOCIAL|A|N\",\"1264|Artes, Entretenimiento Y Recreacion|ARTES, ENTRETENIMIENTO Y RECRE|A|N\",\"1265|Actividades De Asociaciones U Organizaciones|ASOCIACIONES U ORGANIZACIONES|A|N\",\"1266|Reparacion De Computadoras Y Enseres De Uso Personal O Domes|REP COMPUTADORAS ENSERES DOMES|A|N\",\"1267|Otras Actividades De Servicios|OTRAS ACTIVIDADES DE SERVICIOS|A|N\",\"1268|Hogares Privados Con Servicio Domestico|HOGARES PRIVADOS SERV DOMESTI|A|N\",\"1269|prueba de actividad economica|PRUEBAQ|I|N\"]', '2020-01-10 08:15:34', '2020-02-19 08:15:43'),
(6, 'GetH2HGentilicios', '[\"AF|AFGANIST\\u00c1N \\/ AFGANO\",\"AL|ALBANIA \\/ ALBANES\",\"DE|ALEMANIA \\/ ALEM\\u00c1N\",\"AD|ANDORRA \\/ ANDORRANO\",\"AO|ANGOLA \\/ ANGOLE\\u00d1O\",\"AI|ANGUILA \\/ ANGUILENSE\",\"AG|ANTIGUA Y BARBUDA \\/ ANTIGUANO\",\"SA|ARABIA SAUDI \\/ SAUD\\u00cd\",\"AR|ARGENTINA \\/ ARGENTINO\",\"AW|ARUBA \\/ ARUBE\\u00d1O\",\"AU|AUSTRALIA \\/ AUSTRALIANO\",\"AT|AUSTRIA \\/ AUSTRIACO\",\"PS|AUTORIDAD PALESTINA \\/ PALESTINO\",\"BS|BAHAMAS \\/ BAHAME\\u00d1O\",\"BD|BANGLADESH \\/ BANGLADES\\u00cd\",\"BB|BARBADOS \\/ BARBADENSE\",\"BH|BAR\\u00c9IN \\/ BAREIN\\u00cd\",\"BE|B\\u00c9LGICA \\/ BELGA\",\"BZ|B\\u00c9LICE \\/ BELICE\\u00d1O\",\"BJ|BENIN \\/ BENIN\\u00c9S\",\"BY|BIELORRUSIA \\/ BIELORRUSO\",\"BO|BOLIVIA \\/ BOLIVIANO\",\"BA|BOSNIA-HERZEGOVINA \\/ BOSNIO\",\"BW|BOTSUANA \\/ BOSNIO\",\"BR|BRASIL \\/ BRASILE\\u00d1O\",\"BG|BULGARIA \\/ B\\u00daLGARO\",\"BF|BURKINA FASO \\/ BURKIN\\u00c9S\",\"BI|BURUNDI \\/ BURUND\\u00c9S\",\"BT|BUT\\u00c1N \\/ BUTAN\\u00c9S\",\"CV|CABO VERDE \\/ CABOVERDIANO\",\"KH|CAMBOYA \\/ CAMBOYANO\",\"CM|CAMER\\u00daN \\/ CAMERUN\\u00c9S\",\"CA|CANAD\\u00c1 \\/ CANADIENSE\",\"TD|CHAD \\/ CHADIANO\",\"CL|CHILE \\/ CHILENO\",\"CN|CHINA \\/ CHINO\",\"CY|CHIPRE \\/ CHIPRIOTA\",\"CO|COLOMBIA \\/ COLOMBIANO\",\"KM|COMORAS \\/ COMORENSE\",\"CD|CONGO, REPUBLICA DEMOCR\\u00c1TICA \\/ CONGOL\\u00c9S\",\"CG|CONGO-BRAZZAVILLE \\/ CONGO\",\"CI|COSTA DE MARFIL \\/ MARFILE\\u00d1O\",\"CR|COSTA RICA \\/ COSTARRICENSE\",\"HR|CROACIA \\/ CROATA\",\"CU|CUBA \\/ CUBANO\",\"AN|CURACAO \\/ CURAZE\\u00d1O\",\"DK|DINAMARCA \\/ DAN\\u00c9S\",\"DM|DOMINICA \\/ DOMINIQU\\u00c9S\",\"EC|ECUADOR \\/ ECUATORIANO\",\"EG|EGIPTO \\/ EGIPCIO\",\"SV|EL SALVADOR \\/ SALVADORE\\u00d1O\",\"AE|EMIRATOS \\u00c1RABES UNIDOS \\/ EMIRAT\\u00cd\",\"ER|ERITREA \\/ ERITREA\",\"SK|ESLOVAQUIA \\/ ESLOVACO\",\"ES|ESPA\\u00d1A \\/ ESPA\\u00d1OL\",\"US|ESTADOS UNIDOS \\/ AMERICANO\",\"EE|ESTONIA \\/ ESTONIO\",\"ET|ETIOP\\u00cdA \\/ ET\\u00cdOPE\",\"RU|FEDERACI\\u00d3N RUSA \\/ RUSO\",\"PH|FILIPINAS \\/ FILIPINO\",\"FI|FINLANDIA \\/ FIN\\u00c9S\",\"FR|FRANCIA \\/ FRANC\\u00c9S\",\"GA|GAB\\u00d3N \\/ GABON\\u00c9S\",\"GM|GAMBIA \\/ GAMBIANO\",\"GE|GEORGIA \\/ GEORGIANO\",\"GH|GHANA \\/ GHAN\\u00c9S\",\"GI|GIBRALTAR \\/ GIBRALTARE\\u00d1O\",\"GD|GRANADA \\/ GRANADINO\",\"GR|GRECIA \\/ GRIEGO\",\"GT|GUATEMALA \\/ GUATEMALTECO\",\"GF|GUAYANA FRANCESA \\/ GUA\\u00d1ANO\",\"GN|GUINEA \\/ GUINEANO\",\"GQ|GUINEA ECUATORIAL \\/ ECUATOGUINEANO\",\"GY|GUYANA \\/ GUA\\u00d1ANO\",\"HT|HAIT\\u00cd \\/ HAITIANO\",\"HN|HONDURAS \\/ HONDURE\\u00d1O\",\"HU|HUNGR\\u00cdA \\/ HUNGARO\",\"IN|INDIA \\/ IND\\u00da\",\"ID|INDONESIA \\/ INDONESIO\",\"IQ|IRAK \\/ IRAQU\\u00cd\",\"IE|IRLANDA \\/ IRLAND\\u00c9S\",\"KY|ISLAS CAIM\\u00c1N \\/ CAIMANES\",\"CK|ISLAS COOK \\/ COOKIANO\",\"FK|ISLAS MALVINAS \\/ MALVINENSE\",\"MP|ISLAS MARIANAS DEL NORTE \\/ NORMARIANO\",\"MH|ISLAS MARSHALL \\/ MARSHAL\\u00c9S\",\"SB|ISLAS SALOM\\u00d3N \\/ SALOMONENSE\",\"VG|ISLAS V\\u00cdRGENES (BRIT \\/ VIRGENENSE BRITANICO\",\"IL|ISRAEL \\/ ISRAEL\\u00cd\",\"IT|ITALIA \\/ ITALIANO\",\"JM|JAMAICA \\/ JAMAICANO\",\"JP|JAP\\u00d3N \\/ JAPONES\",\"KZ|KAZAJST\\u00c1N \\/ KAZAJO\",\"KE|KENIA \\/ KENIANO\",\"KI|KIRIBATI \\/ KIRIBATIANO\",\"KW|KUWAIT \\/ KUWAIT\\u00cd\",\"LA|LAOS \\/ LAOSIANO\",\"LS|LESOTHO \\/ LESOTENSE\",\"LB|L\\u00cdBANO \\/ LIBAN\\u00c9S\",\"LR|LIBERIA \\/ LIBERIANO\",\"LY|LIBIA \\/ LIBIO\",\"LI|LIECHTENSTEIN \\/ LIECHTENSTEINIANO\",\"LT|LITUANIA \\/ LITUANO\",\"LU|LUXEMBURGO \\/ LUXEMBURG\\u00c9S\",\"MO|MACAO \\/ MACAENSE\",\"MK|MACEDONIA \\/ MACEDONIO\",\"MG|MADAGASCAR \\/ MALGACHE\",\"MY|MALASIA \\/ MALAYO\",\"MV|MALDIVAS \\/ MALDIVO\",\"ML|MALI \\/ MALIENSE\",\"MT|MALTA \\/ MALT\\u00c9S\",\"MA|MARRUECOS \\/ MARROQU\\u00cd\",\"MQ|MARTINICA \\/ MARTINIQU\\u00c9S\",\"MU|MAURICIO \\/ MAURICIANO\",\"MR|MAURITANIA \\/ MAURITANO\",\"MX|M\\u00c9XICO \\/ MEXICANO\",\"FM|MICRONESIA \\/ MICRONESIO\",\"MC|M\\u00d3NACO \\/ MONEGASCO\",\"MN|MONGOLIA \\/ MONGOL\",\"ME|MONTENEGRO \\/ MONTENEGRINO\",\"MZ|MOZAMBIQUE \\/ MOZAMBIQUE\\u00d1O\",\"NR|NAURU \\/ NAURUANO\",\"NI|NICARAGUA \\/ NICARAGUENSE\",\"NO|NORUEGA \\/ NORUEGO\",\"NZ|NUEVA ZELANDA \\/ NEOZELAND\\u00c9S\",\"OM|OM\\u00c1N \\/ OMAN\\u00c9S\",\"NL|PA\\u00cdSES BAJOS \\/ NEERLAND\\u00c9S\",\"PK|PAKIST\\u00c1N \\/ PAKISTAN\\u00cd\",\"PA|PANAM\\u00c1 \\/ PANAME\\u00d1O\",\"PG|PAPUA NUEVA GUINEA \\/ PAPUANO\",\"PY|PARAGUAY \\/ PARAGUAYO\",\"PE|PER\\u00da \\/ PERUANO\",\"PL|POLONIA \\/ POLACO\",\"PT|PORTUGAL \\/ PORTUGU\\u00c9S\",\"PR|PUERTO RICO \\/ PUERTORRIQUE\\u00d1O\",\"GB|REINO UNIDO \\/ BRITANICO\",\"KR|REP\\u00daBLICA DE COREA \\/ KOREANO\",\"DO|REP\\u00daBLICA DOMINICANA \\/ DOMINICANO\",\"TZ|REP\\u00daBLICA UNIDA DE TANZANIA \\/ TANZANO\",\"RO|RUMANIA \\/ RUMANO\",\"WS|SAMOA \\/ SAMOANO\",\"AS|SAMOA NORTEAMERICANA \\/ SAMOANO\",\"MF|SAN MARTIN \\/ SANMARTINENSE\",\"VC|SAN VICENTE Y LAS GRANADINAS \\/ SANVICENTINO\",\"LC|SANTA LUC\\u00cdA \\/ SANTALUCIANO\",\"SN|SENEGAL \\/ SENEGAL\\u00c9S\",\"YU|SERBIA \\/ SERBIO\",\"SC|SEYCHELLES \\/ SEYCHELENSE\",\"SL|SIERRA LEONA \\/ SIERRALEON\\u00c9S\",\"SG|SINGAPUR \\/ SINGAPURENSE\",\"SY|SIRIA \\/ SIRIO\",\"LK|SRI LANKA \\/ SRILANQU\\u00c9S\",\"ZA|SUD\\u00c1FRICA \\/ SUDAFRICANO\",\"SD|SUD\\u00c1N \\/ SUDAN\\u00c9S\",\"SE|SUECIA \\/ SUECO\",\"CH|SUIZA \\/ SUIZO\",\"SZ|SWAZILANDIA \\/ SUAZI\",\"TH|TAILANDIA \\/ TAILAND\\u00c9S\",\"TW|TAIW\\u00c1N \\/ TAIWANES\",\"TP|TIMOR-LESTE \\/ TIMORENSE\",\"TG|TOGO \\/ TOGOL\\u00c9S\",\"TO|TONGA \\/ TONGANO\",\"TN|T\\u00daNEZ \\/ TUNECINO\",\"TR|TURQU\\u00cdA \\/ TURCO\",\"TV|TUVALU \\/ TUVALUANO\",\"UA|UCRANIA \\/ UCRANIANO\",\"UG|UGANDA \\/ UGAND\\u00c9S\",\"UY|URUGUAY \\/ URUGUAYO\",\"UZ|UZBEQUIST\\u00c1N \\/ UZBECO\",\"VU|VANUATU \\/ VANUATUENSE\",\"VE|VENEZUELA \\/ VENEZOLANO\",\"VN|VIETNAM \\/ VIETNAMITA\",\"YE|YEMEN \\/ YEMEN\\u00cd\",\"ZM|ZAMBIA \\/ ZAMBERO\",\"ZW|ZIMBABWE \\/ ZIMBABUENSE\"]', '2020-01-10 08:15:36', '2020-02-19 08:15:45');
INSERT INTO `das_catalogo` (`id`, `titulo`, `texto`, `created_at`, `updated_at`) VALUES
(7, 'GetH2HCatalogCompilanceTemplate', '[\"AI_0A5000|0-5.000|0 - 5.000|ANNUAL_INCOME|A|1\",\"AI_5000A10000|5.000-10.000|5.000 - 10.000|ANNUAL_INCOME|A|2\",\"AI_10000A15000|10.000-15.000|10.000 - 15.000|ANNUAL_INCOME|A|3\",\"AI_15000A20000|15.000-20.000|15.000 - 20.000|ANNUAL_INCOME|A|4\",\"AI_20000|20.000 O M\\u00c1S|20.000 or more|ANNUAL_INCOME|A|5\",\"AF|Afganistan|Afghanistan|COUNTRY|A|0\",\"AL|Albania|Albania|COUNTRY|A|0\",\"DE|Alemania|Germany|COUNTRY|A|0\",\"ARG|Algeria|Algeria|COUNTRY|A|0\",\"AD|Andorra|Andorra|COUNTRY|A|0\",\"AO|Angola|Angola|COUNTRY|A|0\",\"AI|Anguila|Anguilla|COUNTRY|A|0\",\"AG|Antigua y Barbuda|Antigua and Barbuda|COUNTRY|A|0\",\"ANT|Antillas Holandesas|Netherlands Antilles|COUNTRY|A|0\",\"SA|Arabia Saudita|Saudi Arabia|COUNTRY|A|0\",\"AR|Argentina|Argentina|COUNTRY|A|0\",\"AM|Armenia|Armenia|COUNTRY|A|0\",\"AW|Aruba|Aruba|COUNTRY|A|0\",\"AU|Australia|Australia|COUNTRY|A|0\",\"AT|Austria|Austria|COUNTRY|A|0\",\"AZ|Azerbaijan|Azerbaijan|COUNTRY|A|0\",\"BS|Bahamas|Bahamas|COUNTRY|A|0\",\"BH|Bahrain|Bahrain|COUNTRY|A|0\",\"BD|Bangladesh|Bangladesh|COUNTRY|A|0\",\"BB|Barbados|Barbados|COUNTRY|A|0\",\"BE|Belgica|Belgium|COUNTRY|A|0\",\"BZ|Belize|Belize|COUNTRY|A|0\",\"BJ|Benin|Benin|COUNTRY|A|0\",\"BM|Bermuda|Bermuda|COUNTRY|A|0\",\"BT|Bhutan|Bhutan|COUNTRY|A|0\",\"BY|Bielorusia|Belarus|COUNTRY|A|0\",\"BO|Bolivia|Bolivia|COUNTRY|A|0\",\"BA|Bosnia y Herzegowina|Bosnia & Herzegovina|COUNTRY|A|0\",\"BW|Botswana|Botswana|COUNTRY|A|0\",\"BR|Brasil|Brazil|COUNTRY|A|0\",\"BN|Brunei Darussalam|Brunei Darussalam|COUNTRY|A|0\",\"BG|Bulgaria|Bulgaria|COUNTRY|A|0\",\"BF|Burkina Faso|Burkina Faso|COUNTRY|A|0\",\"BI|Burundi|Burundi|COUNTRY|A|0\",\"CV|Cabo Verde|Cape Verde|COUNTRY|A|0\",\"KH|Camboya|Cambodia|COUNTRY|A|0\",\"CM|Camerun|Cameroon|COUNTRY|A|0\",\"CA|Canada|Canada|COUNTRY|A|0\",\"TD|Chad|Chad|COUNTRY|A|0\",\"CL|Chile|Chile|COUNTRY|A|0\",\"CN|China|China|COUNTRY|A|0\",\"CY|Chipre|Cyprus|COUNTRY|A|0\",\"CHR|Christmas Island|Christmas Island|COUNTRY|A|0\",\"VA|Ciudad del Vaticano|Holy See (Vatican City State)|COUNTRY|A|0\",\"CO|Colombia|Colombia|COUNTRY|A|0\",\"KM|Comoro|Comoros|COUNTRY|A|0\",\"CG|Congo|Congo|COUNTRY|A|0\",\"KR|Corea, Republica de|Korea, Republic of|COUNTRY|A|0\",\"KP|Corea, Republica Popular Democratica de|Korea, Democratic Peoples Republic of|COUNTRY|A|0\",\"CI|Costa de Marfil|Cote dIvoire|COUNTRY|A|0\",\"CR|Costa Rica|Costa Rica|COUNTRY|A|0\",\"HR|Croacia|Croatia|COUNTRY|A|0\",\"CU|Cuba|Cuba|COUNTRY|A|0\",\"AN|Curacao|Curacao|COUNTRY|A|0\",\"DK|Dinamarca|Denmark|COUNTRY|A|0\",\"DJ|Djibouti|Djibouti|COUNTRY|A|0\",\"DM|Dominica|Dominica|COUNTRY|A|0\",\"EC|Ecuador|Ecuador|COUNTRY|A|0\",\"EG|Egipto|Egypt|COUNTRY|A|0\",\"SV|El Salvador|El Salvador|COUNTRY|A|0\",\"AE|Emiratos Arabes Unidos|United Arab Emirates|COUNTRY|A|0\",\"ER|Eritrea|Eritrea|COUNTRY|A|0\",\"SK|Eslovaquia|Slovakia|COUNTRY|A|0\",\"SI|Eslovenia|Slovenia|COUNTRY|A|0\",\"ES|Espana|Spain|COUNTRY|A|0\",\"US|Estados Unidos|United States|COUNTRY|A|0\",\"EE|Estonia|Estonia|COUNTRY|A|0\",\"ET|Etiopia|Ethiopia|COUNTRY|A|0\",\"FJ|Fiji|Fiji|COUNTRY|A|0\",\"PH|Filipinas|Philippines|COUNTRY|A|0\",\"FI|Finlandia|Finland|COUNTRY|A|0\",\"FR|Francia|France|COUNTRY|A|0\",\"GA|Gabon|Gabon|COUNTRY|A|0\",\"GM|Gambia|Gambia|COUNTRY|A|0\",\"GH|Gana|Ghana|COUNTRY|A|0\",\"GE|Georgia|Georgia|COUNTRY|A|0\",\"GI|Gibraltar|Gibraltar|COUNTRY|A|0\",\"GR|Grecia|Greece|COUNTRY|A|0\",\"GD|Grenada|Grenada|COUNTRY|A|0\",\"GL|Groenlandia|Greenland|COUNTRY|A|0\",\"GP|Guadalupe|Guadeloupe|COUNTRY|A|0\",\"GU|Guam|Guam|COUNTRY|A|0\",\"GT|Guatemala|Guatemala|COUNTRY|A|0\",\"GF|Guayana Francesa|French Guiana|COUNTRY|A|0\",\"GG|Guernsey|Guernsey|COUNTRY|A|0\",\"GN|Guinea|Guinea|COUNTRY|A|0\",\"GQ|Guinea Ecuatorial|Equatorial Guinea|COUNTRY|A|0\",\"GW|Guinea-Bissau|Guinea Bissau|COUNTRY|A|0\",\"GY|Guyana|Guyana|COUNTRY|A|0\",\"HT|Haiti|Haiti|COUNTRY|A|0\",\"HM|Heard Island And Mcdonald Islands|Heard Island And Mcdonald Islands|COUNTRY|A|0\",\"NL|Holanda|Netherlands|COUNTRY|A|0\",\"HN|Honduras|Honduras|COUNTRY|A|0\",\"HK|Hong Kong|Hong Kong|COUNTRY|A|0\",\"HU|Hungria|Hungary|COUNTRY|A|0\",\"IN|India|India|COUNTRY|A|0\",\"ID|Indonesia|Indonesia|COUNTRY|A|0\",\"IR|Iran|Iran|COUNTRY|A|0\",\"IQ|Iraq|Iraq|COUNTRY|A|0\",\"IE|Irlanda|Ireland|COUNTRY|A|0\",\"BV|Isla Bouvet|Bouvet Island|COUNTRY|A|0\",\"IS|Islandia|Iceland|COUNTRY|A|0\",\"KY|Islans Caiman|Cayman Islands|COUNTRY|A|0\",\"AX|Islas Aland|Aland Islands|COUNTRY|A|0\",\"CC|Islas Cocos (Keeling)|Cocos (Keeling) Islands|COUNTRY|A|0\",\"CK|Islas Cook|Cook Islands|COUNTRY|A|0\",\"FAR|Islas Faroe|Faroe Islands|COUNTRY|A|0\",\"FK|Islas Malvinas|Falkland Islands (Malvinas)|COUNTRY|A|0\",\"MP|Islas Mariana del Norte|Northern Marianas Islands|COUNTRY|A|0\",\"MH|Islas Marshall|Marshall Islands|COUNTRY|A|0\",\"SB|Islas Solomon|Solomon Islands|COUNTRY|A|0\",\"TC|Islas Turcos y Caicos|Turks and Caicos Islands|COUNTRY|A|0\",\"VG|Islas Virgenes Britanicas|Virgin Islands, British|COUNTRY|A|0\",\"VI|Islas Virgenes, E.E.U.U.|Virgin Islands, US|COUNTRY|A|0\",\"MAN|Isle of Man|Isle of Man|COUNTRY|A|0\",\"IL|Israel|Israel|COUNTRY|A|0\",\"IT|Italia|Italy|COUNTRY|A|0\",\"JM|Jamaica|Jamaica|COUNTRY|A|0\",\"JP|Japon|Japan|COUNTRY|A|0\",\"JE|Jersey|Jersey|COUNTRY|A|0\",\"JO|Jordania|Jordan|COUNTRY|A|0\",\"KZ|Kazakhstan|Kazakhstan|COUNTRY|A|0\",\"KE|Kenya|Kenya|COUNTRY|A|0\",\"KI|Kiribati|Kiribati|COUNTRY|A|0\",\"KW|Kuwait|Kuwait|COUNTRY|A|0\",\"KYR|Kyrgyzstan|Kyrgyzstan|COUNTRY|A|0\",\"LA|Laos|Laos|COUNTRY|A|0\",\"LAT|Latvia|Latvia|COUNTRY|A|0\",\"LS|Lesotho|Lesotho|COUNTRY|A|0\",\"LB|Libano|Lebanon|COUNTRY|A|0\",\"LR|Liberia|Liberia|COUNTRY|A|0\",\"LY|Libia|Libya|COUNTRY|A|0\",\"LI|Liechtenstein|Liechtenstein|COUNTRY|A|0\",\"LT|Lituania|Lithuania|COUNTRY|A|0\",\"LU|Luxemburgo|Luxembourg|COUNTRY|A|0\",\"MO|Macao|Macao|COUNTRY|A|0\",\"MK|Macedonia|Macedonia|COUNTRY|A|0\",\"MG|Madagascar|Madagascar|COUNTRY|A|0\",\"MY|Malasia|Malaysia|COUNTRY|A|0\",\"MW|Malawi|Malawi|COUNTRY|A|0\",\"MV|Maldives|Maldives|COUNTRY|A|0\",\"ML|Mali|Mali|COUNTRY|A|0\",\"MT|Malta|Malta|COUNTRY|A|0\",\"MA|Marruecos|Morocco|COUNTRY|A|0\",\"MQ|Martinica|Martinique|COUNTRY|A|0\",\"MU|Mauricio|Mauritius|COUNTRY|A|0\",\"MR|Mauritania|Mauritania|COUNTRY|A|0\",\"YT|Mayotte|Mayotte|COUNTRY|A|0\",\"MX|Mexico|Mexico|COUNTRY|A|0\",\"FM|Micronesia|Micronesia|COUNTRY|A|0\",\"MOL|Moldova|Moldova|COUNTRY|A|0\",\"MC|Monaco|Monaco|COUNTRY|A|0\",\"MN|Mongolia|Mongolia|COUNTRY|A|0\",\"ME|Montenegro|Montenegro|COUNTRY|A|0\",\"MS|Montserrat|Montserrat|COUNTRY|A|0\",\"MZ|Mozambique|Mozambique|COUNTRY|A|0\",\"MM|Myanmar|Myanmar|COUNTRY|A|0\",\"NA|Namibia|Namibia|COUNTRY|A|0\",\"NR|Nauru|Nauru|COUNTRY|A|0\",\"NP|Nepal|Nepal|COUNTRY|A|0\",\"NI|Nicaragua|Nicaragua|COUNTRY|A|0\",\"NE|Niger|Niger|COUNTRY|A|0\",\"NG|Nigeria|Nigeria|COUNTRY|A|0\",\"NU|Niue|Niue|COUNTRY|A|0\",\"NF|Norfolk Island|Norfolk Island|COUNTRY|A|0\",\"NO|Noruega|Norway|COUNTRY|A|0\",\"NC|Nueva Caledonia|New Caledonia|COUNTRY|A|0\",\"NZ|Nueva Zelandia|New Zealand|COUNTRY|A|0\",\"OM|Oman|Oman|COUNTRY|A|0\",\"PK|Pakistan|Pakistan|COUNTRY|A|0\",\"PW|Palau|Palau|COUNTRY|A|0\",\"PS|Palestina|Palestinian Territory, Occupied|COUNTRY|A|0\",\"PA|Panama|Panama|COUNTRY|A|0\",\"PG|Papua Nueva Guinea|Papua New Guinea|COUNTRY|A|0\",\"PY|Paraguay|Paraguay|COUNTRY|A|0\",\"PE|Peru|Peru|COUNTRY|A|0\",\"PN|Pitcairn|Pitcairn|COUNTRY|A|0\",\"PF|Polinesia Francesa|French Polynesia|COUNTRY|A|0\",\"PL|Polonia|Poland|COUNTRY|A|0\",\"PT|Portugal|Portugal|COUNTRY|A|0\",\"PR|Puerto Rico|Puerto Rico|COUNTRY|A|0\",\"QA|Qatar|Qatar|COUNTRY|A|0\",\"GB|Reino Unido|United Kingdom|COUNTRY|A|0\",\"CF|Republica Centroafricana|Central African Republic|COUNTRY|A|0\",\"CZ|Republica Checa|Czech Republic|COUNTRY|A|0\",\"CD|Republica Democratica del Congo|Congo, The Democratic Republic of|COUNTRY|A|0\",\"DO|Republica Dominicana|Dominican Republic|COUNTRY|A|0\",\"RE|Reunion|Reunion|COUNTRY|A|0\",\"RO|Romania|Romania|COUNTRY|A|0\",\"RW|Ruanda|Rwanda|COUNTRY|A|0\",\"RU|Rusia|Russia|COUNTRY|A|0\",\"EH|Sahara Occidental|Western Sahara|COUNTRY|A|0\",\"PM|Saint Pierre y Miquelon|Saint Pierre And Miquelon|COUNTRY|A|0\",\"WS|Samoa|Samoa|COUNTRY|A|0\",\"AS|Samoa Americana|American Samoa|COUNTRY|A|0\",\"KN|San Kitts y Nevis|Saint Kitts And Nevis|COUNTRY|A|0\",\"MF|San Maarten|Saint Maarten|COUNTRY|A|0\",\"SM|San Marino|San Marino|COUNTRY|A|0\",\"VC|San Vincente y las Granadinas|Saint Vincent and The Grenadines|COUNTRY|A|0\",\"LC|Santa Lucia|Saint Lucia|COUNTRY|A|0\",\"SH|Sante Elena|Saint Helena|COUNTRY|A|0\",\"ST|Sao Tome y Principe|Sao Tome and Principe|COUNTRY|A|0\",\"SN|Senegal|Senegal|COUNTRY|A|0\",\"YU|Serbia|Serbia|COUNTRY|A|0\",\"SC|Seychelles|Seychelles|COUNTRY|A|0\",\"SL|Sierra Leona|Sierra Leone|COUNTRY|A|0\",\"SG|Singapur|Singapore|COUNTRY|A|0\",\"SY|Siria|Syrian Arab Republic|COUNTRY|A|0\",\"SO|Somalia|Somalia|COUNTRY|A|0\",\"GS|South Georgia and South Sandwich Islands|South Georgia and South Sandwich Islands|COUNTRY|A|0\",\"LK|Sri Lanka|Sri Lanka|COUNTRY|A|0\",\"SD|Sudan|Sudan|COUNTRY|A|0\",\"SE|Suecia|Sweden|COUNTRY|A|0\",\"CH|Suiza|Switzerland|COUNTRY|A|0\",\"ZA|Surafrica|South Africa|COUNTRY|A|0\",\"SR|Suriname|Suriname|COUNTRY|A|0\",\"SJ|Svalbard and Jan Mayen|Svalbard and Jan Mayen|COUNTRY|A|0\",\"SZ|Swazilandia|Swaziland|COUNTRY|A|0\",\"TH|Tailandia|Thailand|COUNTRY|A|0\",\"TW|Taiwan|Taiwan|COUNTRY|A|0\",\"TJ|Tajikistan|Tajikistan|COUNTRY|A|0\",\"TZ|Tanzania|Tanzania|COUNTRY|A|0\",\"IO|Territorio Britanico del Oceano Indico|British Indian Ocean Territory|COUNTRY|A|0\",\"TF|Territorios Meridionales Franceses|French Southern Territories|COUNTRY|A|0\",\"TP|Timor-Leste|Timor Leste|COUNTRY|A|0\",\"TG|Togo|Togo|COUNTRY|A|0\",\"TK|Tokelau|Tokelau|COUNTRY|A|0\",\"TO|Tonga|Tonga|COUNTRY|A|0\",\"TT|Trinidad y Tobago|Trinidad and Tobago|COUNTRY|A|0\",\"TN|Tunez|Tunisia|COUNTRY|A|0\",\"TM|Turkmenistan|Turkmenistan|COUNTRY|A|0\",\"TR|Turquia|Turkey|COUNTRY|A|0\",\"TV|Tuvalu|Tuvalu|COUNTRY|A|0\",\"UA|Ucrania|Ukraine|COUNTRY|A|0\",\"UG|Uganda|Uganda|COUNTRY|A|0\",\"MIN|United States Minor Outlying Islands|United States Minor Outlying Islands|COUNTRY|A|0\",\"UY|Uruguay|Uruguay|COUNTRY|A|0\",\"UZ|Uzbekistan|Uzbekistan|COUNTRY|A|0\",\"VU|Vanuatu|Vanuatu|COUNTRY|A|0\",\"VE|Venezuela|Venezuela|COUNTRY|A|0\",\"VN|Viet Nam|Viet Nam|COUNTRY|A|0\",\"WF|Wallis y Futuna|Wallis and Futuna|COUNTRY|A|0\",\"YE|Yemen|Yemen|COUNTRY|A|0\",\"ZM|Zambia|Zambia|COUNTRY|A|0\",\"ZW|Zimbabwe|Zimbabwe|COUNTRY|A|0\",\"EI_ADMINISTRACION|ADMINISTRACION\\/SERVICIOS DE INSTALACION|Administration\\/Clerical\\/Facilities Svc|EMPLOYMENT_INDUSTRY|A|0\",\"EI_AGRICULTURA|AGRICULTURA\\/FABRICACION|Agriculture\\/Manufacturing|EMPLOYMENT_INDUSTRY|A|0\",\"EI_FINANZAS|BANCA\\/FINANZAS\\/SEGUROS|Banking\\/Finance\\/Insurance|EMPLOYMENT_INDUSTRY|A|0\",\"EI_BIENES|BIENES INMUEBLES|Real Estate\\/Property|EMPLOYMENT_INDUSTRY|A|0\",\"EI_CONSTRUCCION|CONSTRUCCION|Building & Construction|EMPLOYMENT_INDUSTRY|A|0\",\"EI_COSMETICA|COSMETICA\\/ESTETICA|Cosmetic\\/Beauty Services|EMPLOYMENT_INDUSTRY|A|0\",\"EI_EDUCACION|EDUACION\\/ENSE\\u00d1ANZA|Education\\/Teaching|EMPLOYMENT_INDUSTRY|A|0\",\"EI_LEGAL|FUERZAS DE SEGURIDAD\\/EJERCITO\\/LEGAL|Law Enforcement\\/Military\\/Legal|EMPLOYMENT_INDUSTRY|A|0\",\"EI_FUNCIONARIO|FUNCIONARIO|Civil Servant\\/Government Employee|EMPLOYMENT_INDUSTRY|A|0\",\"EI_HOTEL|HOSTERIA\\/RESTAURANT|Hotel\\/Restaurant\\/F&B|EMPLOYMENT_INDUSTRY|A|0\",\"EI_IMPORTACION|IMPORTACION\\/EXPORTACION|Import\\/Export|EMPLOYMENT_INDUSTRY|A|0\",\"EI_MEDICINA|MEDICINA Y SALUD|Medical & Health|EMPLOYMENT_INDUSTRY|A|0\",\"EI_CARIDAD|ONG\\/CARIDAD|Nom-Profit\\/Charity\\/Aid Worker|EMPLOYMENT_INDUSTRY|A|0\",\"EI_PUBLICIDAD|PUBLICIDAD\\/MEDIOS DE COMUNICACION|Advertising\\/Media\\/comunications|EMPLOYMENT_INDUSTRY|A|0\",\"EI_INFORMACION|TECNOLOGIA DE INFORMACION|Information Technology|EMPLOYMENT_INDUSTRY|A|0\",\"EI_DOMESTICO|TRABAJOR DOMESTICO\\/CUIDADO DE NI\\u00d1OS|Domestic Helper\\/Child Care|EMPLOYMENT_INDUSTRY|A|0\",\"EI_TURISMO|TURISMO\\/LINEAS AEREAS OMARITIMAS|Tourism\\/Airlines\\/Maritime|EMPLOYMENT_INDUSTRY|A|0\",\"ES_DESEMPLEADO|DESEMPLEADO|Unemployed|EMPLOYMENT_STATUS|A|0\",\"ES_EMPLEADO|EMPLEADO|Employed|EMPLOYMENT_STATUS|A|0\",\"ES_ESTUDIANTE|ESTUDIANTE|Student|EMPLOYMENT_STATUS|A|0\",\"ES_JUBILADO|JUBILADO|Retired|EMPLOYMENT_STATUS|A|0\",\"ES_PROPIO|TRABAJADOR POR CUENTA PROPIA|Self-Employed|EMPLOYMENT_STATUS|A|0\",\"F|FEMENINO|F|GENDER_STATUS|A|0\",\"M|MASCULINO|M|GENDER_STATUS|A|0\",\"IT_CEDULA|DOCUMENTO NACIONAL DE IDENTIDAD|B|ID_TYPE|A|0\",\"IT_PASAPORTE|PASAPORTE|A|ID_TYPE|A|0\",\"MS_CASADO|CASADO\\/A|Married|MARITAL_STATUS|A|0\",\"MS_DIVORCIADO|DIVORCIADO\\/A|Divorced|MARITAL_STATUS|A|0\",\"MS_SEPARADO|SEPARADO\\/A|Separated|MARITAL_STATUS|A|0\",\"MS_SOLTERO|SOLTERO\\/A|Single|MARITAL_STATUS|A|0\",\"MS_VIUDO|VIUDO\\/A|Widowed|MARITAL_STATUS|A|0\",\"SF_TARJ_CREDITO|ADELANTO TARJETA DE CREDIT\\/EFECTIVO|Credit Card\\/Cash Advance|SOURCE_FUNDS|A|0\",\"SF_AHORRO|AHORRO|Savings|SOURCE_FUNDS|A|0\",\"SF_COMERCIO|COMERCIO EXTERIOR\\/VENTA BIENES\\/SERVICIOS|Proceeds of Trade\\/Selling of Goods\\/Svc|SOURCE_FUNDS|A|0\",\"SF_DONACIONES|DONACIONES|Charitable\\/Fund Raising|SOURCE_FUNDS|A|0\",\"SF_HERENCIA|HERENCIA|Inheritance|SOURCE_FUNDS|A|0\",\"SF_RENTA|INGRESO POR RENTA\\/ALQUILER PROPIEDADES|Property\\/Rental Income|SOURCE_FUNDS|A|0\",\"SF_PENSIONES|PENSIONES\\/JUBILACIONES|Pension\\/Government\\/Welfare|SOURCE_FUNDS|A|0\",\"SF_JUEGOS|PREMIOS POR JUEGOS DE AZAR\\/LOTERIA|Gambling Winnings|SOURCE_FUNDS|A|0\",\"SF_PRESTAMO_FAMILIAR|PRESTAMO AMIGO\\/FAMILIA|Loan from friend\\/family|SOURCE_FUNDS|A|0\",\"SF_PRESTAMO_BANCARIO|PRESTAMO BANCARIO|Loan from Bank|SOURCE_FUNDS|A|0\",\"SF_REGALO|REGALO|Gift|SOURCE_FUNDS|A|0\",\"SF_SALARIO|SALARIO\\/SUELDO|Salary|SOURCE_FUNDS|A|0\"]', '2020-01-10 08:15:39', '2020-02-19 08:15:48'),
(8, 'GetH2HDeliveryServicesCuba', '\"041|Cuba Envio Familiar|CUC|A\"', '2020-01-10 08:15:41', '2020-02-20 13:56:08'),
(9, 'GetH2HDeliveryOptionTemplateCuba', '[\"1|\\u00bfCertifica que no ha enviado m\\u00e1s de $1000, incluida esta remesa, a este ciudadano cubano en los \\u00faltimos 90 d\\u00edas?|DETAIL|27|A\",\"2|\\u00bfCertifica que el beneficiario no es un funcionario prohibido del gobierno de Cuba, un miembro prohibido del Partido Comunista de Cuba o un pariente cercano de alguno de estos?|DETAIL|28|A\",\"3|\\u00bfEntiendes que la transferencia solo se puede enviar a un familiar cercano de Cuba?|DETAIL|17|A\",\"4|\\u00bfCertifica usted que este env\\u00edo no ser\\u00e1 usado para prop\\u00f3sitos relacionados con emigraci\\u00f3n?|DETAIL|12|A\",\"5|\\u00bfDeclara y afirma que la informaci\\u00f3n proporcionada es verdadera y correcta en el mejor de su conocimiento?|DETAIL|14|A\",\"6|Al continuar con esta transacci\\u00f3n usted afirma estar de acuerdo en proveer su firma electr\\u00f3nica y acepta realizar negocios con Western Union de manera electr\\u00f3nica. \\u00bfEst\\u00e1 de acuerdo en continuar con la transacci\\u00f3n?|DETAIL|21|A\"]', '2020-01-10 08:15:52', '2020-02-19 08:15:52');

-- --------------------------------------------------------

--
-- Estructura de tabla para la tabla `empresas`
--

CREATE TABLE `empresas` (
  `id` int(10) UNSIGNED NOT NULL,
  `padre` int(10) UNSIGNED DEFAULT NULL,
  `user_id` int(10) UNSIGNED DEFAULT NULL,
  `nombre` varchar(100) NOT NULL,
  `estado` int(1) NOT NULL DEFAULT 1,
  `vendedor` varchar(40) DEFAULT NULL COMMENT 'Vendedor que tiene como cliente, esta empresa',
  `clasificacion` set('1','2','3','4','5') DEFAULT NULL COMMENT 'Clasificación de la empresa',
  `created_at` timestamp NOT NULL DEFAULT '0000-00-00 00:00:00',
  `updated_at` timestamp NOT NULL DEFAULT '0000-00-00 00:00:00'
) ENGINE=InnoDB DEFAULT CHARSET=utf8mb4 ROW_FORMAT=COMPACT;

--
-- Volcado de datos para la tabla `empresas`
--

INSERT INTO `empresas` (`id`, `padre`, `user_id`, `nombre`, `estado`, `vendedor`, `clasificacion`, `created_at`, `updated_at`) VALUES
(1, NULL, 1, 'LATINEXUS S.A.', 1, NULL, NULL, '0000-00-00 00:00:00', '2019-06-26 01:18:07'),
(9, 1, 11, 'Multipagos S.A.', 1, '1', NULL, '2019-07-03 06:39:37', '2019-07-03 06:39:37'),
(18, 9, NULL, 'MULTIPAGOS MATRIZ ', 1, '11', NULL, '2019-09-03 22:53:12', '2019-12-03 08:29:31'),
(19, 9, NULL, 'Multi Prueba ', 1, '33', NULL, '2019-09-10 14:50:13', '2019-09-10 14:50:13'),
(20, 9, NULL, 'MULTIPAGOS EL QUINCHE', 1, '11', NULL, '2019-10-22 11:04:36', '2019-10-22 11:04:36'),
(22, 9, NULL, 'MULTIPAGOS DAMAS', 1, '11', NULL, '2019-11-05 12:50:01', '2019-11-05 12:50:01'),
(23, 9, NULL, 'MINIMERCADO CLEOS', 1, '11', NULL, '2019-11-05 18:32:04', '2019-11-05 20:11:18'),
(24, 9, NULL, 'MULTIPAGOS MITAD DEL MUNDO ', 1, '11', NULL, '2019-11-06 08:23:44', '2019-11-06 08:23:44'),
(25, 9, NULL, 'Juan Arcos', 1, '11', NULL, '2019-11-08 15:36:54', '2019-11-08 15:36:54'),
(26, 9, NULL, 'INTELCOM', 1, '11', NULL, '2019-11-11 08:06:44', '2019-11-11 08:06:44'),
(27, 9, NULL, 'Cyber Jennifer', 1, '11', NULL, '2019-11-17 12:21:34', '2019-11-17 12:21:34');

-- --------------------------------------------------------

--
-- Estructura de tabla para la tabla `empresas_comercial`
--

CREATE TABLE `empresas_comercial` (
  `id` int(10) UNSIGNED NOT NULL,
  `empresa_id` int(10) UNSIGNED NOT NULL,
  `tipo_id` int(5) UNSIGNED DEFAULT NULL,
  `credito` decimal(10,5) UNSIGNED DEFAULT 0.00000,
  `comision` decimal(10,5) UNSIGNED DEFAULT 0.00000,
  `descuento` decimal(5,2) UNSIGNED DEFAULT 0.00,
  `recargo` decimal(5,2) UNSIGNED DEFAULT 0.00
) ENGINE=InnoDB DEFAULT CHARSET=utf8mb4 ROW_FORMAT=COMPACT;

--
-- Volcado de datos para la tabla `empresas_comercial`
--

INSERT INTO `empresas_comercial` (`id`, `empresa_id`, `tipo_id`, `credito`, `comision`, `descuento`, `recargo`) VALUES
(6, 9, NULL, '10000.00000', '0.00000', '0.00', '0.00'),
(14, 18, 3, '34.00000', '38.22625', '0.00', '0.00'),
(15, 19, 2, '0.00000', '4.03000', '0.00', '0.00'),
(16, 20, 2, '0.01000', '0.00000', '0.00', '0.00'),
(17, 22, 2, '286.00000', '19.09000', '0.00', '0.00'),
(18, 23, 6, '1.00000', '1.67500', '0.00', '0.00'),
(19, 25, 6, '40.00000', '15.62000', '0.00', '0.00'),
(20, 24, 6, '0.00000', '0.00000', '0.00', '0.00'),
(21, 26, 5, '0.95000', '0.70200', '0.00', '0.00'),
(22, 27, 1, '0.00000', '0.36500', '0.00', '0.00');

-- --------------------------------------------------------

--
-- Estructura de tabla para la tabla `empresas_contactos`
--

CREATE TABLE `empresas_contactos` (
  `id` int(10) UNSIGNED NOT NULL,
  `sucursal_id` int(10) UNSIGNED NOT NULL,
  `user_id` int(10) UNSIGNED DEFAULT NULL,
  `nombre` varchar(60) CHARACTER SET utf8 NOT NULL,
  `apellido` varchar(60) CHARACTER SET utf8 DEFAULT NULL,
  `correo` varchar(60) CHARACTER SET utf8 DEFAULT NULL,
  `telefono_fijo` varchar(60) CHARACTER SET utf8 DEFAULT NULL,
  `telefono_movil` varchar(60) CHARACTER SET utf8 DEFAULT NULL,
  `cargo` varchar(60) CHARACTER SET utf8 DEFAULT NULL,
  `notas` text CHARACTER SET utf8 DEFAULT NULL,
  `created_at` timestamp NOT NULL DEFAULT '0000-00-00 00:00:00',
  `updated_at` timestamp NOT NULL DEFAULT '0000-00-00 00:00:00'
) ENGINE=InnoDB DEFAULT CHARSET=utf8mb4 ROW_FORMAT=COMPACT;

--
-- Volcado de datos para la tabla `empresas_contactos`
--

INSERT INTO `empresas_contactos` (`id`, `sucursal_id`, `user_id`, `nombre`, `apellido`, `correo`, `telefono_fijo`, `telefono_movil`, `cargo`, `notas`, `created_at`, `updated_at`) VALUES
(1, 1, 1, 'Eric', 'Larrea', 'eric@latinex.us', '+593984008290', '', 'Gerente de desarrollo', 'Este es cubano', '0000-00-00 00:00:00', '0000-00-00 00:00:00'),
(35, 47, 11, 'Victor', 'Naranjo', 'puntoagil@hotmail.com', NULL, '0997717073', 'Director Ejecutivo ', NULL, '2019-09-03 00:00:00', '2019-11-06 09:15:14'),
(41, 47, 32, 'Eric', 'Larrea', 'elapez@gmail.com', NULL, '0984008290', 'Asesor de sistemas', NULL, '2019-09-10 02:32:40', '2019-09-10 02:32:40'),
(43, 56, 34, 'Martha ', 'Aarcos', 'redmultipagos@hotmail.com', '0997717073', NULL, 'Cajero Admin', NULL, '2019-09-10 14:50:13', '2019-09-11 13:16:33'),
(50, 56, 41, 'Miguel', 'López', 'eric@latinex.us', '', '+593984008290', 'Supervisor', '', '2019-09-16 01:53:15', '2019-09-16 01:53:15'),
(51, 56, 42, 'Vanessa', 'García', 'ventas@latinex.us', '', '+593985223647', 'Recepcionista', '', '2019-09-16 01:57:09', '2019-09-16 01:57:09'),
(52, 56, 43, 'Mauro', 'Villas', 'info@latinex.us', NULL, '0984008290', 'Vendedor', NULL, '2019-09-16 02:44:44', '2019-09-16 02:44:44'),
(53, 56, 44, 'Jose', 'Martinez', 'puntoagil@hotmail.com', '099999999', '09999999', 'cajero', '', '2019-09-16 11:26:53', '2019-09-16 11:26:53'),
(54, 57, 45, 'Katherine ', 'Cepeda ', 'kattyess2010@gmail.com', NULL, '0994526855', 'GERENTE', NULL, '2019-10-22 11:04:36', '2019-10-25 14:53:39'),
(55, 57, 46, 'Luis', 'Sanchez', 'luisw.2010@gmail.com', '022164372', '0980941863', 'Cajero', '', '2019-10-29 18:30:14', '2019-10-29 18:30:14'),
(56, 55, 47, 'Margoth', 'Naranjo', 'puntoagil@hotmail.com', '032680281', '098 576 9044', 'Cajero', NULL, '2019-11-04 15:19:03', '2019-12-12 09:26:02'),
(57, 58, 48, 'Ximena ', 'Herrera ', 'puntoagil@hotmail.com', NULL, NULL, 'Franquiciada ', NULL, '2019-11-05 12:50:01', '2019-11-06 09:38:00'),
(58, 59, 49, 'OSCAR', 'GUERRERO', 'obguerreroc@gmail.com', NULL, '0995046933', 'Cajero', NULL, '2019-11-05 18:32:04', '2019-11-08 17:12:29'),
(59, 60, 50, 'SILVIA', 'ALEMAN', 'silvialemanv@hotmail.com', '', '0995956747', 'Cajero Administrador', '', '2019-11-06 08:23:44', '2019-11-06 08:23:44'),
(60, 61, 51, 'Juan', 'Arcos', 'facturacionpuntoagil@gmail.com', '', '', 'Cajero', 'Punto de Venta Recargas', '2019-11-08 15:36:54', '2019-11-08 15:36:54'),
(61, 62, 52, 'Jose', 'Tonato ', 'servitec455@gmail.com', '', '0960612525', 'Cajero', '', '2019-11-11 08:06:44', '2019-11-11 08:06:44'),
(62, 63, 53, 'Eva', 'Tigse', 'puntoagil@hotmail.com', '', '0960612525', 'Propietaria ', 'Pujili', '2019-11-17 12:21:34', '2019-11-17 12:21:35'),
(63, 47, 54, 'Ivan', 'Naranjo', 'puntoagil@hotmail.com', NULL, '0969870104', 'Asesor', 'Perfil acreditaciones', '2019-11-21 15:47:47', '2019-11-21 15:47:47'),
(64, 55, 55, 'Alexander', 'Naranjo', 'facturacionpuntoagil@gmail.com', '032680281', '0997717073', 'cajero', 'cajero', '2019-12-12 14:35:00', '2019-12-12 14:36:43');

-- --------------------------------------------------------

--
-- Estructura de tabla para la tabla `empresas_datos`
--

CREATE TABLE `empresas_datos` (
  `id` int(10) UNSIGNED NOT NULL,
  `empresa_id` int(10) UNSIGNED NOT NULL,
  `ruc` varchar(13) DEFAULT NULL,
  `rucTipo` varchar(1) NOT NULL DEFAULT 'R',
  `imagen` varchar(150) DEFAULT NULL COMMENT 'Logo o imagen de la empresa',
  `web` varchar(250) DEFAULT NULL,
  `notas` text DEFAULT NULL
) ENGINE=InnoDB DEFAULT CHARSET=utf8mb4 ROW_FORMAT=COMPACT;

--
-- Volcado de datos para la tabla `empresas_datos`
--

INSERT INTO `empresas_datos` (`id`, `empresa_id`, `ruc`, `rucTipo`, `imagen`, `web`, `notas`) VALUES
(1, 1, '0992801034001', 'R', 'latinexusLogo.png', 'http://multipagos.com', 'Esta es la empresa base'),
(49, 9, '458752144', 'R', NULL, NULL, 'dfa sdsada sdja sdj ASD ASDA SD AS'),
(58, 18, '1291748356001', 'R', NULL, NULL, NULL),
(59, 19, '0923550610001', 'R', NULL, NULL, NULL),
(60, 20, '1722760509001', 'R', NULL, NULL, NULL),
(62, 22, '1203907082001', 'R', NULL, NULL, 'Franquicia '),
(63, 23, '1004434971001', 'R', NULL, NULL, NULL),
(64, 24, '1713563433001', 'R', NULL, NULL, NULL),
(65, 25, '0501933758', 'C', NULL, NULL, NULL),
(66, 26, '0503402679001', 'R', NULL, NULL, NULL),
(67, 27, '0502893894', 'C', NULL, NULL, 'Cliente Pujili ');

-- --------------------------------------------------------

--
-- Estructura de tabla para la tabla `empresas_marcas`
--

CREATE TABLE `empresas_marcas` (
  `id` int(10) UNSIGNED NOT NULL,
  `empresa_id` int(10) UNSIGNED NOT NULL,
  `nombre` varchar(100) NOT NULL,
  `texto` text DEFAULT NULL COMMENT 'Descripción de la marca',
  `imagen` varchar(150) DEFAULT NULL COMMENT 'Logo o imagen de la empresa',
  `web` varchar(250) DEFAULT NULL,
  `notas` text DEFAULT NULL
) ENGINE=InnoDB DEFAULT CHARSET=utf8mb4 ROW_FORMAT=COMPACT;

-- --------------------------------------------------------

--
-- Estructura de tabla para la tabla `empresas_redes_sociales`
--

CREATE TABLE `empresas_redes_sociales` (
  `id` int(10) UNSIGNED NOT NULL,
  `empresa_id` int(10) UNSIGNED NOT NULL,
  `marca_id` int(10) UNSIGNED DEFAULT NULL,
  `sucursal_id` int(10) UNSIGNED DEFAULT NULL,
  `nombre` varchar(100) DEFAULT NULL,
  `url` varchar(255) DEFAULT NULL
) ENGINE=InnoDB DEFAULT CHARSET=utf8mb4 COMMENT='Redes sociales de las empresas' ROW_FORMAT=COMPACT;

-- --------------------------------------------------------

--
-- Estructura de tabla para la tabla `empresas_sucursales`
--

CREATE TABLE `empresas_sucursales` (
  `id` int(10) UNSIGNED NOT NULL,
  `empresa_id` int(10) UNSIGNED NOT NULL,
  `matriz` int(1) UNSIGNED DEFAULT NULL,
  `nombre` varchar(255) DEFAULT NULL,
  `actividad` varchar(255) DEFAULT NULL COMMENT 'que realiza, a que se dedica',
  `web` varchar(250) DEFAULT NULL,
  `direccion` varchar(255) DEFAULT NULL,
  `geo_lat` decimal(12,9) UNSIGNED DEFAULT NULL,
  `geo_lon` decimal(12,9) UNSIGNED DEFAULT NULL,
  `notas` text DEFAULT NULL
) ENGINE=InnoDB DEFAULT CHARSET=utf8mb4 ROW_FORMAT=COMPACT;

--
-- Volcado de datos para la tabla `empresas_sucursales`
--

INSERT INTO `empresas_sucursales` (`id`, `empresa_id`, `matriz`, `nombre`, `actividad`, `web`, `direccion`, `geo_lat`, `geo_lon`, `notas`) VALUES
(1, 1, 1, 'Matriz', 'Desarrollo de sistemas, Diseño gráfico y Producciones audiovisuales', NULL, 'Sauces VIII, Mz. 457, V.18, Guayaquil, Ecuador', NULL, NULL, ''),
(47, 9, 1, 'Multipagos Guayas', 'Cobros y derivados', NULL, 'vj xzvxv xcv xcjv xcv cxv', NULL, NULL, 'xcvxcvmxj vjx v xcvj xc'),
(55, 18, 0, 'MULTIPAGOS MATRIZ ', 'Recaudaciones', NULL, 'Moraspungo', NULL, NULL, ''),
(56, 19, 0, 'Pangua', 'recargas ', NULL, 'Moraspungo\r\nPrimero de Junio', NULL, NULL, 'Prueba 10'),
(57, 20, 1, 'MULTIPAGOS EL QUINCHE', 'PAGOS, GIROS Y RECARGAS', NULL, 'Pichincha E1-30 y Panamericana ', NULL, NULL, NULL),
(58, 22, 0, 'MULTIPAGOS DAMAS', 'TIENDA', NULL, 'ESTERO DE DAMAS - MORASPUNGO ', NULL, NULL, ''),
(59, 23, 1, 'MINIMERCADO CLEOS', 'Tienda', NULL, 'HUIRACOCHA 1086 Y HUALCOPO DUCHICELA - Imbabura - Ibarra', NULL, NULL, NULL),
(60, 24, 0, 'MULTIPAGOS MITAD DEL MUNDO', 'PAGOS, GIROS Y RECARGAS', NULL, 'QUITO Parroquia: SAN ANTONIO Calle: DANIEL CEVALLOS Numero: 1402 Interseccion: AV EQUINOCCIAL', NULL, NULL, ''),
(61, 25, 0, 'Juan Arcos', 'Recargas', NULL, 'Agua Santa ', NULL, NULL, 'Punto de Venta Recargas Agua Santa '),
(62, 26, 0, 'INTELCOM', 'RECARGAS', NULL, 'Av. Velasco Ibarra y Antonio Jose de Sucre - PUJILI ', NULL, NULL, ''),
(63, 27, 0, 'Cyber Jennifer', 'Recargas', NULL, 'Rumipungo Centro', NULL, NULL, 'Venta de Recargas Pujili Cotopaxi');

-- --------------------------------------------------------

--
-- Estructura de tabla para la tabla `emp_alerta`
--

CREATE TABLE `emp_alerta` (
  `id` int(10) UNSIGNED NOT NULL,
  `nombre` varchar(200) NOT NULL,
  `vista` varchar(100) NOT NULL,
  `empresa_id` int(10) UNSIGNED NOT NULL,
  `texto` text NOT NULL,
  `created_at` timestamp NOT NULL DEFAULT '0000-00-00 00:00:00',
  `updated_at` timestamp NOT NULL DEFAULT '0000-00-00 00:00:00'
) ENGINE=InnoDB DEFAULT CHARSET=utf8mb4;

-- --------------------------------------------------------

--
-- Estructura de tabla para la tabla `emp_movimientos`
--

CREATE TABLE `emp_movimientos` (
  `id` int(10) UNSIGNED NOT NULL,
  `tipo` set('ingreso','egreso','retiro') NOT NULL,
  `valor` decimal(10,2) UNSIGNED NOT NULL,
  `empresa_origen_id` int(10) UNSIGNED DEFAULT NULL,
  `empresa_destino_id` int(10) UNSIGNED DEFAULT NULL,
  `fecha` date NOT NULL DEFAULT '0000-00-00',
  `cuenta_origen_id` int(10) UNSIGNED DEFAULT NULL,
  `cuenta_destino_id` int(10) UNSIGNED DEFAULT NULL,
  `comprobante` varchar(50) DEFAULT NULL,
  `forma_pago` set('d','t','e') DEFAULT NULL COMMENT 'Depósito bancario,Transferencia bancaria, Pago en efectivo',
  `user_id` int(10) UNSIGNED DEFAULT NULL COMMENT 'El usuario que ha creado la entrada, sea propio o cliente',
  `aprobada` int(10) UNSIGNED DEFAULT NULL,
  `observaciones` varchar(255) DEFAULT NULL,
  `created_at` timestamp NOT NULL DEFAULT '0000-00-00 00:00:00',
  `updated_at` timestamp NOT NULL DEFAULT '0000-00-00 00:00:00'
) ENGINE=InnoDB DEFAULT CHARSET=utf8mb4;

--
-- Volcado de datos para la tabla `emp_movimientos`
--

INSERT INTO `emp_movimientos` (`id`, `tipo`, `valor`, `empresa_origen_id`, `empresa_destino_id`, `fecha`, `cuenta_origen_id`, `cuenta_destino_id`, `comprobante`, `forma_pago`, `user_id`, `aprobada`, `observaciones`, `created_at`, `updated_at`) VALUES
(9, 'ingreso', '12.56', 18, 9, '2019-09-05', 5, 2, '1234456', 't', NULL, 11, NULL, '2019-09-05 12:04:52', '2019-09-05 12:06:53'),
(10, 'ingreso', '32.00', 18, 9, '2019-09-05', 5, 1, '98765432', 'd', NULL, 0, NULL, '2019-09-05 12:05:21', '2019-09-05 12:06:42'),
(11, 'ingreso', '67.00', 18, 9, '2019-09-05', 5, 3, '9864001', 't', NULL, 11, NULL, '2019-09-05 12:05:54', '2019-09-05 12:06:38'),
(12, 'ingreso', '130.00', 18, 9, '2019-09-05', 5, 3, '34678', 't', NULL, 11, NULL, '2019-09-05 12:26:40', '2019-09-05 12:27:39'),
(13, 'ingreso', '1000.00', 18, 9, '2019-09-06', 6, 1, '123569841', 't', NULL, 11, NULL, '2019-09-06 12:50:21', '2019-09-06 16:29:33'),
(14, 'ingreso', '40.00', 19, 9, '2019-09-11', NULL, 1, '567896', 'd', 11, 1, NULL, '2019-09-11 08:17:41', '2019-09-11 08:17:41'),
(15, 'ingreso', '500.00', 19, 9, '2019-09-16', 7, 1, '658962321', 't', 43, 32, NULL, '2019-09-16 02:52:47', '2019-09-16 02:54:26'),
(16, 'ingreso', '100.00', 19, 9, '2019-09-15', NULL, 1, NULL, 'e', 32, 1, 'Pagado en ventanilla por Pedro Suarez, C. 0992801034001', '2019-09-16 03:01:44', '2019-09-16 03:01:44'),
(17, 'ingreso', '23.00', 18, 9, '2019-09-16', NULL, 1, '23456789', 't', 11, 1, NULL, '2019-09-16 07:31:44', '2019-09-16 07:31:44'),
(18, 'ingreso', '23.00', 19, 9, '2019-09-16', NULL, 1, 'Efectivo', 'e', 11, 1, NULL, '2019-09-16 11:47:09', '2019-09-16 11:47:09'),
(19, 'ingreso', '12.00', 19, 9, '2019-09-16', 7, 1, '20190916', 'd', 44, 11, 'Deposito de prueba ', '2019-09-16 12:45:25', '2019-09-16 12:47:07'),
(20, 'ingreso', '0.25', 19, 9, '2019-09-16', 7, 2, '2345566', 'e', 44, 11, NULL, '2019-09-16 12:46:37', '2019-09-16 12:46:55'),
(21, 'ingreso', '1.00', 19, 9, '2019-11-04', 7, 1, '0001', 'e', 44, 11, 'Saldo prueba ', '2019-11-04 11:37:22', '2019-11-04 11:38:12'),
(22, 'ingreso', '0.01', 18, 9, '2019-11-09', NULL, 1, '20191108', 'e', 11, 1, 'acreditacion ', '2019-11-08 12:21:40', '2019-11-08 12:21:40'),
(23, 'ingreso', '22.00', 23, 9, '2019-11-08', 8, 1, '1054572371', 't', 49, 11, NULL, '2019-11-08 14:11:15', '2019-11-08 15:14:15'),
(24, 'ingreso', '10.00', 18, 9, '2019-11-12', NULL, 1, '12112019', 'e', 11, 1, 'efectivo ', '2019-11-12 07:50:37', '2019-11-12 07:50:37'),
(25, 'ingreso', '100.00', 18, 9, '2019-11-12', NULL, 1, '121120191008', 'e', 11, 1, 'efectivo', '2019-11-12 10:08:41', '2019-11-12 10:08:41'),
(26, 'ingreso', '100.00', 26, 9, '2019-11-14', NULL, 2, '1442019', NULL, 11, 1, 'Recarga ', '2019-11-14 08:03:20', '2019-11-14 08:03:20'),
(27, 'ingreso', '30.00', 18, 9, '2019-11-16', NULL, 1, '20191116', 'e', 11, 1, 'saldo sabado', '2019-11-16 10:58:53', '2019-11-16 10:58:53'),
(28, 'ingreso', '100.00', 26, 9, '2019-11-17', NULL, 2, '201917', 'e', 11, 1, 'Efectivo', '2019-11-17 11:45:51', '2019-11-17 11:45:51'),
(29, 'ingreso', '100.00', 27, 9, '2019-11-17', NULL, 2, '2019171726', NULL, 11, 1, 'Depósitos. Pichincha', '2019-11-17 17:26:30', '2019-11-17 17:26:30'),
(30, 'ingreso', '24.00', 18, 9, '2019-11-19', NULL, 1, '20191911', 'e', 11, 1, 'efectivo directo', '2019-11-19 16:58:12', '2019-11-19 16:58:12'),
(31, 'ingreso', '1.34', 18, 9, '2019-11-19', NULL, 1, '201911191', 'e', 11, 1, 'efectivo directo', '2019-11-19 16:59:42', '2019-11-19 16:59:42'),
(32, 'ingreso', '78.00', 18, 9, '2019-11-20', NULL, 1, '201911201', 'e', 11, 1, 'Efectivo', '2019-11-20 17:31:48', '2019-11-20 17:31:48'),
(33, 'ingreso', '0.90', 18, 9, '2019-11-20', NULL, 3, '201911202', 'e', 11, 1, 'Efectivo', '2019-11-20 17:33:41', '2019-11-20 17:33:41'),
(34, 'ingreso', '50.00', 22, 9, '2019-11-21', NULL, 2, '2019210921', 'd', 11, 1, 'primera acreditacion', '2019-11-21 09:21:24', '2019-11-21 09:21:24'),
(35, 'ingreso', '1.00', 18, 9, '2019-11-21', NULL, 1, '201921110231', 't', 11, 1, 'Transferencia ', '2019-11-21 14:32:02', '2019-11-21 14:32:02'),
(36, 'ingreso', '50.00', 18, 9, '2019-11-23', NULL, 1, '201923', NULL, 11, 1, 'Efectivo', '2019-11-23 16:30:29', '2019-11-23 16:30:29'),
(37, 'ingreso', '20.00', 18, 9, '2019-11-26', NULL, 1, '20192601', 'e', 11, 1, 'Efectivo\r\n', '2019-11-26 08:18:02', '2019-11-26 08:18:02'),
(38, 'ingreso', '100.00', 22, 9, '2019-11-26', NULL, 2, '20191126', 'd', 11, 1, 'deposito', '2019-11-26 10:31:24', '2019-11-26 10:31:24'),
(39, 'ingreso', '100.00', 18, 9, '2019-11-26', NULL, 2, '201901129', 't', 11, 1, 'deposito', '2019-11-26 10:32:03', '2019-11-26 10:32:03'),
(40, 'ingreso', '20.00', 18, 9, '2019-11-30', NULL, 1, '20191130', 'e', 11, 1, 'efectivo', '2019-11-30 08:54:28', '2019-11-30 08:54:28'),
(41, 'ingreso', '40.00', 18, 9, '2019-12-02', NULL, 1, '20121202', 'e', 11, 1, 'EFECTIVO ', '2019-12-02 12:49:44', '2019-12-02 12:49:44'),
(42, 'ingreso', '20.00', 18, 9, '2019-12-05', NULL, 3, '201905', 'e', 11, 1, 'efectivo', '2019-12-05 07:51:34', '2019-12-05 07:51:34'),
(43, 'ingreso', '100.00', 27, 9, '2019-12-05', NULL, 2, '201905', 'd', 11, 1, 'pago', '2019-12-05 12:53:53', '2019-12-05 12:53:53'),
(44, 'ingreso', '50.00', 22, 9, '2019-12-06', NULL, 2, '201906', 'd', 11, 1, 'deposito', '2019-12-06 11:47:24', '2019-12-06 11:47:24'),
(45, 'ingreso', '100.00', 26, 9, '2019-12-07', NULL, 1, '111', 'e', 11, 1, 'efectivo', '2019-12-07 09:58:02', '2019-12-07 09:58:02'),
(46, 'ingreso', '100.00', 18, 9, '2019-12-07', NULL, 1, '201912071026', 't', 11, 1, 'recargas', '2019-12-07 10:27:59', '2019-12-07 10:27:59'),
(47, 'ingreso', '100.00', 26, 9, '2019-12-08', NULL, 1, '201912', 'e', 11, 1, 'Efectivo', '2019-12-08 08:10:28', '2019-12-08 08:10:28'),
(48, 'ingreso', '4.00', 19, 9, '2019-12-11', NULL, 1, '20191212', 'e', 11, 1, 'Saldo pruebas ', '2019-12-11 21:44:54', '2019-12-11 21:44:54'),
(49, 'ingreso', '100.00', 22, 9, '2019-12-12', NULL, 2, '201912121228', 'd', 11, 1, 'recargas', '2019-12-12 12:28:37', '2019-12-12 12:28:37'),
(50, 'ingreso', '50.00', 18, 9, '2019-12-16', NULL, 3, '2019', 'e', 11, 1, 'Pago', '2019-12-16 08:20:54', '2019-12-16 08:20:54'),
(51, 'ingreso', '80.00', 25, 9, '2019-12-16', NULL, 1, '201912', 'e', 11, 1, 'efectivo', '2019-12-16 18:01:27', '2019-12-16 18:01:27'),
(52, 'ingreso', '50.00', 18, 9, '2019-12-16', NULL, 1, '201909', 'd', 11, 1, 'efcetivo', '2019-12-16 18:25:55', '2019-12-16 18:25:55'),
(53, 'ingreso', '1.00', 26, 9, '2019-12-16', NULL, 1, '2019', 'e', 11, 1, 'efectivo', '2019-12-16 19:30:22', '2019-12-16 19:30:22'),
(54, 'ingreso', '50.00', 22, 9, '2019-12-18', NULL, 1, '20191218', 't', 11, 1, 'saldo', '2019-12-18 10:19:47', '2019-12-18 10:19:47'),
(55, 'ingreso', '100.00', 27, 9, '2019-12-22', NULL, 2, '20192212', 'd', 11, 1, 'deposito', '2019-12-22 11:14:55', '2019-12-22 11:14:55'),
(56, 'ingreso', '30.00', 25, 9, '2019-12-25', NULL, 1, '20192512', 'e', 11, 1, 'efectivo', '2019-12-25 12:42:10', '2019-12-25 12:42:10'),
(57, 'ingreso', '150.00', 22, 9, '2019-12-26', NULL, 1, '2019', 'e', 11, 1, 'efectivo', '2019-12-26 15:23:57', '2019-12-26 15:23:57'),
(58, 'ingreso', '50.00', 27, 9, '2020-01-06', NULL, 3, '20200106', 'e', 11, 1, 'pago', '2020-01-06 11:07:16', '2020-01-06 11:07:16'),
(59, 'ingreso', '50.00', 27, 9, '2020-01-13', NULL, 2, '20201013', NULL, 11, 1, 'Efectivo', '2020-01-13 14:42:47', '2020-01-13 14:42:47'),
(60, 'ingreso', '250.00', 22, 9, '2020-01-13', NULL, 2, '2020130250', 'd', 11, 1, 'deposito', '2020-01-13 14:50:58', '2020-01-13 14:50:58'),
(61, 'ingreso', '40.00', 25, 9, '2020-01-15', NULL, 2, '20200115', 'e', 11, 1, 'efectivo', '2020-01-15 10:35:21', '2020-01-15 10:35:21'),
(62, 'ingreso', '200.00', 22, 9, '2020-01-21', NULL, 2, '20200121', 'e', 11, 1, 'deposito', '2020-01-21 11:28:01', '2020-01-21 11:28:01'),
(63, 'ingreso', '40.00', 25, 9, '2020-01-23', NULL, 3, '23012020', 'e', 11, 1, 'efectivo ', '2020-01-23 08:28:50', '2020-01-23 08:28:50'),
(64, 'ingreso', '100.00', 22, 9, '2020-01-24', NULL, 1, '01242020', 'e', 11, 1, 'deposito', '2020-01-24 12:22:28', '2020-01-24 12:22:28'),
(65, 'ingreso', '100.00', 22, 9, '2020-01-29', NULL, 2, '01292020', 'd', 11, 1, 'deposito ', '2020-01-29 15:32:51', '2020-01-29 15:32:51'),
(66, 'ingreso', '63.00', 25, 9, '2020-02-01', NULL, 1, '01022020', 'e', 11, 1, 'efectivo ', '2020-02-01 08:51:10', '2020-02-01 08:51:10');

-- --------------------------------------------------------

--
-- Estructura de tabla para la tabla `emp_perfiles`
--

CREATE TABLE `emp_perfiles` (
  `id` int(10) UNSIGNED NOT NULL,
  `tipo_id` int(5) UNSIGNED DEFAULT NULL,
  `servicio_id` int(5) UNSIGNED DEFAULT NULL,
  `comision_in` decimal(8,5) NOT NULL,
  `comision_out` decimal(8,5) NOT NULL,
  `texto` varchar(255) DEFAULT NULL,
  `created_at` timestamp NOT NULL DEFAULT '0000-00-00 00:00:00',
  `updated_at` timestamp NOT NULL DEFAULT '0000-00-00 00:00:00'
) ENGINE=InnoDB DEFAULT CHARSET=utf8mb4;

--
-- Volcado de datos para la tabla `emp_perfiles`
--

INSERT INTO `emp_perfiles` (`id`, `tipo_id`, `servicio_id`, `comision_in`, `comision_out`, `texto`, `created_at`, `updated_at`) VALUES
(89, 1, 117, '9.00000', '4.00000', NULL, '2019-07-25 12:14:44', '2019-07-25 12:14:44'),
(90, 1, 118, '8.00000', '4.00000', NULL, '2019-07-25 12:14:44', '2019-07-25 12:14:44'),
(91, 1, 119, '10.00000', '7.00000', NULL, '2019-08-30 17:26:18', '2019-08-30 17:26:18'),
(92, 1, 120, '6.00000', '5.00000', NULL, '2019-08-30 17:26:18', '2019-08-30 17:26:18'),
(93, 1, 121, '6.00000', '5.00000', NULL, '2019-08-30 17:26:18', '2019-11-04 13:08:21'),
(94, 1, 122, '6.50000', '5.00000', NULL, '2019-08-30 17:26:18', '2019-11-04 13:01:53'),
(95, 1, 123, '5.50000', '4.50000', NULL, '2019-08-30 17:26:18', '2019-08-30 17:26:18'),
(96, 1, 124, '5.50000', '4.50000', NULL, '2019-08-30 17:26:18', '2019-08-30 17:26:18'),
(97, 3, 119, '11.00000', '11.00000', NULL, '2019-11-04 16:02:13', '2019-11-04 16:02:13'),
(98, 3, 120, '11.00000', '11.00000', NULL, '2019-11-04 16:02:13', '2019-11-04 16:02:13'),
(99, 3, 121, '6.50000', '6.50000', NULL, '2019-11-04 16:02:13', '2019-11-04 16:02:13'),
(100, 3, 122, '7.00000', '7.00000', NULL, '2019-11-04 16:02:13', '2019-11-04 16:02:13'),
(101, 3, 123, '5.50000', '5.50000', NULL, '2019-11-04 16:02:13', '2019-11-04 16:02:13'),
(102, 3, 124, '5.50000', '5.50000', NULL, '2019-11-04 16:02:13', '2019-11-04 16:02:13'),
(103, 3, 129, '4.00000', '4.00000', NULL, '2019-11-04 16:04:21', '2019-11-04 16:04:21'),
(104, 2, 119, '11.00000', '7.00000', NULL, '2019-11-05 12:51:20', '2019-11-05 12:51:20'),
(105, 2, 120, '11.00000', '7.00000', NULL, '2019-11-05 12:51:20', '2019-11-05 12:51:20'),
(106, 2, 121, '6.50000', '5.00000', NULL, '2019-11-05 12:51:20', '2019-11-05 12:51:20'),
(107, 2, 122, '7.00000', '5.00000', NULL, '2019-11-05 12:51:20', '2019-11-05 12:51:20'),
(108, 2, 123, '5.50000', '4.50000', NULL, '2019-11-05 12:51:20', '2019-11-05 12:51:20'),
(109, 2, 124, '5.50000', '4.50000', NULL, '2019-11-05 12:51:20', '2019-11-05 12:51:20'),
(110, 2, 129, '4.00000', '3.00000', NULL, '2019-11-05 12:51:20', '2019-11-05 12:51:20'),
(111, 6, 119, '11.00000', '8.00000', NULL, '2019-11-05 18:30:01', '2019-11-05 18:30:01'),
(112, 6, 120, '11.00000', '8.00000', NULL, '2019-11-05 18:30:01', '2019-11-05 18:30:01'),
(113, 6, 121, '6.50000', '5.00000', NULL, '2019-11-05 18:30:01', '2019-11-05 18:30:01'),
(114, 6, 122, '7.00000', '5.50000', NULL, '2019-11-05 18:30:01', '2019-11-05 18:30:01'),
(115, 6, 123, '5.50000', '4.50000', NULL, '2019-11-05 18:30:01', '2019-11-05 18:30:01'),
(116, 6, 124, '5.50000', '4.50000', NULL, '2019-11-05 18:30:01', '2019-11-05 18:30:01'),
(117, 6, 129, '4.00000', '3.00000', NULL, '2019-11-05 18:30:01', '2019-11-05 18:30:01'),
(118, 5, 119, '11.00000', '7.00000', NULL, '2019-11-10 10:15:08', '2019-11-10 10:15:08'),
(119, 5, 120, '11.00000', '7.00000', NULL, '2019-11-10 10:15:08', '2019-11-10 10:15:08'),
(120, 5, 121, '6.50000', '5.00000', NULL, '2019-11-10 10:15:08', '2019-11-10 10:15:08'),
(121, 5, 122, '6.50000', '5.00000', NULL, '2019-11-10 10:15:08', '2019-11-10 10:15:08'),
(122, 5, 123, '5.50000', '4.00000', NULL, '2019-11-10 10:15:08', '2019-11-10 10:15:08'),
(123, 5, 124, '5.50000', '4.00000', NULL, '2019-11-10 10:15:08', '2019-11-10 10:15:08'),
(124, 5, 129, '4.00000', '3.00000', NULL, '2019-11-10 10:15:08', '2019-11-10 10:15:08'),
(125, 2, 160, '100.00000', '35.00000', NULL, '2020-02-03 21:14:11', '2020-02-03 21:14:11'),
(126, 3, 160, '100.00000', '100.00000', NULL, '2020-02-04 08:51:47', '2020-02-04 08:51:47');

-- --------------------------------------------------------

--
-- Estructura de tabla para la tabla `emp_proveedores`
--

CREATE TABLE `emp_proveedores` (
  `id` int(5) UNSIGNED NOT NULL,
  `nombre` varchar(200) NOT NULL,
  `texto` text DEFAULT NULL
) ENGINE=InnoDB DEFAULT CHARSET=utf8mb4 ROW_FORMAT=COMPACT;

--
-- Volcado de datos para la tabla `emp_proveedores`
--

INSERT INTO `emp_proveedores` (`id`, `nombre`, `texto`) VALUES
(2, 'Red Activa WU', 'Giros'),
(3, 'Banco Pacifico', 'easysoft'),
(4, 'Produbanco', 'Servipagos'),
(5, 'Recargafast', 'Claro-Cnt-Directv'),
(6, 'ABCELL RECARGAS - Trinity ', 'Movistar, Tuenti y Recaudaciones '),
(7, 'Latin Travel ', 'Giros a Venezuela');

-- --------------------------------------------------------

--
-- Estructura de tabla para la tabla `emp_segmentos`
--

CREATE TABLE `emp_segmentos` (
  `id` int(5) UNSIGNED NOT NULL,
  `nombre` varchar(200) NOT NULL,
  `texto` text DEFAULT NULL
) ENGINE=InnoDB DEFAULT CHARSET=utf8mb4 ROW_FORMAT=COMPACT;

--
-- Volcado de datos para la tabla `emp_segmentos`
--

INSERT INTO `emp_segmentos` (`id`, `nombre`, `texto`) VALUES
(1, 'AGUA', NULL),
(2, 'ANT', NULL),
(3, 'CATALOGOS', NULL),
(4, 'INTERNET', 'Servicios de InTernet'),
(5, 'IESS', NULL),
(6, 'LUZ', NULL),
(7, 'PLANES', NULL),
(9, 'RECARGAS', NULL),
(10, 'PAGOS VARIOS ', 'Recaudaciones Varias'),
(11, 'BANCARIOS ', 'Bancos, Cooperativas y Financieras'),
(12, 'SRI', NULL),
(13, 'TARJETAS DE CREDITO', 'Bancos, Almacenes, Cooperativas'),
(14, 'TELÉFONO', NULL),
(15, 'TRANSITO', NULL),
(16, 'COMPRAS ', NULL),
(17, 'JUDICATURA', 'SUPA'),
(18, 'MUNICIPIOS', NULL),
(19, 'Giros Wester Unión', 'Envios y Pagos'),
(20, 'Giros Venezuela ', 'Giros especiales con deposito bancario ');

-- --------------------------------------------------------

--
-- Estructura de tabla para la tabla `emp_servicios`
--

CREATE TABLE `emp_servicios` (
  `id` int(5) UNSIGNED NOT NULL,
  `segmento_id` int(5) UNSIGNED DEFAULT NULL,
  `proveedor_id` int(5) UNSIGNED NOT NULL,
  `codigo` varchar(50) DEFAULT NULL,
  `nombre` varchar(200) NOT NULL,
  `texto` text DEFAULT NULL
) ENGINE=InnoDB DEFAULT CHARSET=utf8mb4 ROW_FORMAT=COMPACT;

--
-- Volcado de datos para la tabla `emp_servicios`
--

INSERT INTO `emp_servicios` (`id`, `segmento_id`, `proveedor_id`, `codigo`, `nombre`, `texto`) VALUES
(117, 19, 2, NULL, 'Envío Giro WU', NULL),
(118, 19, 2, NULL, 'Pago Giro WU', NULL),
(119, 9, 5, 'CNT', 'CNT ', 'Recargas Movil'),
(120, 9, 5, 'CNTTV', 'CNT TV', 'Recargas CNT TV Satelital '),
(121, 9, 5, 'DTV', 'DirecTV', 'DirecTV Prepago'),
(122, 9, 5, 'POR', 'Claro ', 'Recargas normales e ilimitadas'),
(123, 9, 6, 'MOV', 'Movistar', 'Recargas Normales y Combos ilimitados'),
(124, 9, 6, 'TUE', 'Tuenti', 'Recargas Tuenti Prepago '),
(125, 14, 6, NULL, 'CNT Fijo-Internet-TV', NULL),
(126, 7, 6, NULL, 'Claro Movil-Plan', NULL),
(127, 7, 6, NULL, 'Movistar - Plan', NULL),
(128, 7, 4, NULL, 'Netlite', 'Internet'),
(129, 9, 6, 'tvc', 'TV CABLE', 'Recargas tvcable'),
(130, 13, 4, 'VISA', 'TARJETA BANCO BOLIVARIANO ', 'PAGO TARJETA DE CRÉDITO'),
(131, 13, 4, 'ALIA', 'TARJETA ALIA ', 'TARJETA ALIA BANCO SOLIDARIO'),
(132, 13, 4, 'BGR', 'VISA BANCO GENERAL RUMIÑAHUI', NULL),
(133, 11, 4, 'DP', 'PRODUBANCO Depositos', 'Depositos Produbanco'),
(134, 11, 4, 'BL', 'BANCO DE LOJA - Depositos', 'Depósitos Banco de Loja'),
(135, 11, 4, 'BGRD', 'BANCO GENERAL RUMIÑAHUI - Depósitos', 'Depósitos Banco General Rumiñahui '),
(136, 11, 4, 'BF', 'BANCO FINCA - Depósitos ', 'Depósitos Banco Finca '),
(137, 11, 4, 'CCP', 'COOP. COOPROGRESO - Depósitos ', 'Depósitos Coop. CooProgreso '),
(138, 11, 4, 'BP', 'BANCO PROCREDIT S.A. - Depositos', 'Depósitos Banco PROCREDIT S.A.'),
(139, 11, 4, 'CA', 'COOPERATIVA ANDALUCIA - Deposito ', 'Depósitos COOPERATIVA ANDALUCIA'),
(140, 11, 4, 'CTD', 'COOPERATIVA TULCAN - Depósitos ', 'Depósitos COOPERATIVA TULCAN '),
(141, 11, 4, 'CO', 'COOPERATIVA OSCUS - Depósitos ', 'Depósitos COOPERATIVA OSCUS'),
(142, 11, 4, 'CAT', 'COOPERATIVA ATUNTAQUI - Deposito', 'Depósitos COOPERATIVA ATUNTAQUI'),
(143, 11, 4, 'BS', 'BANCO SOLIDARIO - Pago Crédito', 'Crédito Banco Solidario  '),
(144, 11, 4, 'IS', 'INSOTEC', 'Credito INSOTEC'),
(145, 11, 4, 'ES', 'ESPOIR', 'Créditos Espoir'),
(146, 11, 4, 'BM', 'BANCO D MIRO - Pago Crédito', 'Crédito BANCO D MIRO'),
(147, 11, 4, 'FF', 'FUNDACIÓN FACES - Pago Crédito ', 'Crédito FUNDACIÓN FACES'),
(148, 11, 4, 'BLC', 'BANCO DE LOJA - Pago Crédito', 'Crédito BANCO DE LOJA '),
(149, 11, 4, 'BPC', 'BANCO PROCREDIT - Pago Crédito ', 'Crédito BANCO PROCREDIT'),
(150, 11, 4, 'CSFA', 'COOP. SAN FRANCISCO DE ASIS - Pago Crédito ', 'Crédito COOP. SAN FRANCISCO DE ASIS'),
(151, 11, 4, 'CPMV', 'COOP PABLO MUÑOZ VEGA - Pago Crédito ', 'Crédito COOP PABLO MUÑOZ VEGA'),
(152, 11, 4, 'CAC', 'COOPERATIVA ATUNTAQUI - Pago Crédito', 'Crédito COOPERATIVA ATUNTAQUI'),
(153, 11, 4, 'CPBGR', 'CONSORCIO DEL PICHINCHA BANCO GENERAL RUMIÑAHUI - Cuotas', 'Cuotas CONSORCIO DEL PICHINCHA BANCO GENERAL RUMIÑAHUI'),
(154, 11, 4, 'CTP', 'COOPERATIVA TULCAN - Pago Crédito', 'COOPERATIVA TULCAN'),
(155, 11, 4, 'MI', 'MUTUALISTA IMBABURA - Pago Credito', 'MUTUALISTA IMBABURA'),
(156, 11, 3, 'BPD', 'BANCO PACIFICO - Depósitos ', 'Depósitos BANCO PACIFICO  '),
(157, 13, 6, 'RM', 'REBAJA MODA RM', 'Tarjeta RM'),
(158, 12, 6, 'CEP', 'SRI CEP', 'CEP'),
(159, 12, 6, 'SRI', 'RISE', 'RISE'),
(160, 20, 7, 'LT', 'Giros Venezuela - Envio', 'Giros Latin Travel ');

-- --------------------------------------------------------

--
-- Estructura de tabla para la tabla `emp_tipos`
--

CREATE TABLE `emp_tipos` (
  `id` int(5) UNSIGNED NOT NULL,
  `nombre` varchar(50) NOT NULL,
  `valor` decimal(8,3) NOT NULL,
  `texto` varchar(255) DEFAULT NULL
) ENGINE=InnoDB DEFAULT CHARSET=utf8mb4;

--
-- Volcado de datos para la tabla `emp_tipos`
--

INSERT INTO `emp_tipos` (`id`, `nombre`, `valor`, `texto`) VALUES
(1, 'Punto de venta', '4.600', 'Es el establecimiento de menor nivel'),
(2, 'Franquicia', '5.200', 'Comercios con excelente rentabilidad'),
(3, 'Agencia propia', '100.000', 'Red propia de locales'),
(5, 'PDV RECARGAS', '0.000', 'Vende solo Recargas Electrónicas'),
(6, 'Franquicia Standar ', '0.000', 'Franquicias Básicas que operan en comercios ');

-- --------------------------------------------------------

--
-- Estructura de tabla para la tabla `logs`
--

CREATE TABLE `logs` (
  `id` int(10) UNSIGNED NOT NULL,
  `usuario` int(10) UNSIGNED NOT NULL,
  `tabla` varchar(40) DEFAULT NULL,
  `tablaId` int(10) UNSIGNED DEFAULT NULL,
  `accion` set('crear','borrar','actualizar','leer') DEFAULT NULL,
  `descripcion` varchar(255) DEFAULT NULL,
  `created_at` timestamp NOT NULL DEFAULT '0000-00-00 00:00:00',
  `updated_at` timestamp NOT NULL DEFAULT '0000-00-00 00:00:00'
) ENGINE=InnoDB DEFAULT CHARSET=utf8mb4 ROW_FORMAT=COMPACT;

-- --------------------------------------------------------

--
-- Estructura de tabla para la tabla `mensajes`
--

CREATE TABLE `mensajes` (
  `id` int(10) UNSIGNED NOT NULL,
  `nombre` varchar(32) NOT NULL,
  `correo` varchar(64) NOT NULL,
  `asunto` varchar(250) NOT NULL,
  `texto` text NOT NULL,
  `clientes_id` int(8) UNSIGNED DEFAULT NULL,
  `created_at` timestamp NOT NULL DEFAULT '0000-00-00 00:00:00',
  `updated_at` timestamp NOT NULL DEFAULT '0000-00-00 00:00:00'
) ENGINE=InnoDB DEFAULT CHARSET=utf8mb4;

-- --------------------------------------------------------

--
-- Estructura de tabla para la tabla `monedas`
--

CREATE TABLE `monedas` (
  `id` int(5) UNSIGNED NOT NULL,
  `nombre` varchar(50) DEFAULT NULL,
  `acron` varchar(10) NOT NULL COMMENT 'Acrónimo de la moneda Ej. USD, EUR',
  `tipo` set('fiat','altcoin') NOT NULL DEFAULT 'fiat',
  `referencia` float DEFAULT NULL COMMENT 'valor de cambio con USD',
  `created_at` timestamp NOT NULL DEFAULT '0000-00-00 00:00:00',
  `updated_at` timestamp NOT NULL DEFAULT '0000-00-00 00:00:00'
) ENGINE=InnoDB DEFAULT CHARSET=utf8mb4;

--
-- Volcado de datos para la tabla `monedas`
--

INSERT INTO `monedas` (`id`, `nombre`, `acron`, `tipo`, `referencia`, `created_at`, `updated_at`) VALUES
(1, 'Dolar Norteamericano', 'USD', 'fiat', NULL, '2019-08-27 00:00:00', '2019-08-27 00:00:00');

-- --------------------------------------------------------

--
-- Estructura de tabla para la tabla `pagos`
--

CREATE TABLE `pagos` (
  `id` int(10) UNSIGNED NOT NULL,
  `proveedor_id` int(5) UNSIGNED DEFAULT NULL,
  `segmento_id` int(5) UNSIGNED NOT NULL,
  `valor` decimal(8,3) UNSIGNED NOT NULL,
  `com_in` decimal(8,3) UNSIGNED NOT NULL COMMENT 'Utilidad (%) para nosotros',
  `com_out` decimal(8,3) UNSIGNED NOT NULL COMMENT 'Utilidad (%) para el punto de venta',
  `utilidad_in` decimal(8,3) UNSIGNED NOT NULL COMMENT 'Utilidad para nosotros',
  `utilidad_out` decimal(8,3) UNSIGNED NOT NULL COMMENT 'Utilidad para el punto de venta',
  `usuario_id` int(10) UNSIGNED NOT NULL,
  `created_at` timestamp NULL DEFAULT NULL,
  `updated_at` timestamp NULL DEFAULT NULL
) ENGINE=InnoDB DEFAULT CHARSET=utf8mb4;

--
-- Volcado de datos para la tabla `pagos`
--

INSERT INTO `pagos` (`id`, `proveedor_id`, `segmento_id`, `valor`, `com_in`, `com_out`, `utilidad_in`, `utilidad_out`, `usuario_id`, `created_at`, `updated_at`) VALUES
(14, 5, 9, '1.000', '6.500', '5.500', '0.065', '0.055', 42, '2019-10-31 13:17:13', '2019-10-31 13:17:13'),
(24, 6, 9, '1.000', '5.500', '4.500', '0.055', '0.045', 42, '2019-11-03 00:43:40', '2019-11-03 00:43:40'),
(25, 5, 9, '1.000', '10.000', '7.000', '0.100', '0.070', 42, '2019-11-03 01:08:27', '2019-11-03 01:08:27'),
(26, 6, 9, '1.000', '5.500', '4.500', '0.055', '0.045', 44, '2019-11-04 11:39:23', '2019-11-04 11:39:23'),
(27, 5, 9, '1.000', '7.000', '7.000', '0.070', '0.070', 47, '2019-11-05 11:27:40', '2019-11-05 11:27:40'),
(28, 6, 9, '2.000', '5.500', '5.500', '0.110', '0.110', 47, '2019-11-05 12:07:50', '2019-11-05 12:07:50'),
(29, 5, 9, '3.000', '7.000', '7.000', '0.210', '0.210', 47, '2019-11-05 12:38:29', '2019-11-05 12:38:29'),
(30, 5, 9, '1.000', '11.000', '11.000', '0.110', '0.110', 47, '2019-11-05 15:17:30', '2019-11-05 15:17:30'),
(31, 5, 9, '1.000', '7.000', '7.000', '0.070', '0.070', 47, '2019-11-05 16:57:16', '2019-11-05 16:57:16'),
(32, 5, 9, '2.000', '7.000', '7.000', '0.140', '0.140', 47, '2019-11-05 17:33:08', '2019-11-05 17:33:08'),
(34, 6, 9, '1.000', '5.500', '4.500', '0.055', '0.045', 49, '2019-11-05 20:28:27', '2019-11-05 20:28:27'),
(35, 5, 9, '3.000', '7.000', '7.000', '0.210', '0.210', 47, '2019-11-06 07:48:29', '2019-11-06 07:48:29'),
(38, 5, 9, '1.000', '7.000', '7.000', '0.070', '0.070', 47, '2019-11-06 08:37:02', '2019-11-06 08:37:02'),
(39, 5, 9, '1.000', '7.000', '7.000', '0.070', '0.070', 47, '2019-11-06 11:34:11', '2019-11-06 11:34:11'),
(40, 5, 9, '3.000', '7.000', '7.000', '0.210', '0.210', 47, '2019-11-06 11:39:26', '2019-11-06 11:39:26'),
(41, 6, 9, '5.000', '5.500', '5.500', '0.275', '0.275', 47, '2019-11-06 13:13:35', '2019-11-06 13:13:35'),
(42, 5, 9, '1.000', '7.000', '7.000', '0.070', '0.070', 47, '2019-11-06 13:42:10', '2019-11-06 13:42:10'),
(43, 5, 9, '3.000', '7.000', '7.000', '0.210', '0.210', 47, '2019-11-06 15:19:41', '2019-11-06 15:19:41'),
(44, 5, 9, '5.000', '7.000', '7.000', '0.350', '0.350', 47, '2019-11-06 16:29:16', '2019-11-06 16:29:16'),
(45, 5, 9, '2.000', '7.000', '7.000', '0.140', '0.140', 47, '2019-11-06 16:43:12', '2019-11-06 16:43:12'),
(46, 6, 9, '1.000', '5.500', '5.500', '0.055', '0.055', 47, '2019-11-06 16:47:57', '2019-11-06 16:47:57'),
(47, 5, 9, '1.000', '7.000', '5.500', '0.070', '0.055', 49, '2019-11-07 06:49:55', '2019-11-07 06:49:55'),
(48, 5, 9, '1.000', '7.000', '7.000', '0.070', '0.070', 47, '2019-11-07 07:11:51', '2019-11-07 07:11:51'),
(49, 6, 9, '1.000', '5.500', '5.500', '0.055', '0.055', 47, '2019-11-07 08:25:34', '2019-11-07 08:25:34'),
(50, 5, 9, '1.000', '7.000', '7.000', '0.070', '0.070', 47, '2019-11-07 08:33:40', '2019-11-07 08:33:40'),
(51, 6, 9, '2.000', '5.500', '5.500', '0.110', '0.110', 47, '2019-11-07 09:18:44', '2019-11-07 09:18:44'),
(52, 5, 9, '1.000', '7.000', '7.000', '0.070', '0.070', 47, '2019-11-07 10:07:06', '2019-11-07 10:07:06'),
(53, 5, 9, '1.000', '11.000', '11.000', '0.110', '0.110', 47, '2019-11-07 12:03:36', '2019-11-07 12:03:36'),
(54, 6, 9, '1.000', '5.500', '5.500', '0.055', '0.055', 47, '2019-11-07 12:49:24', '2019-11-07 12:49:24'),
(55, 5, 9, '1.000', '7.000', '5.500', '0.070', '0.055', 49, '2019-11-07 14:28:21', '2019-11-07 14:28:21'),
(56, 6, 9, '1.000', '5.500', '5.500', '0.055', '0.055', 47, '2019-11-07 15:31:57', '2019-11-07 15:31:57'),
(57, 5, 9, '3.000', '7.000', '7.000', '0.210', '0.210', 47, '2019-11-07 16:48:18', '2019-11-07 16:48:18'),
(58, 6, 9, '3.000', '5.500', '5.500', '0.165', '0.165', 47, '2019-11-07 17:39:00', '2019-11-07 17:39:00'),
(60, 6, 9, '0.250', '5.500', '5.500', '0.014', '0.014', 47, '2019-11-07 17:55:15', '2019-11-07 17:55:15'),
(61, 5, 9, '5.000', '7.000', '7.000', '0.350', '0.350', 47, '2019-11-07 18:00:38', '2019-11-07 18:00:38'),
(62, 5, 9, '1.000', '7.000', '5.500', '0.070', '0.055', 49, '2019-11-08 06:06:27', '2019-11-08 06:06:27'),
(63, 5, 9, '1.000', '7.000', '5.500', '0.070', '0.055', 49, '2019-11-08 06:07:50', '2019-11-08 06:07:50'),
(64, 5, 9, '3.000', '7.000', '7.000', '0.210', '0.210', 47, '2019-11-08 07:42:15', '2019-11-08 07:42:15'),
(65, 5, 9, '2.000', '7.000', '7.000', '0.140', '0.140', 47, '2019-11-08 09:55:52', '2019-11-08 09:55:52'),
(66, 5, 9, '1.000', '7.000', '5.500', '0.070', '0.055', 49, '2019-11-08 11:39:25', '2019-11-08 11:39:25'),
(67, 5, 9, '1.000', '7.000', '7.000', '0.070', '0.070', 47, '2019-11-08 11:48:48', '2019-11-08 11:48:48'),
(68, 6, 9, '5.000', '5.500', '5.500', '0.275', '0.275', 47, '2019-11-08 12:55:40', '2019-11-08 12:55:40'),
(69, 5, 9, '1.000', '7.000', '7.000', '0.070', '0.070', 47, '2019-11-08 12:58:42', '2019-11-08 12:58:42'),
(70, 5, 9, '1.000', '7.000', '7.000', '0.070', '0.070', 47, '2019-11-08 13:08:50', '2019-11-08 13:08:50'),
(71, 5, 9, '3.000', '7.000', '7.000', '0.210', '0.210', 47, '2019-11-08 13:47:53', '2019-11-08 13:47:53'),
(72, 6, 9, '3.000', '5.500', '5.500', '0.165', '0.165', 47, '2019-11-08 14:57:45', '2019-11-08 14:57:45'),
(73, 6, 9, '2.000', '5.500', '5.500', '0.110', '0.110', 47, '2019-11-08 15:12:40', '2019-11-08 15:12:40'),
(74, 5, 9, '5.000', '7.000', '7.000', '0.350', '0.350', 47, '2019-11-08 16:45:21', '2019-11-08 16:45:21'),
(75, 5, 9, '1.000', '7.000', '7.000', '0.070', '0.070', 47, '2019-11-09 07:11:00', '2019-11-09 07:11:00'),
(76, 5, 9, '5.000', '7.000', '7.000', '0.350', '0.350', 47, '2019-11-09 07:41:07', '2019-11-09 07:41:07'),
(77, 5, 9, '1.000', '7.000', '7.000', '0.070', '0.070', 47, '2019-11-09 08:18:19', '2019-11-09 08:18:19'),
(78, 5, 9, '1.000', '7.000', '5.500', '0.070', '0.055', 49, '2019-11-09 08:50:39', '2019-11-09 08:50:39'),
(79, 5, 9, '3.000', '7.000', '5.500', '0.210', '0.165', 49, '2019-11-09 10:07:20', '2019-11-09 10:07:20'),
(80, 5, 9, '1.000', '7.000', '7.000', '0.070', '0.070', 47, '2019-11-09 11:20:18', '2019-11-09 11:20:18'),
(83, 6, 9, '3.000', '5.500', '5.500', '0.165', '0.165', 47, '2019-11-09 14:54:28', '2019-11-09 14:54:28'),
(84, 5, 9, '3.000', '7.000', '5.500', '0.210', '0.165', 49, '2019-11-09 16:35:42', '2019-11-09 16:35:42'),
(85, 5, 9, '3.000', '7.000', '7.000', '0.210', '0.210', 47, '2019-11-09 17:04:46', '2019-11-09 17:04:46'),
(86, 5, 9, '3.000', '7.000', '7.000', '0.210', '0.210', 47, '2019-11-11 08:55:29', '2019-11-11 08:55:29'),
(87, 5, 9, '4.000', '11.000', '11.000', '0.440', '0.440', 47, '2019-11-11 09:18:57', '2019-11-11 09:18:57'),
(88, 6, 9, '6.000', '5.500', '5.500', '0.330', '0.330', 47, '2019-11-11 12:16:45', '2019-11-11 12:16:45'),
(89, 5, 9, '1.000', '7.000', '7.000', '0.070', '0.070', 47, '2019-11-11 12:37:26', '2019-11-11 12:37:26'),
(90, 6, 9, '5.000', '5.500', '5.500', '0.275', '0.275', 47, '2019-11-11 14:08:57', '2019-11-11 14:08:57'),
(91, 5, 9, '1.000', '7.000', '5.500', '0.070', '0.055', 49, '2019-11-11 14:28:55', '2019-11-11 14:28:55'),
(92, 5, 9, '1.000', '6.500', '5.000', '0.065', '0.050', 52, '2019-11-11 16:23:01', '2019-11-11 16:23:01'),
(93, 5, 9, '3.000', '11.000', '11.000', '0.330', '0.330', 47, '2019-11-11 16:39:43', '2019-11-11 16:39:43'),
(94, 5, 9, '3.000', '7.000', '7.000', '0.210', '0.210', 47, '2019-11-11 17:15:47', '2019-11-11 17:15:47'),
(95, 6, 9, '3.000', '5.500', '4.000', '0.165', '0.120', 52, '2019-11-11 18:40:16', '2019-11-11 18:40:16'),
(96, 6, 9, '3.000', '5.500', '4.000', '0.165', '0.120', 52, '2019-11-11 19:06:25', '2019-11-11 19:06:25'),
(97, 5, 9, '1.000', '6.500', '5.000', '0.065', '0.050', 52, '2019-11-11 19:51:54', '2019-11-11 19:51:54'),
(102, 5, 9, '1.000', '7.000', '7.000', '0.070', '0.070', 47, '2019-11-12 07:24:19', '2019-11-12 07:24:19'),
(104, 6, 9, '1.000', '5.500', '4.000', '0.055', '0.040', 52, '2019-11-12 07:32:52', '2019-11-12 07:32:52'),
(106, 5, 9, '1.000', '7.000', '7.000', '0.070', '0.070', 47, '2019-11-12 08:01:38', '2019-11-12 08:01:38'),
(107, 5, 9, '2.000', '6.500', '5.000', '0.130', '0.100', 52, '2019-11-12 08:24:04', '2019-11-12 08:24:04'),
(108, 5, 9, '5.000', '6.500', '5.000', '0.325', '0.250', 52, '2019-11-12 08:26:15', '2019-11-12 08:26:15'),
(111, 6, 9, '2.000', '5.500', '4.000', '0.110', '0.080', 52, '2019-11-12 08:34:25', '2019-11-12 08:34:25'),
(113, 5, 9, '3.000', '7.000', '7.000', '0.210', '0.210', 47, '2019-11-12 08:47:42', '2019-11-12 08:47:42'),
(118, 5, 9, '1.000', '6.500', '5.000', '0.065', '0.050', 52, '2019-11-12 10:12:44', '2019-11-12 10:12:44'),
(119, 6, 9, '1.000', '5.500', '4.000', '0.055', '0.040', 52, '2019-11-12 10:19:56', '2019-11-12 10:19:56'),
(120, 5, 9, '2.000', '6.500', '5.000', '0.130', '0.100', 52, '2019-11-12 10:37:05', '2019-11-12 10:37:05'),
(121, 6, 9, '3.000', '5.500', '4.000', '0.165', '0.120', 52, '2019-11-12 11:18:39', '2019-11-12 11:18:39'),
(122, 6, 9, '1.000', '5.500', '4.000', '0.055', '0.040', 52, '2019-11-12 11:38:09', '2019-11-12 11:38:09'),
(124, 5, 9, '2.000', '7.000', '7.000', '0.140', '0.140', 47, '2019-11-12 12:58:26', '2019-11-12 12:58:26'),
(125, 6, 9, '1.000', '5.500', '5.500', '0.055', '0.055', 47, '2019-11-12 13:16:25', '2019-11-12 13:16:25'),
(127, 6, 9, '3.000', '5.500', '5.500', '0.165', '0.165', 47, '2019-11-12 13:55:26', '2019-11-12 13:55:26'),
(128, 5, 9, '3.000', '7.000', '7.000', '0.210', '0.210', 47, '2019-11-12 14:11:28', '2019-11-12 14:11:28'),
(129, 6, 9, '2.000', '5.500', '5.500', '0.110', '0.110', 47, '2019-11-12 14:59:29', '2019-11-12 14:59:29'),
(130, 5, 9, '1.000', '7.000', '7.000', '0.070', '0.070', 47, '2019-11-12 15:35:19', '2019-11-12 15:35:19'),
(131, 5, 9, '1.000', '6.500', '5.000', '0.065', '0.050', 52, '2019-11-12 15:46:59', '2019-11-12 15:46:59'),
(132, 6, 9, '1.000', '5.500', '5.500', '0.055', '0.055', 47, '2019-11-12 16:18:08', '2019-11-12 16:18:08'),
(133, 5, 9, '1.000', '7.000', '7.000', '0.070', '0.070', 47, '2019-11-12 16:28:27', '2019-11-12 16:28:27'),
(134, 5, 9, '1.000', '6.500', '5.000', '0.065', '0.050', 52, '2019-11-12 16:35:50', '2019-11-12 16:35:50'),
(135, 6, 9, '1.000', '5.500', '4.000', '0.055', '0.040', 52, '2019-11-12 17:04:58', '2019-11-12 17:04:58'),
(136, 6, 9, '1.000', '5.500', '5.500', '0.055', '0.055', 47, '2019-11-12 17:54:08', '2019-11-12 17:54:08'),
(139, 6, 9, '1.000', '5.500', '4.000', '0.055', '0.040', 52, '2019-11-12 18:48:21', '2019-11-12 18:48:21'),
(140, 6, 9, '1.000', '5.500', '4.000', '0.055', '0.040', 52, '2019-11-12 18:48:58', '2019-11-12 18:48:58'),
(141, 6, 9, '1.000', '5.500', '4.000', '0.055', '0.040', 52, '2019-11-12 19:02:36', '2019-11-12 19:02:36'),
(142, 6, 9, '1.000', '5.500', '4.000', '0.055', '0.040', 52, '2019-11-12 19:03:28', '2019-11-12 19:03:28'),
(143, 5, 9, '5.000', '6.500', '5.000', '0.325', '0.250', 52, '2019-11-12 19:14:43', '2019-11-12 19:14:43'),
(144, 6, 9, '2.000', '5.500', '4.000', '0.110', '0.080', 52, '2019-11-12 19:22:22', '2019-11-12 19:22:22'),
(147, 5, 9, '2.000', '7.000', '7.000', '0.140', '0.140', 47, '2019-11-13 06:54:03', '2019-11-13 06:54:03'),
(148, 5, 9, '1.000', '7.000', '7.000', '0.070', '0.070', 47, '2019-11-13 06:55:04', '2019-11-13 06:55:04'),
(149, 5, 9, '1.000', '7.000', '7.000', '0.070', '0.070', 47, '2019-11-13 08:13:18', '2019-11-13 08:13:18'),
(150, 5, 9, '1.000', '6.500', '5.000', '0.065', '0.050', 52, '2019-11-13 09:02:50', '2019-11-13 09:02:50'),
(151, 5, 9, '1.000', '6.500', '5.000', '0.065', '0.050', 52, '2019-11-13 10:20:20', '2019-11-13 10:20:20'),
(152, 6, 9, '2.000', '5.500', '4.000', '0.110', '0.080', 52, '2019-11-13 10:28:51', '2019-11-13 10:28:51'),
(153, 5, 9, '1.000', '6.500', '5.000', '0.065', '0.050', 52, '2019-11-13 11:30:29', '2019-11-13 11:30:29'),
(154, 5, 9, '3.000', '6.500', '5.000', '0.195', '0.150', 52, '2019-11-13 11:37:21', '2019-11-13 11:37:21'),
(155, 5, 9, '1.000', '6.500', '5.000', '0.065', '0.050', 52, '2019-11-13 11:39:12', '2019-11-13 11:39:12'),
(156, 6, 9, '2.000', '5.500', '4.000', '0.110', '0.080', 52, '2019-11-13 11:40:58', '2019-11-13 11:40:58'),
(157, 6, 9, '1.000', '5.500', '4.000', '0.055', '0.040', 52, '2019-11-13 12:13:04', '2019-11-13 12:13:04'),
(158, 5, 9, '1.000', '6.500', '5.000', '0.065', '0.050', 52, '2019-11-13 12:31:42', '2019-11-13 12:31:42'),
(159, 6, 9, '1.000', '5.500', '4.000', '0.055', '0.040', 52, '2019-11-13 12:43:40', '2019-11-13 12:43:40'),
(160, 5, 9, '1.000', '7.000', '5.500', '0.070', '0.055', 49, '2019-11-13 14:18:37', '2019-11-13 14:18:37'),
(161, 5, 9, '12.000', '6.500', '5.000', '0.780', '0.600', 52, '2019-11-13 14:38:49', '2019-11-13 14:38:49'),
(162, 6, 9, '1.000', '5.500', '4.000', '0.055', '0.040', 52, '2019-11-13 14:40:22', '2019-11-13 14:40:22'),
(163, 5, 9, '10.000', '6.500', '5.000', '0.650', '0.500', 52, '2019-11-13 15:15:39', '2019-11-13 15:15:39'),
(164, 6, 9, '5.000', '5.500', '4.000', '0.275', '0.200', 52, '2019-11-13 15:22:17', '2019-11-13 15:22:17'),
(165, 5, 9, '1.000', '7.000', '7.000', '0.070', '0.070', 47, '2019-11-13 15:34:30', '2019-11-13 15:34:30'),
(167, 6, 9, '2.000', '5.500', '4.000', '0.110', '0.080', 52, '2019-11-13 18:32:47', '2019-11-13 18:32:47'),
(168, 6, 9, '1.000', '5.500', '4.000', '0.055', '0.040', 52, '2019-11-13 18:39:24', '2019-11-13 18:39:24'),
(169, 5, 9, '1.000', '6.500', '5.000', '0.065', '0.050', 52, '2019-11-13 18:44:19', '2019-11-13 18:44:19'),
(170, 5, 9, '1.000', '7.000', '5.500', '0.070', '0.055', 49, '2019-11-13 18:56:33', '2019-11-13 18:56:33'),
(171, 5, 9, '1.000', '6.500', '5.000', '0.065', '0.050', 52, '2019-11-13 19:02:03', '2019-11-13 19:02:03'),
(172, 5, 9, '1.000', '6.500', '5.000', '0.065', '0.050', 52, '2019-11-13 19:25:10', '2019-11-13 19:25:10'),
(173, 5, 9, '1.000', '6.500', '5.000', '0.065', '0.050', 52, '2019-11-13 19:25:43', '2019-11-13 19:25:43'),
(174, 6, 9, '1.000', '5.500', '4.000', '0.055', '0.040', 52, '2019-11-13 19:36:23', '2019-11-13 19:36:23'),
(175, 6, 9, '1.250', '5.500', '4.000', '0.069', '0.050', 52, '2019-11-13 19:37:33', '2019-11-13 19:37:33'),
(176, 5, 9, '1.000', '6.500', '5.000', '0.065', '0.050', 52, '2019-11-13 19:48:59', '2019-11-13 19:48:59'),
(177, 6, 9, '1.000', '5.500', '4.000', '0.055', '0.040', 52, '2019-11-13 20:02:36', '2019-11-13 20:02:36'),
(178, 6, 9, '5.000', '5.500', '4.000', '0.275', '0.200', 52, '2019-11-14 07:52:39', '2019-11-14 07:52:39'),
(179, 6, 9, '1.000', '5.500', '4.000', '0.055', '0.040', 52, '2019-11-14 07:57:28', '2019-11-14 07:57:28'),
(180, 6, 9, '3.000', '5.500', '4.000', '0.165', '0.120', 52, '2019-11-14 08:44:13', '2019-11-14 08:44:13'),
(181, 6, 9, '2.000', '5.500', '4.500', '0.110', '0.090', 49, '2019-11-14 08:53:47', '2019-11-14 08:53:47'),
(182, 5, 9, '1.000', '7.000', '7.000', '0.070', '0.070', 47, '2019-11-14 09:24:02', '2019-11-14 09:24:02'),
(183, 6, 9, '1.000', '5.500', '4.000', '0.055', '0.040', 52, '2019-11-14 09:37:54', '2019-11-14 09:37:54'),
(184, 6, 9, '1.000', '5.500', '4.000', '0.055', '0.040', 52, '2019-11-14 09:40:03', '2019-11-14 09:40:03'),
(185, 5, 9, '5.000', '7.000', '7.000', '0.350', '0.350', 47, '2019-11-14 09:41:33', '2019-11-14 09:41:33'),
(186, 5, 9, '1.000', '7.000', '7.000', '0.070', '0.070', 47, '2019-11-14 11:00:00', '2019-11-14 11:00:00'),
(187, 5, 9, '1.000', '7.000', '7.000', '0.070', '0.070', 47, '2019-11-14 12:32:49', '2019-11-14 12:32:49'),
(188, 6, 9, '1.000', '5.500', '4.000', '0.055', '0.040', 52, '2019-11-14 12:59:12', '2019-11-14 12:59:12'),
(189, 5, 9, '1.000', '6.500', '5.000', '0.065', '0.050', 52, '2019-11-14 13:00:09', '2019-11-14 13:00:09'),
(190, 6, 9, '3.000', '5.500', '5.500', '0.165', '0.165', 47, '2019-11-14 13:28:23', '2019-11-14 13:28:23'),
(191, 6, 9, '1.000', '5.500', '4.000', '0.055', '0.040', 52, '2019-11-14 13:30:54', '2019-11-14 13:30:54'),
(192, 6, 9, '5.000', '5.500', '4.000', '0.275', '0.200', 52, '2019-11-14 13:39:15', '2019-11-14 13:39:15'),
(193, 5, 9, '1.000', '7.000', '7.000', '0.070', '0.070', 47, '2019-11-14 14:21:06', '2019-11-14 14:21:06'),
(194, 6, 9, '1.000', '5.500', '4.000', '0.055', '0.040', 52, '2019-11-14 14:28:04', '2019-11-14 14:28:04'),
(195, 5, 9, '1.000', '6.500', '5.000', '0.065', '0.050', 52, '2019-11-14 14:40:47', '2019-11-14 14:40:47'),
(196, 6, 9, '2.000', '5.500', '4.000', '0.110', '0.080', 52, '2019-11-14 19:10:52', '2019-11-14 19:10:52'),
(197, 5, 9, '3.000', '6.500', '5.000', '0.195', '0.150', 52, '2019-11-14 19:14:32', '2019-11-14 19:14:32'),
(198, 5, 9, '1.000', '6.500', '5.000', '0.065', '0.050', 52, '2019-11-14 19:54:27', '2019-11-14 19:54:27'),
(199, 5, 9, '1.000', '6.500', '5.000', '0.065', '0.050', 52, '2019-11-14 20:15:07', '2019-11-14 20:15:07'),
(200, 6, 9, '3.000', '5.500', '5.500', '0.165', '0.165', 47, '2019-11-15 08:03:52', '2019-11-15 08:03:52'),
(201, 5, 9, '2.000', '7.000', '7.000', '0.140', '0.140', 47, '2019-11-15 08:21:48', '2019-11-15 08:21:48'),
(202, 5, 9, '3.000', '11.000', '11.000', '0.330', '0.330', 47, '2019-11-15 08:22:23', '2019-11-15 08:22:23'),
(203, 6, 9, '1.000', '5.500', '5.500', '0.055', '0.055', 47, '2019-11-15 08:31:19', '2019-11-15 08:31:19'),
(204, 5, 9, '1.000', '7.000', '5.500', '0.070', '0.055', 49, '2019-11-15 10:06:26', '2019-11-15 10:06:26'),
(205, 6, 9, '1.000', '5.500', '5.500', '0.055', '0.055', 47, '2019-11-15 10:28:02', '2019-11-15 10:28:02'),
(206, 6, 9, '1.000', '5.500', '5.500', '0.055', '0.055', 47, '2019-11-15 10:36:01', '2019-11-15 10:36:01'),
(208, 5, 9, '10.000', '6.500', '6.500', '0.650', '0.650', 47, '2019-11-15 13:14:34', '2019-11-15 13:14:34'),
(209, 6, 9, '1.000', '5.500', '5.500', '0.055', '0.055', 47, '2019-11-15 16:07:55', '2019-11-15 16:07:55'),
(210, 5, 9, '5.000', '6.500', '5.000', '0.325', '0.250', 52, '2019-11-15 17:19:08', '2019-11-15 17:19:08'),
(211, 5, 9, '1.000', '6.500', '5.000', '0.065', '0.050', 52, '2019-11-15 17:30:52', '2019-11-15 17:30:52'),
(212, 5, 9, '1.000', '11.000', '7.000', '0.110', '0.070', 52, '2019-11-15 17:59:35', '2019-11-15 17:59:35'),
(213, 6, 9, '3.000', '5.500', '4.000', '0.165', '0.120', 52, '2019-11-15 18:26:37', '2019-11-15 18:26:37'),
(214, 6, 9, '2.000', '5.500', '4.000', '0.110', '0.080', 52, '2019-11-15 18:27:23', '2019-11-15 18:27:23'),
(215, 5, 9, '2.000', '6.500', '5.000', '0.130', '0.100', 52, '2019-11-15 18:40:39', '2019-11-15 18:40:39'),
(216, 5, 9, '1.000', '6.500', '5.000', '0.065', '0.050', 52, '2019-11-15 20:24:09', '2019-11-15 20:24:09'),
(217, 5, 9, '2.000', '6.500', '5.000', '0.130', '0.100', 52, '2019-11-15 20:52:25', '2019-11-15 20:52:25'),
(218, 6, 9, '1.000', '5.500', '4.000', '0.055', '0.040', 52, '2019-11-15 21:04:17', '2019-11-15 21:04:17'),
(219, 6, 9, '1.000', '5.500', '4.000', '0.055', '0.040', 52, '2019-11-16 07:02:45', '2019-11-16 07:02:45'),
(220, 6, 9, '1.000', '5.500', '4.000', '0.055', '0.040', 52, '2019-11-16 07:15:23', '2019-11-16 07:15:23'),
(221, 6, 9, '4.300', '5.500', '4.000', '0.237', '0.172', 52, '2019-11-16 07:16:59', '2019-11-16 07:16:59'),
(222, 6, 9, '3.000', '5.500', '5.500', '0.165', '0.165', 47, '2019-11-16 07:19:50', '2019-11-16 07:19:50'),
(223, 6, 9, '1.000', '5.500', '5.500', '0.055', '0.055', 47, '2019-11-16 07:22:31', '2019-11-16 07:22:31'),
(224, 6, 9, '5.000', '5.500', '4.000', '0.275', '0.200', 52, '2019-11-16 07:24:45', '2019-11-16 07:24:45'),
(225, 5, 9, '1.000', '6.500', '5.000', '0.065', '0.050', 52, '2019-11-16 07:26:18', '2019-11-16 07:26:18'),
(226, 5, 9, '2.000', '6.500', '5.000', '0.130', '0.100', 52, '2019-11-16 07:27:15', '2019-11-16 07:27:15'),
(227, 6, 9, '5.000', '5.500', '4.000', '0.275', '0.200', 52, '2019-11-16 07:27:54', '2019-11-16 07:27:54'),
(228, 6, 9, '1.000', '5.500', '4.000', '0.055', '0.040', 52, '2019-11-16 07:32:41', '2019-11-16 07:32:41'),
(229, 6, 9, '3.000', '5.500', '4.000', '0.165', '0.120', 52, '2019-11-16 07:33:49', '2019-11-16 07:33:49'),
(230, 6, 9, '1.000', '5.500', '4.000', '0.055', '0.040', 52, '2019-11-16 07:36:14', '2019-11-16 07:36:14'),
(231, 6, 9, '3.000', '5.500', '4.000', '0.165', '0.120', 52, '2019-11-16 07:51:11', '2019-11-16 07:51:11'),
(232, 5, 9, '1.000', '6.500', '5.000', '0.065', '0.050', 52, '2019-11-16 07:53:23', '2019-11-16 07:53:23'),
(233, 6, 9, '2.000', '5.500', '4.000', '0.110', '0.080', 52, '2019-11-16 07:55:21', '2019-11-16 07:55:21'),
(234, 6, 9, '1.000', '5.500', '4.000', '0.055', '0.040', 52, '2019-11-16 07:58:56', '2019-11-16 07:58:56'),
(235, 6, 9, '1.000', '5.500', '4.000', '0.055', '0.040', 52, '2019-11-16 08:06:02', '2019-11-16 08:06:02'),
(236, 5, 9, '1.000', '7.000', '7.000', '0.070', '0.070', 47, '2019-11-16 08:16:54', '2019-11-16 08:16:54'),
(237, 5, 9, '1.000', '7.000', '7.000', '0.070', '0.070', 47, '2019-11-16 08:17:31', '2019-11-16 08:17:31'),
(238, 5, 9, '3.000', '7.000', '7.000', '0.210', '0.210', 47, '2019-11-16 08:27:33', '2019-11-16 08:27:33'),
(239, 5, 9, '3.000', '11.000', '11.000', '0.330', '0.330', 47, '2019-11-16 08:28:19', '2019-11-16 08:28:19'),
(240, 5, 9, '1.000', '6.500', '5.000', '0.065', '0.050', 52, '2019-11-16 08:37:19', '2019-11-16 08:37:19'),
(241, 6, 9, '2.000', '5.500', '5.500', '0.110', '0.110', 47, '2019-11-16 08:45:36', '2019-11-16 08:45:36'),
(242, 5, 9, '1.000', '6.500', '5.000', '0.065', '0.050', 52, '2019-11-16 08:54:57', '2019-11-16 08:54:57'),
(243, 6, 9, '1.000', '5.500', '4.000', '0.055', '0.040', 52, '2019-11-16 08:55:55', '2019-11-16 08:55:55'),
(244, 5, 9, '3.000', '7.000', '7.000', '0.210', '0.210', 47, '2019-11-16 09:06:42', '2019-11-16 09:06:42'),
(245, 5, 9, '1.000', '6.500', '5.000', '0.065', '0.050', 52, '2019-11-16 09:07:39', '2019-11-16 09:07:39'),
(246, 5, 9, '1.000', '6.500', '5.000', '0.065', '0.050', 52, '2019-11-16 09:22:31', '2019-11-16 09:22:31'),
(247, 6, 9, '5.000', '5.500', '5.500', '0.275', '0.275', 47, '2019-11-16 09:26:57', '2019-11-16 09:26:57'),
(248, 5, 9, '1.000', '7.000', '7.000', '0.070', '0.070', 47, '2019-11-16 09:30:47', '2019-11-16 09:30:47'),
(249, 5, 9, '1.000', '7.000', '7.000', '0.070', '0.070', 47, '2019-11-16 09:31:45', '2019-11-16 09:31:45'),
(250, 5, 9, '1.000', '7.000', '7.000', '0.070', '0.070', 47, '2019-11-16 09:32:02', '2019-11-16 09:32:02'),
(251, 6, 9, '3.000', '5.500', '5.500', '0.165', '0.165', 47, '2019-11-16 09:32:28', '2019-11-16 09:32:28'),
(252, 6, 9, '1.000', '5.500', '5.500', '0.055', '0.055', 47, '2019-11-16 09:42:11', '2019-11-16 09:42:11'),
(253, 5, 9, '3.000', '7.000', '7.000', '0.210', '0.210', 47, '2019-11-16 09:57:00', '2019-11-16 09:57:00'),
(254, 5, 9, '1.000', '7.000', '7.000', '0.070', '0.070', 47, '2019-11-16 09:59:13', '2019-11-16 09:59:13'),
(255, 5, 9, '1.000', '11.000', '11.000', '0.110', '0.110', 47, '2019-11-16 10:53:56', '2019-11-16 10:53:56'),
(256, 6, 9, '5.000', '5.500', '5.500', '0.275', '0.275', 47, '2019-11-16 11:00:47', '2019-11-16 11:00:47'),
(257, 5, 9, '1.000', '7.000', '7.000', '0.070', '0.070', 47, '2019-11-16 11:39:10', '2019-11-16 11:39:10'),
(258, 5, 9, '10.000', '6.500', '6.500', '0.650', '0.650', 47, '2019-11-16 11:58:21', '2019-11-16 11:58:21'),
(259, 5, 9, '1.000', '7.000', '7.000', '0.070', '0.070', 47, '2019-11-16 11:59:42', '2019-11-16 11:59:42'),
(260, 5, 9, '3.000', '11.000', '11.000', '0.330', '0.330', 47, '2019-11-16 12:22:42', '2019-11-16 12:22:42'),
(261, 5, 9, '3.000', '7.000', '7.000', '0.210', '0.210', 47, '2019-11-16 12:31:31', '2019-11-16 12:31:31'),
(262, 5, 9, '2.000', '6.500', '5.000', '0.130', '0.100', 52, '2019-11-16 12:51:44', '2019-11-16 12:51:44'),
(263, 6, 9, '5.000', '5.500', '4.000', '0.275', '0.200', 52, '2019-11-16 15:28:46', '2019-11-16 15:28:46'),
(264, 6, 9, '2.000', '5.500', '4.000', '0.110', '0.080', 52, '2019-11-16 16:05:37', '2019-11-16 16:05:37'),
(265, 5, 9, '3.000', '6.500', '5.000', '0.195', '0.150', 52, '2019-11-16 19:32:15', '2019-11-16 19:32:15'),
(266, 6, 9, '1.000', '5.500', '4.000', '0.055', '0.040', 52, '2019-11-16 20:05:23', '2019-11-16 20:05:23'),
(267, 5, 9, '1.000', '6.500', '5.000', '0.065', '0.050', 52, '2019-11-16 20:07:45', '2019-11-16 20:07:45'),
(268, 6, 9, '2.000', '5.500', '4.000', '0.110', '0.080', 52, '2019-11-16 20:13:22', '2019-11-16 20:13:22'),
(269, 5, 9, '1.000', '6.500', '5.000', '0.065', '0.050', 52, '2019-11-16 20:37:18', '2019-11-16 20:37:18'),
(270, 5, 9, '1.000', '6.500', '5.000', '0.065', '0.050', 52, '2019-11-16 20:42:21', '2019-11-16 20:42:21'),
(271, 5, 9, '1.000', '6.500', '5.000', '0.065', '0.050', 52, '2019-11-16 20:42:50', '2019-11-16 20:42:50'),
(272, 6, 9, '2.000', '5.500', '4.000', '0.110', '0.080', 52, '2019-11-16 21:47:30', '2019-11-16 21:47:30'),
(273, 6, 9, '1.000', '5.500', '4.000', '0.055', '0.040', 52, '2019-11-16 22:17:28', '2019-11-16 22:17:28'),
(274, 6, 9, '1.000', '5.500', '4.000', '0.055', '0.040', 52, '2019-11-17 07:06:24', '2019-11-17 07:06:24'),
(275, 5, 9, '1.000', '6.500', '5.000', '0.065', '0.050', 52, '2019-11-17 12:15:52', '2019-11-17 12:15:52'),
(276, 6, 9, '1.000', '5.500', '4.000', '0.055', '0.040', 52, '2019-11-17 12:47:26', '2019-11-17 12:47:26'),
(277, 5, 9, '1.000', '6.500', '5.000', '0.065', '0.050', 52, '2019-11-17 12:53:59', '2019-11-17 12:53:59'),
(278, 6, 9, '1.000', '5.500', '4.000', '0.055', '0.040', 52, '2019-11-17 12:56:02', '2019-11-17 12:56:02'),
(279, 6, 9, '1.000', '5.500', '4.000', '0.055', '0.040', 52, '2019-11-17 12:56:23', '2019-11-17 12:56:23'),
(280, 6, 9, '3.000', '5.500', '4.000', '0.165', '0.120', 52, '2019-11-17 12:59:23', '2019-11-17 12:59:23'),
(281, 6, 9, '5.000', '5.500', '4.000', '0.275', '0.200', 52, '2019-11-17 13:12:08', '2019-11-17 13:12:08'),
(282, 5, 9, '1.000', '6.500', '5.000', '0.065', '0.050', 52, '2019-11-17 13:19:26', '2019-11-17 13:19:26'),
(283, 6, 9, '3.000', '5.500', '4.000', '0.165', '0.120', 52, '2019-11-17 13:25:46', '2019-11-17 13:25:46'),
(284, 5, 9, '1.000', '6.500', '5.000', '0.065', '0.050', 52, '2019-11-17 13:35:20', '2019-11-17 13:35:20'),
(285, 6, 9, '2.000', '5.500', '4.000', '0.110', '0.080', 52, '2019-11-17 15:15:50', '2019-11-17 15:15:50'),
(286, 6, 9, '1.000', '5.500', '4.000', '0.055', '0.040', 52, '2019-11-17 15:49:19', '2019-11-17 15:49:19'),
(287, 6, 9, '1.000', '5.500', '4.000', '0.055', '0.040', 52, '2019-11-17 16:35:52', '2019-11-17 16:35:52'),
(288, 5, 9, '1.000', '11.000', '7.000', '0.110', '0.070', 52, '2019-11-17 17:56:19', '2019-11-17 17:56:19'),
(289, 5, 9, '1.000', '6.500', '5.000', '0.065', '0.050', 52, '2019-11-17 18:02:01', '2019-11-17 18:02:01'),
(290, 6, 9, '1.500', '5.500', '4.000', '0.083', '0.060', 52, '2019-11-17 18:38:30', '2019-11-17 18:38:30'),
(291, 5, 9, '1.000', '6.500', '5.000', '0.065', '0.050', 52, '2019-11-17 18:54:01', '2019-11-17 18:54:01'),
(292, 5, 9, '2.000', '6.500', '5.000', '0.130', '0.100', 52, '2019-11-17 19:43:14', '2019-11-17 19:43:14'),
(293, 5, 9, '3.000', '6.500', '5.000', '0.195', '0.150', 52, '2019-11-17 20:31:18', '2019-11-17 20:31:18'),
(294, 5, 9, '1.000', '7.000', '7.000', '0.070', '0.070', 47, '2019-11-17 21:38:42', '2019-11-17 21:38:42'),
(295, 5, 9, '1.000', '6.500', '5.000', '0.065', '0.050', 52, '2019-11-18 06:58:36', '2019-11-18 06:58:36'),
(296, 5, 9, '5.000', '7.000', '5.500', '0.350', '0.275', 49, '2019-11-18 08:32:33', '2019-11-18 08:32:33'),
(297, 5, 9, '1.000', '7.000', '7.000', '0.070', '0.070', 47, '2019-11-18 09:46:44', '2019-11-18 09:46:44'),
(298, 5, 9, '5.000', '6.500', '5.000', '0.325', '0.250', 53, '2019-11-18 10:41:55', '2019-11-18 10:41:55'),
(299, 5, 9, '2.000', '6.500', '5.000', '0.130', '0.100', 52, '2019-11-18 12:04:03', '2019-11-18 12:04:03'),
(300, 5, 9, '1.000', '7.000', '7.000', '0.070', '0.070', 47, '2019-11-18 12:34:01', '2019-11-18 12:34:01'),
(301, 5, 9, '1.000', '6.500', '5.000', '0.065', '0.050', 52, '2019-11-18 12:50:21', '2019-11-18 12:50:21'),
(302, 5, 9, '3.000', '7.000', '7.000', '0.210', '0.210', 47, '2019-11-18 13:05:49', '2019-11-18 13:05:49'),
(303, 6, 9, '1.000', '5.500', '4.000', '0.055', '0.040', 52, '2019-11-18 13:10:14', '2019-11-18 13:10:14'),
(304, 5, 9, '1.000', '6.500', '5.000', '0.065', '0.050', 52, '2019-11-18 13:11:14', '2019-11-18 13:11:14'),
(305, 5, 9, '3.000', '7.000', '7.000', '0.210', '0.210', 47, '2019-11-18 13:14:56', '2019-11-18 13:14:56'),
(306, 5, 9, '1.000', '6.500', '5.000', '0.065', '0.050', 52, '2019-11-18 13:36:23', '2019-11-18 13:36:23'),
(307, 6, 9, '5.000', '5.500', '4.000', '0.275', '0.200', 52, '2019-11-18 13:44:40', '2019-11-18 13:44:40'),
(308, 5, 9, '1.000', '6.500', '5.000', '0.065', '0.050', 52, '2019-11-18 14:25:48', '2019-11-18 14:25:48'),
(309, 5, 9, '1.000', '6.500', '5.000', '0.065', '0.050', 52, '2019-11-18 15:00:23', '2019-11-18 15:00:23'),
(310, 5, 9, '1.000', '6.500', '5.000', '0.065', '0.050', 52, '2019-11-18 15:24:56', '2019-11-18 15:24:56'),
(311, 5, 9, '1.000', '6.500', '5.000', '0.065', '0.050', 52, '2019-11-18 16:26:02', '2019-11-18 16:26:02'),
(312, 5, 9, '1.000', '6.500', '5.000', '0.065', '0.050', 52, '2019-11-18 17:00:54', '2019-11-18 17:00:54'),
(313, 6, 9, '0.500', '5.500', '4.500', '0.028', '0.023', 53, '2019-11-18 17:12:10', '2019-11-18 17:12:10'),
(314, 6, 9, '1.000', '5.500', '5.500', '0.055', '0.055', 47, '2019-11-18 17:21:03', '2019-11-18 17:21:03'),
(315, 5, 9, '1.000', '7.000', '7.000', '0.070', '0.070', 47, '2019-11-18 17:47:39', '2019-11-18 17:47:39'),
(316, 5, 9, '1.000', '7.000', '7.000', '0.070', '0.070', 47, '2019-11-18 18:02:22', '2019-11-18 18:02:22'),
(317, 5, 9, '5.000', '6.500', '5.000', '0.325', '0.250', 53, '2019-11-18 19:36:26', '2019-11-18 19:36:26'),
(318, 5, 9, '1.000', '7.000', '7.000', '0.070', '0.070', 47, '2019-11-18 19:37:14', '2019-11-18 19:37:14'),
(319, 5, 9, '1.000', '7.000', '5.500', '0.070', '0.055', 49, '2019-11-18 21:47:33', '2019-11-18 21:47:33'),
(320, 5, 9, '1.000', '7.000', '5.500', '0.070', '0.055', 49, '2019-11-19 06:04:19', '2019-11-19 06:04:19'),
(321, 5, 9, '1.000', '7.000', '5.500', '0.070', '0.055', 49, '2019-11-19 06:06:28', '2019-11-19 06:06:28'),
(322, 6, 9, '1.000', '5.500', '5.500', '0.055', '0.055', 47, '2019-11-19 07:56:21', '2019-11-19 07:56:21'),
(323, 5, 9, '5.000', '6.500', '5.000', '0.325', '0.250', 53, '2019-11-19 08:37:27', '2019-11-19 08:37:27'),
(324, 5, 9, '1.000', '7.000', '7.000', '0.070', '0.070', 47, '2019-11-19 13:14:45', '2019-11-19 13:14:45'),
(325, 6, 9, '1.000', '5.500', '5.500', '0.055', '0.055', 47, '2019-11-19 13:18:57', '2019-11-19 13:18:57'),
(326, 5, 9, '1.000', '7.000', '7.000', '0.070', '0.070', 47, '2019-11-19 13:40:03', '2019-11-19 13:40:03'),
(327, 5, 9, '1.000', '7.000', '7.000', '0.070', '0.070', 47, '2019-11-19 13:57:44', '2019-11-19 13:57:44'),
(328, 5, 9, '5.000', '7.000', '7.000', '0.350', '0.350', 47, '2019-11-19 15:45:56', '2019-11-19 15:45:56'),
(329, 6, 9, '1.000', '5.500', '4.500', '0.055', '0.045', 53, '2019-11-19 16:07:14', '2019-11-19 16:07:14'),
(330, 5, 9, '2.000', '7.000', '7.000', '0.140', '0.140', 47, '2019-11-19 16:38:20', '2019-11-19 16:38:20'),
(331, 6, 9, '3.000', '5.500', '4.000', '0.165', '0.120', 52, '2019-11-19 21:05:49', '2019-11-19 21:05:49'),
(332, 5, 9, '1.000', '7.000', '5.500', '0.070', '0.055', 49, '2019-11-20 06:05:25', '2019-11-20 06:05:25'),
(333, 5, 9, '2.000', '11.000', '11.000', '0.220', '0.220', 47, '2019-11-20 13:04:24', '2019-11-20 13:04:24'),
(334, 6, 9, '3.000', '5.500', '5.500', '0.165', '0.165', 47, '2019-11-20 13:07:45', '2019-11-20 13:07:45'),
(335, 5, 9, '1.000', '7.000', '5.500', '0.070', '0.055', 49, '2019-11-20 14:09:00', '2019-11-20 14:09:00'),
(336, 5, 9, '1.000', '7.000', '5.500', '0.070', '0.055', 49, '2019-11-20 14:09:16', '2019-11-20 14:09:16'),
(337, 5, 9, '3.000', '7.000', '7.000', '0.210', '0.210', 47, '2019-11-20 14:38:18', '2019-11-20 14:38:18'),
(338, 5, 9, '1.000', '6.500', '5.000', '0.065', '0.050', 52, '2019-11-20 15:26:22', '2019-11-20 15:26:22'),
(339, 6, 9, '3.000', '5.500', '4.000', '0.165', '0.120', 52, '2019-11-20 15:38:56', '2019-11-20 15:38:56'),
(340, 5, 9, '2.000', '6.500', '5.000', '0.130', '0.100', 52, '2019-11-20 15:40:25', '2019-11-20 15:40:25'),
(341, 5, 9, '1.000', '6.500', '5.000', '0.065', '0.050', 52, '2019-11-20 15:55:06', '2019-11-20 15:55:06'),
(342, 5, 9, '1.000', '6.500', '5.000', '0.065', '0.050', 52, '2019-11-20 16:38:58', '2019-11-20 16:38:58'),
(343, 5, 9, '1.000', '6.500', '5.000', '0.065', '0.050', 52, '2019-11-20 16:40:07', '2019-11-20 16:40:07'),
(344, 5, 9, '1.000', '6.500', '5.000', '0.065', '0.050', 52, '2019-11-20 17:21:53', '2019-11-20 17:21:53'),
(345, 6, 9, '1.000', '5.500', '4.500', '0.055', '0.045', 53, '2019-11-20 17:28:23', '2019-11-20 17:28:23'),
(346, 5, 9, '1.000', '7.000', '7.000', '0.070', '0.070', 47, '2019-11-20 17:30:18', '2019-11-20 17:30:18'),
(347, 5, 9, '1.000', '7.000', '7.000', '0.070', '0.070', 47, '2019-11-20 18:26:20', '2019-11-20 18:26:20'),
(348, 6, 9, '5.000', '5.500', '4.500', '0.275', '0.225', 53, '2019-11-20 18:40:07', '2019-11-20 18:40:07'),
(349, 5, 9, '5.000', '7.000', '7.000', '0.350', '0.350', 47, '2019-11-21 07:22:51', '2019-11-21 07:22:51'),
(350, 5, 9, '1.000', '7.000', '7.000', '0.070', '0.070', 47, '2019-11-21 07:40:30', '2019-11-21 07:40:30'),
(351, 5, 9, '1.000', '7.000', '7.000', '0.070', '0.070', 47, '2019-11-21 07:41:50', '2019-11-21 07:41:50'),
(352, 6, 9, '1.000', '5.500', '4.500', '0.055', '0.045', 53, '2019-11-21 08:20:02', '2019-11-21 08:20:02'),
(353, 5, 9, '1.000', '6.500', '5.000', '0.065', '0.050', 53, '2019-11-21 09:02:06', '2019-11-21 09:02:06'),
(354, 5, 9, '1.000', '6.500', '5.000', '0.065', '0.050', 53, '2019-11-21 09:03:12', '2019-11-21 09:03:12'),
(355, 5, 9, '3.000', '6.500', '5.000', '0.195', '0.150', 53, '2019-11-21 09:15:56', '2019-11-21 09:15:56'),
(356, 5, 9, '1.000', '7.000', '7.000', '0.070', '0.070', 47, '2019-11-21 10:56:10', '2019-11-21 10:56:10'),
(357, 5, 9, '2.000', '7.000', '5.000', '0.140', '0.100', 48, '2019-11-21 11:54:16', '2019-11-21 11:54:16'),
(358, 6, 9, '5.000', '5.500', '4.500', '0.275', '0.225', 48, '2019-11-21 12:14:24', '2019-11-21 12:14:24'),
(362, 5, 9, '2.000', '7.000', '7.000', '0.140', '0.140', 47, '2019-11-21 13:53:11', '2019-11-21 13:53:11'),
(363, 5, 9, '2.000', '7.000', '5.000', '0.140', '0.100', 48, '2019-11-21 14:59:19', '2019-11-21 14:59:19'),
(364, 6, 9, '1.000', '5.500', '5.500', '0.055', '0.055', 47, '2019-11-21 15:45:42', '2019-11-21 15:45:42'),
(365, 5, 9, '1.000', '7.000', '7.000', '0.070', '0.070', 47, '2019-11-21 17:00:20', '2019-11-21 17:00:20'),
(366, 5, 9, '5.000', '7.000', '7.000', '0.350', '0.350', 47, '2019-11-21 17:34:37', '2019-11-21 17:34:37'),
(367, 5, 9, '5.000', '6.500', '5.000', '0.325', '0.250', 52, '2019-11-21 17:57:03', '2019-11-21 17:57:03'),
(368, 5, 9, '3.000', '7.000', '7.000', '0.210', '0.210', 47, '2019-11-21 18:13:00', '2019-11-21 18:13:00'),
(369, 6, 9, '1.000', '5.500', '4.500', '0.055', '0.045', 53, '2019-11-21 19:04:55', '2019-11-21 19:04:55'),
(370, 6, 9, '10.000', '5.500', '4.500', '0.550', '0.450', 53, '2019-11-21 19:08:37', '2019-11-21 19:08:37'),
(371, 5, 9, '7.000', '6.500', '5.000', '0.455', '0.350', 48, '2019-11-21 19:24:14', '2019-11-21 19:24:14'),
(372, 5, 9, '5.000', '7.000', '5.000', '0.350', '0.250', 48, '2019-11-21 21:16:14', '2019-11-21 21:16:14'),
(373, 5, 9, '1.000', '7.000', '7.000', '0.070', '0.070', 47, '2019-11-22 07:56:47', '2019-11-22 07:56:47'),
(374, 5, 9, '1.000', '7.000', '7.000', '0.070', '0.070', 47, '2019-11-22 09:05:28', '2019-11-22 09:05:28'),
(378, 5, 9, '1.000', '7.000', '7.000', '0.070', '0.070', 47, '2019-11-22 10:50:36', '2019-11-22 10:50:36'),
(379, 6, 9, '2.000', '5.500', '5.500', '0.110', '0.110', 47, '2019-11-22 13:39:28', '2019-11-22 13:39:28'),
(382, 6, 9, '6.000', '5.500', '5.500', '0.330', '0.330', 47, '2019-11-22 13:51:39', '2019-11-22 13:51:39'),
(383, 6, 9, '5.000', '5.500', '4.500', '0.275', '0.225', 53, '2019-11-22 13:54:45', '2019-11-22 13:54:45'),
(384, 5, 9, '3.000', '7.000', '7.000', '0.210', '0.210', 47, '2019-11-22 14:27:16', '2019-11-22 14:27:16'),
(385, 6, 9, '0.500', '5.500', '4.500', '0.028', '0.023', 53, '2019-11-22 14:29:40', '2019-11-22 14:29:40'),
(386, 5, 9, '1.000', '7.000', '7.000', '0.070', '0.070', 47, '2019-11-22 15:16:13', '2019-11-22 15:16:13'),
(387, 5, 9, '3.000', '6.500', '5.000', '0.195', '0.150', 53, '2019-11-22 16:22:03', '2019-11-22 16:22:03'),
(388, 5, 9, '10.000', '6.500', '6.500', '0.650', '0.650', 47, '2019-11-22 16:24:27', '2019-11-22 16:24:27'),
(389, 5, 9, '3.000', '7.000', '7.000', '0.210', '0.210', 47, '2019-11-22 17:00:05', '2019-11-22 17:00:05'),
(390, 5, 9, '7.000', '6.500', '5.000', '0.455', '0.350', 48, '2019-11-22 18:23:23', '2019-11-22 18:23:23'),
(391, 5, 9, '1.000', '7.000', '7.000', '0.070', '0.070', 47, '2019-11-22 22:30:00', '2019-11-22 22:30:00'),
(392, 5, 9, '1.000', '7.000', '7.000', '0.070', '0.070', 47, '2019-11-23 07:20:45', '2019-11-23 07:20:45'),
(393, 5, 9, '1.000', '7.000', '7.000', '0.070', '0.070', 47, '2019-11-23 07:47:32', '2019-11-23 07:47:32'),
(394, 5, 9, '10.000', '6.500', '6.500', '0.650', '0.650', 47, '2019-11-23 08:03:26', '2019-11-23 08:03:26'),
(395, 5, 9, '3.000', '7.000', '7.000', '0.210', '0.210', 47, '2019-11-23 08:09:54', '2019-11-23 08:09:54'),
(396, 5, 9, '1.000', '7.000', '7.000', '0.070', '0.070', 47, '2019-11-23 08:14:56', '2019-11-23 08:14:56'),
(397, 5, 9, '2.000', '7.000', '7.000', '0.140', '0.140', 47, '2019-11-23 08:16:57', '2019-11-23 08:16:57'),
(398, 6, 9, '1.000', '5.500', '5.500', '0.055', '0.055', 47, '2019-11-23 08:20:59', '2019-11-23 08:20:59'),
(399, 5, 9, '1.000', '6.500', '5.000', '0.065', '0.050', 52, '2019-11-23 09:22:07', '2019-11-23 09:22:07'),
(400, 5, 9, '1.000', '6.500', '5.000', '0.065', '0.050', 52, '2019-11-23 09:22:39', '2019-11-23 09:22:39'),
(401, 5, 9, '1.000', '6.500', '5.000', '0.065', '0.050', 52, '2019-11-23 09:23:07', '2019-11-23 09:23:07'),
(402, 5, 9, '1.000', '7.000', '7.000', '0.070', '0.070', 47, '2019-11-23 10:38:44', '2019-11-23 10:38:44'),
(403, 5, 9, '4.000', '7.000', '7.000', '0.280', '0.280', 47, '2019-11-23 10:39:32', '2019-11-23 10:39:32'),
(404, 5, 9, '2.000', '7.000', '7.000', '0.140', '0.140', 47, '2019-11-23 13:12:47', '2019-11-23 13:12:47'),
(405, 5, 9, '10.000', '6.500', '6.500', '0.650', '0.650', 47, '2019-11-23 13:13:48', '2019-11-23 13:13:48'),
(406, 6, 9, '1.000', '5.500', '4.500', '0.055', '0.045', 53, '2019-11-23 13:56:46', '2019-11-23 13:56:46'),
(407, 6, 9, '5.000', '5.500', '5.500', '0.275', '0.275', 47, '2019-11-23 14:08:42', '2019-11-23 14:08:42'),
(408, 6, 9, '10.000', '5.500', '5.500', '0.550', '0.550', 47, '2019-11-23 16:10:55', '2019-11-23 16:10:55'),
(409, 5, 9, '10.000', '6.000', '5.000', '0.600', '0.500', 53, '2019-11-23 17:22:29', '2019-11-23 17:22:29'),
(411, 5, 9, '3.000', '11.000', '7.000', '0.330', '0.210', 52, '2019-11-23 22:24:22', '2019-11-23 22:24:22'),
(412, 5, 9, '2.000', '6.500', '5.000', '0.130', '0.100', 52, '2019-11-24 07:59:09', '2019-11-24 07:59:09'),
(413, 5, 9, '3.000', '6.500', '5.000', '0.195', '0.150', 52, '2019-11-24 08:11:03', '2019-11-24 08:11:03'),
(414, 5, 9, '1.000', '6.500', '5.000', '0.065', '0.050', 52, '2019-11-24 08:14:06', '2019-11-24 08:14:06'),
(415, 5, 9, '1.000', '6.500', '5.000', '0.065', '0.050', 52, '2019-11-24 08:21:25', '2019-11-24 08:21:25'),
(416, 5, 9, '1.000', '6.500', '5.000', '0.065', '0.050', 52, '2019-11-24 08:28:48', '2019-11-24 08:28:48'),
(417, 5, 9, '1.000', '6.500', '5.000', '0.065', '0.050', 52, '2019-11-24 08:30:32', '2019-11-24 08:30:32'),
(418, 6, 9, '3.000', '5.500', '4.000', '0.165', '0.120', 52, '2019-11-24 09:10:01', '2019-11-24 09:10:01'),
(419, 5, 9, '1.000', '6.500', '5.000', '0.065', '0.050', 52, '2019-11-24 09:20:41', '2019-11-24 09:20:41'),
(420, 6, 9, '3.000', '5.500', '4.000', '0.165', '0.120', 52, '2019-11-24 09:44:20', '2019-11-24 09:44:20'),
(421, 6, 9, '1.000', '5.500', '4.000', '0.055', '0.040', 52, '2019-11-24 10:04:44', '2019-11-24 10:04:44'),
(422, 6, 9, '2.000', '5.500', '4.500', '0.110', '0.090', 53, '2019-11-24 10:23:26', '2019-11-24 10:23:26'),
(423, 5, 9, '1.000', '6.500', '5.000', '0.065', '0.050', 52, '2019-11-24 10:40:58', '2019-11-24 10:40:58'),
(424, 5, 9, '1.000', '6.500', '5.000', '0.065', '0.050', 52, '2019-11-24 11:10:42', '2019-11-24 11:10:42'),
(425, 5, 9, '3.000', '6.500', '5.000', '0.195', '0.150', 52, '2019-11-24 11:11:16', '2019-11-24 11:11:16'),
(427, 6, 9, '3.000', '5.500', '4.000', '0.165', '0.120', 52, '2019-11-24 12:03:15', '2019-11-24 12:03:15'),
(428, 5, 9, '1.000', '6.500', '5.000', '0.065', '0.050', 52, '2019-11-24 12:05:50', '2019-11-24 12:05:50'),
(429, 5, 9, '1.000', '6.500', '5.000', '0.065', '0.050', 52, '2019-11-24 12:26:53', '2019-11-24 12:26:53'),
(430, 6, 9, '2.000', '5.500', '4.500', '0.110', '0.090', 53, '2019-11-24 15:35:20', '2019-11-24 15:35:20'),
(431, 6, 9, '1.000', '5.500', '4.500', '0.055', '0.045', 53, '2019-11-24 15:36:13', '2019-11-24 15:36:13'),
(432, 5, 9, '1.000', '6.500', '5.000', '0.065', '0.050', 53, '2019-11-24 17:10:27', '2019-11-24 17:10:27'),
(433, 6, 9, '2.000', '5.500', '4.500', '0.110', '0.090', 53, '2019-11-24 18:06:09', '2019-11-24 18:06:09'),
(434, 6, 9, '3.000', '5.500', '4.500', '0.165', '0.135', 53, '2019-11-24 18:21:53', '2019-11-24 18:21:53'),
(435, 6, 9, '2.000', '5.500', '4.500', '0.110', '0.090', 53, '2019-11-24 19:15:53', '2019-11-24 19:15:53'),
(436, 5, 9, '1.000', '7.000', '7.000', '0.070', '0.070', 47, '2019-11-25 07:27:22', '2019-11-25 07:27:22'),
(437, 5, 9, '3.000', '7.000', '7.000', '0.210', '0.210', 47, '2019-11-25 09:19:00', '2019-11-25 09:19:00'),
(438, 5, 9, '6.000', '7.000', '7.000', '0.420', '0.420', 47, '2019-11-25 09:54:27', '2019-11-25 09:54:27'),
(439, 6, 9, '1.000', '5.500', '4.500', '0.055', '0.045', 53, '2019-11-25 10:14:12', '2019-11-25 10:14:12'),
(440, 5, 9, '1.000', '7.000', '7.000', '0.070', '0.070', 47, '2019-11-25 10:17:35', '2019-11-25 10:17:35'),
(441, 5, 9, '7.000', '6.500', '6.500', '0.455', '0.455', 47, '2019-11-25 11:10:21', '2019-11-25 11:10:21'),
(442, 5, 9, '3.000', '7.000', '7.000', '0.210', '0.210', 47, '2019-11-25 11:19:46', '2019-11-25 11:19:46'),
(443, 6, 9, '1.000', '5.500', '5.500', '0.055', '0.055', 47, '2019-11-25 11:32:54', '2019-11-25 11:32:54'),
(444, 5, 9, '5.000', '7.000', '7.000', '0.350', '0.350', 47, '2019-11-25 13:38:43', '2019-11-25 13:38:43'),
(445, 6, 9, '1.000', '5.500', '4.500', '0.055', '0.045', 53, '2019-11-25 15:39:02', '2019-11-25 15:39:02'),
(446, 5, 9, '2.000', '6.500', '5.000', '0.130', '0.100', 53, '2019-11-25 16:05:37', '2019-11-25 16:05:37'),
(447, 6, 9, '1.000', '5.500', '5.500', '0.055', '0.055', 47, '2019-11-25 16:36:32', '2019-11-25 16:36:32'),
(448, 5, 9, '10.000', '11.000', '11.000', '1.100', '1.100', 47, '2019-11-25 16:59:55', '2019-11-25 16:59:55'),
(449, 5, 9, '3.000', '7.000', '7.000', '0.210', '0.210', 47, '2019-11-25 17:22:51', '2019-11-25 17:22:51'),
(450, 5, 9, '3.000', '6.500', '5.000', '0.195', '0.150', 53, '2019-11-25 17:27:55', '2019-11-25 17:27:55'),
(451, 5, 9, '3.000', '7.000', '7.000', '0.210', '0.210', 47, '2019-11-25 17:38:19', '2019-11-25 17:38:19'),
(452, 5, 9, '1.000', '6.500', '5.000', '0.065', '0.050', 53, '2019-11-25 18:46:11', '2019-11-25 18:46:11'),
(453, 5, 9, '10.000', '6.500', '5.000', '0.650', '0.500', 48, '2019-11-25 18:51:17', '2019-11-25 18:51:17'),
(454, 5, 9, '7.000', '6.500', '5.000', '0.455', '0.350', 48, '2019-11-25 18:52:30', '2019-11-25 18:52:30'),
(455, 5, 9, '1.000', '7.000', '7.000', '0.070', '0.070', 47, '2019-11-26 08:11:06', '2019-11-26 08:11:06'),
(456, 6, 9, '3.000', '5.500', '5.500', '0.165', '0.165', 47, '2019-11-26 10:34:59', '2019-11-26 10:34:59'),
(457, 5, 9, '1.000', '7.000', '7.000', '0.070', '0.070', 47, '2019-11-26 10:36:14', '2019-11-26 10:36:14'),
(458, 5, 9, '1.000', '7.000', '7.000', '0.070', '0.070', 47, '2019-11-26 12:56:33', '2019-11-26 12:56:33'),
(459, 6, 9, '1.000', '5.500', '5.500', '0.055', '0.055', 47, '2019-11-26 13:46:09', '2019-11-26 13:46:09'),
(460, 5, 9, '1.000', '7.000', '7.000', '0.070', '0.070', 47, '2019-11-26 13:58:54', '2019-11-26 13:58:54'),
(461, 6, 9, '1.000', '5.500', '4.500', '0.055', '0.045', 53, '2019-11-26 14:36:30', '2019-11-26 14:36:30'),
(462, 5, 9, '3.000', '7.000', '7.000', '0.210', '0.210', 47, '2019-11-26 16:18:20', '2019-11-26 16:18:20'),
(463, 5, 9, '3.000', '7.000', '7.000', '0.210', '0.210', 47, '2019-11-26 16:19:43', '2019-11-26 16:19:43'),
(464, 6, 9, '2.000', '5.500', '5.500', '0.110', '0.110', 47, '2019-11-26 16:30:28', '2019-11-26 16:30:28'),
(465, 5, 9, '1.000', '7.000', '7.000', '0.070', '0.070', 47, '2019-11-26 17:37:41', '2019-11-26 17:37:41'),
(466, 5, 9, '3.000', '7.000', '7.000', '0.210', '0.210', 47, '2019-11-26 17:51:37', '2019-11-26 17:51:37'),
(467, 5, 9, '2.000', '7.000', '7.000', '0.140', '0.140', 47, '2019-11-27 13:11:56', '2019-11-27 13:11:56'),
(468, 5, 9, '1.000', '7.000', '7.000', '0.070', '0.070', 47, '2019-11-27 13:31:25', '2019-11-27 13:31:25'),
(469, 5, 9, '2.000', '7.000', '7.000', '0.140', '0.140', 47, '2019-11-27 14:12:10', '2019-11-27 14:12:10'),
(470, 5, 9, '1.000', '7.000', '7.000', '0.070', '0.070', 47, '2019-11-27 14:12:59', '2019-11-27 14:12:59'),
(471, 6, 9, '3.000', '5.500', '5.500', '0.165', '0.165', 47, '2019-11-27 14:21:54', '2019-11-27 14:21:54'),
(472, 6, 9, '2.000', '5.500', '5.500', '0.110', '0.110', 47, '2019-11-27 14:36:52', '2019-11-27 14:36:52'),
(473, 5, 9, '1.000', '7.000', '7.000', '0.070', '0.070', 47, '2019-11-27 15:39:27', '2019-11-27 15:39:27'),
(474, 5, 9, '1.000', '7.000', '7.000', '0.070', '0.070', 47, '2019-11-27 16:28:00', '2019-11-27 16:28:00'),
(475, 5, 9, '3.000', '11.000', '11.000', '0.330', '0.330', 47, '2019-11-28 09:15:44', '2019-11-28 09:15:44'),
(476, 5, 9, '2.000', '7.000', '7.000', '0.140', '0.140', 47, '2019-11-28 09:25:35', '2019-11-28 09:25:35'),
(477, 5, 9, '1.000', '7.000', '7.000', '0.070', '0.070', 47, '2019-11-28 11:09:33', '2019-11-28 11:09:33'),
(478, 5, 9, '2.000', '7.000', '7.000', '0.140', '0.140', 47, '2019-11-28 12:40:13', '2019-11-28 12:40:13'),
(479, 6, 9, '3.000', '5.500', '5.500', '0.165', '0.165', 47, '2019-11-28 12:42:31', '2019-11-28 12:42:31'),
(480, 5, 9, '3.000', '7.000', '7.000', '0.210', '0.210', 47, '2019-11-28 13:26:05', '2019-11-28 13:26:05'),
(481, 5, 9, '5.000', '7.000', '7.000', '0.350', '0.350', 47, '2019-11-28 13:41:31', '2019-11-28 13:41:31'),
(482, 6, 9, '1.000', '5.500', '5.500', '0.055', '0.055', 47, '2019-11-28 13:49:09', '2019-11-28 13:49:09'),
(483, 5, 9, '1.000', '7.000', '7.000', '0.070', '0.070', 47, '2019-11-28 13:59:57', '2019-11-28 13:59:57'),
(484, 5, 9, '3.000', '7.000', '7.000', '0.210', '0.210', 47, '2019-11-28 14:26:15', '2019-11-28 14:26:15'),
(485, 5, 9, '2.000', '7.000', '7.000', '0.140', '0.140', 47, '2019-11-28 14:40:29', '2019-11-28 14:40:29'),
(487, 6, 9, '3.000', '5.500', '5.500', '0.165', '0.165', 47, '2019-11-28 16:12:39', '2019-11-28 16:12:39'),
(490, 5, 9, '1.000', '6.500', '5.000', '0.065', '0.050', 53, '2019-11-28 17:55:56', '2019-11-28 17:55:56'),
(491, 5, 9, '1.000', '7.000', '7.000', '0.070', '0.070', 47, '2019-11-28 18:04:47', '2019-11-28 18:04:47'),
(492, 6, 9, '5.000', '5.500', '5.500', '0.275', '0.275', 47, '2019-11-28 18:17:08', '2019-11-28 18:17:08'),
(493, 5, 9, '1.000', '7.000', '7.000', '0.070', '0.070', 47, '2019-11-28 19:14:06', '2019-11-28 19:14:06'),
(494, 6, 9, '2.000', '5.500', '5.500', '0.110', '0.110', 47, '2019-11-29 10:00:42', '2019-11-29 10:00:42'),
(495, 5, 9, '5.000', '11.000', '11.000', '0.550', '0.550', 47, '2019-11-29 10:14:56', '2019-11-29 10:14:56'),
(496, 5, 9, '1.000', '11.000', '11.000', '0.110', '0.110', 47, '2019-11-29 10:27:33', '2019-11-29 10:27:33'),
(497, 5, 9, '1.000', '7.000', '7.000', '0.070', '0.070', 47, '2019-11-29 12:18:34', '2019-11-29 12:18:34'),
(498, 5, 9, '2.000', '11.000', '11.000', '0.220', '0.220', 47, '2019-11-29 13:22:47', '2019-11-29 13:22:47'),
(499, 5, 9, '3.000', '7.000', '7.000', '0.210', '0.210', 47, '2019-11-29 13:48:27', '2019-11-29 13:48:27'),
(501, 6, 9, '1.000', '5.500', '5.500', '0.055', '0.055', 47, '2019-11-29 14:36:37', '2019-11-29 14:36:37'),
(502, 5, 9, '2.000', '7.000', '7.000', '0.140', '0.140', 47, '2019-11-29 14:52:19', '2019-11-29 14:52:19'),
(503, 5, 9, '2.000', '7.000', '7.000', '0.140', '0.140', 47, '2019-11-29 14:56:16', '2019-11-29 14:56:16'),
(504, 6, 9, '2.000', '5.500', '5.500', '0.110', '0.110', 47, '2019-11-29 15:38:37', '2019-11-29 15:38:37'),
(505, 5, 9, '1.000', '7.000', '7.000', '0.070', '0.070', 47, '2019-11-29 16:26:25', '2019-11-29 16:26:25'),
(506, 5, 9, '1.000', '7.000', '7.000', '0.070', '0.070', 47, '2019-11-29 16:32:13', '2019-11-29 16:32:13'),
(507, 5, 9, '7.000', '6.500', '6.500', '0.455', '0.455', 47, '2019-11-30 08:24:54', '2019-11-30 08:24:54'),
(508, 5, 9, '2.000', '7.000', '7.000', '0.140', '0.140', 47, '2019-11-30 08:35:20', '2019-11-30 08:35:20'),
(509, 5, 9, '2.000', '11.000', '11.000', '0.220', '0.220', 47, '2019-11-30 08:42:28', '2019-11-30 08:42:28'),
(510, 6, 9, '2.000', '5.500', '5.500', '0.110', '0.110', 47, '2019-11-30 08:44:28', '2019-11-30 08:44:28'),
(511, 5, 9, '1.000', '7.000', '7.000', '0.070', '0.070', 47, '2019-11-30 08:45:24', '2019-11-30 08:45:24'),
(512, 6, 9, '1.000', '5.500', '5.500', '0.055', '0.055', 47, '2019-11-30 08:53:01', '2019-11-30 08:53:01'),
(513, 5, 9, '1.000', '7.000', '7.000', '0.070', '0.070', 47, '2019-11-30 08:58:22', '2019-11-30 08:58:22'),
(514, 6, 9, '3.000', '5.500', '5.500', '0.165', '0.165', 47, '2019-11-30 09:04:50', '2019-11-30 09:04:50'),
(515, 5, 9, '2.000', '7.000', '7.000', '0.140', '0.140', 47, '2019-11-30 10:11:13', '2019-11-30 10:11:13'),
(516, 5, 9, '1.000', '7.000', '7.000', '0.070', '0.070', 47, '2019-11-30 12:20:27', '2019-11-30 12:20:27'),
(517, 5, 9, '7.000', '6.500', '6.500', '0.455', '0.455', 47, '2019-11-30 15:50:36', '2019-11-30 15:50:36'),
(518, 6, 9, '2.000', '5.500', '5.500', '0.110', '0.110', 47, '2019-11-30 15:51:52', '2019-11-30 15:51:52'),
(519, 5, 9, '10.000', '6.500', '5.000', '0.650', '0.500', 48, '2019-12-01 15:32:02', '2019-12-01 15:32:02'),
(520, 5, 9, '1.000', '6.500', '5.000', '0.065', '0.050', 53, '2019-12-01 15:50:31', '2019-12-01 15:50:31'),
(521, 5, 9, '1.000', '6.500', '5.000', '0.065', '0.050', 53, '2019-12-01 17:52:33', '2019-12-01 17:52:33'),
(522, 5, 9, '7.000', '6.500', '5.000', '0.455', '0.350', 48, '2019-12-01 20:32:05', '2019-12-01 20:32:05'),
(523, 5, 9, '7.000', '6.500', '5.000', '0.455', '0.350', 48, '2019-12-01 20:39:28', '2019-12-01 20:39:28'),
(524, 6, 9, '5.000', '5.500', '5.500', '0.275', '0.275', 47, '2019-12-02 10:40:11', '2019-12-02 10:40:11'),
(525, 5, 9, '3.000', '7.000', '7.000', '0.210', '0.210', 47, '2019-12-02 12:20:19', '2019-12-02 12:20:19'),
(526, 5, 9, '3.000', '7.000', '7.000', '0.210', '0.210', 47, '2019-12-02 12:26:00', '2019-12-02 12:26:00'),
(527, 5, 9, '3.000', '7.000', '7.000', '0.210', '0.210', 47, '2019-12-02 13:05:31', '2019-12-02 13:05:31'),
(528, 6, 9, '1.000', '5.500', '5.500', '0.055', '0.055', 47, '2019-12-02 13:19:46', '2019-12-02 13:19:46'),
(529, 5, 9, '1.000', '6.500', '5.000', '0.065', '0.050', 53, '2019-12-02 15:34:49', '2019-12-02 15:34:49'),
(530, 5, 9, '5.000', '7.000', '7.000', '0.350', '0.350', 47, '2019-12-02 16:05:10', '2019-12-02 16:05:10'),
(531, 6, 9, '1.000', '5.500', '5.500', '0.055', '0.055', 47, '2019-12-02 16:13:38', '2019-12-02 16:13:38'),
(532, 5, 9, '2.000', '11.000', '11.000', '0.220', '0.220', 47, '2019-12-02 16:25:14', '2019-12-02 16:25:14'),
(533, 6, 9, '1.000', '5.500', '4.500', '0.055', '0.045', 53, '2019-12-02 16:36:58', '2019-12-02 16:36:58');
INSERT INTO `pagos` (`id`, `proveedor_id`, `segmento_id`, `valor`, `com_in`, `com_out`, `utilidad_in`, `utilidad_out`, `usuario_id`, `created_at`, `updated_at`) VALUES
(534, 6, 9, '6.000', '5.500', '5.500', '0.330', '0.330', 47, '2019-12-02 16:43:37', '2019-12-02 16:43:37'),
(535, 6, 9, '1.000', '5.500', '4.500', '0.055', '0.045', 53, '2019-12-02 18:22:06', '2019-12-02 18:22:06'),
(536, 5, 9, '7.000', '6.500', '5.000', '0.455', '0.350', 48, '2019-12-02 19:08:15', '2019-12-02 19:08:15'),
(537, 5, 9, '1.000', '7.000', '5.500', '0.070', '0.055', 51, '2019-12-02 19:10:02', '2019-12-02 19:10:02'),
(538, 6, 9, '2.000', '5.500', '4.500', '0.110', '0.090', 51, '2019-12-02 19:10:54', '2019-12-02 19:10:54'),
(539, 6, 9, '2.000', '5.500', '4.500', '0.110', '0.090', 51, '2019-12-02 19:11:01', '2019-12-02 19:11:01'),
(540, 5, 9, '5.000', '11.000', '8.000', '0.550', '0.400', 51, '2019-12-02 19:12:55', '2019-12-02 19:12:55'),
(541, 5, 9, '5.000', '11.000', '8.000', '0.550', '0.400', 51, '2019-12-02 19:13:02', '2019-12-02 19:13:02'),
(542, 5, 9, '1.000', '7.000', '5.500', '0.070', '0.055', 51, '2019-12-03 06:42:06', '2019-12-03 06:42:06'),
(543, 5, 9, '1.000', '7.000', '5.500', '0.070', '0.055', 51, '2019-12-03 06:42:23', '2019-12-03 06:42:23'),
(544, 6, 9, '2.000', '5.500', '4.500', '0.110', '0.090', 51, '2019-12-03 09:56:25', '2019-12-03 09:56:25'),
(545, 6, 9, '3.000', '5.500', '5.500', '0.165', '0.165', 47, '2019-12-03 11:32:07', '2019-12-03 11:32:07'),
(546, 5, 9, '1.000', '7.000', '7.000', '0.070', '0.070', 47, '2019-12-03 13:00:39', '2019-12-03 13:00:39'),
(547, 5, 9, '7.000', '6.500', '5.000', '0.455', '0.350', 48, '2019-12-03 14:44:37', '2019-12-03 14:44:37'),
(548, 6, 9, '1.000', '5.500', '4.500', '0.055', '0.045', 53, '2019-12-03 16:53:13', '2019-12-03 16:53:13'),
(549, 5, 9, '1.000', '6.500', '5.000', '0.065', '0.050', 53, '2019-12-03 19:04:50', '2019-12-03 19:04:50'),
(550, 5, 9, '1.000', '7.000', '7.000', '0.070', '0.070', 47, '2019-12-04 09:49:03', '2019-12-04 09:49:03'),
(552, 5, 9, '3.000', '7.000', '7.000', '0.210', '0.210', 47, '2019-12-04 10:31:37', '2019-12-04 10:31:37'),
(553, 5, 9, '2.000', '7.000', '7.000', '0.140', '0.140', 47, '2019-12-04 10:41:40', '2019-12-04 10:41:40'),
(555, 5, 9, '1.000', '7.000', '7.000', '0.070', '0.070', 47, '2019-12-04 12:25:05', '2019-12-04 12:25:05'),
(556, 5, 9, '5.000', '7.000', '5.500', '0.350', '0.275', 51, '2019-12-04 12:30:28', '2019-12-04 12:30:28'),
(558, 5, 9, '10.000', '6.500', '5.000', '0.650', '0.500', 48, '2019-12-04 12:42:22', '2019-12-04 12:42:22'),
(559, 5, 9, '1.000', '7.000', '7.000', '0.070', '0.070', 47, '2019-12-04 14:04:25', '2019-12-04 14:04:25'),
(560, 5, 9, '10.000', '6.500', '5.000', '0.650', '0.500', 48, '2019-12-04 14:10:19', '2019-12-04 14:10:19'),
(561, 5, 9, '2.000', '11.000', '11.000', '0.220', '0.220', 47, '2019-12-04 14:13:07', '2019-12-04 14:13:07'),
(562, 5, 9, '2.000', '7.000', '7.000', '0.140', '0.140', 47, '2019-12-04 16:08:22', '2019-12-04 16:08:22'),
(566, 5, 9, '10.000', '6.500', '5.000', '0.650', '0.500', 48, '2019-12-04 16:27:17', '2019-12-04 16:27:17'),
(567, 6, 9, '2.000', '5.500', '4.500', '0.110', '0.090', 53, '2019-12-04 16:45:27', '2019-12-04 16:45:27'),
(568, 5, 9, '1.000', '7.000', '5.500', '0.070', '0.055', 51, '2019-12-04 17:37:09', '2019-12-04 17:37:09'),
(569, 5, 9, '7.000', '6.500', '5.000', '0.455', '0.350', 48, '2019-12-04 18:23:14', '2019-12-04 18:23:14'),
(570, 5, 9, '7.000', '6.000', '5.000', '0.420', '0.350', 53, '2019-12-04 18:53:45', '2019-12-04 18:53:45'),
(571, 5, 9, '1.000', '7.000', '5.500', '0.070', '0.055', 51, '2019-12-04 19:29:08', '2019-12-04 19:29:08'),
(572, 5, 9, '1.000', '7.000', '5.500', '0.070', '0.055', 51, '2019-12-04 19:31:38', '2019-12-04 19:31:38'),
(573, 5, 9, '1.000', '6.500', '5.000', '0.065', '0.050', 53, '2019-12-04 19:36:20', '2019-12-04 19:36:20'),
(574, 6, 9, '1.000', '5.500', '4.500', '0.055', '0.045', 51, '2019-12-05 06:07:34', '2019-12-05 06:07:34'),
(575, 5, 9, '1.000', '11.000', '11.000', '0.110', '0.110', 47, '2019-12-05 07:28:31', '2019-12-05 07:28:31'),
(576, 5, 9, '2.000', '7.000', '5.500', '0.140', '0.110', 51, '2019-12-05 07:48:06', '2019-12-05 07:48:06'),
(577, 6, 9, '1.000', '5.500', '5.500', '0.055', '0.055', 47, '2019-12-05 08:02:38', '2019-12-05 08:02:38'),
(578, 5, 9, '1.000', '6.500', '5.000', '0.065', '0.050', 53, '2019-12-05 10:25:32', '2019-12-05 10:25:32'),
(579, 5, 9, '1.000', '7.000', '7.000', '0.070', '0.070', 47, '2019-12-05 10:40:58', '2019-12-05 10:40:58'),
(580, 5, 9, '1.000', '11.000', '11.000', '0.110', '0.110', 47, '2019-12-05 10:56:07', '2019-12-05 10:56:07'),
(581, 5, 9, '1.000', '7.000', '7.000', '0.070', '0.070', 47, '2019-12-05 12:32:49', '2019-12-05 12:32:49'),
(582, 6, 9, '1.000', '5.500', '4.500', '0.055', '0.045', 53, '2019-12-05 14:36:35', '2019-12-05 14:36:35'),
(583, 5, 9, '2.000', '6.500', '5.000', '0.130', '0.100', 53, '2019-12-05 16:20:57', '2019-12-05 16:20:57'),
(584, 5, 9, '3.000', '7.000', '7.000', '0.210', '0.210', 47, '2019-12-05 17:04:45', '2019-12-05 17:04:45'),
(585, 5, 9, '3.000', '7.000', '7.000', '0.210', '0.210', 47, '2019-12-05 17:06:08', '2019-12-05 17:06:08'),
(586, 5, 9, '5.000', '6.500', '5.000', '0.325', '0.250', 53, '2019-12-05 17:20:53', '2019-12-05 17:20:53'),
(587, 6, 9, '1.000', '5.500', '4.500', '0.055', '0.045', 53, '2019-12-05 19:12:51', '2019-12-05 19:12:51'),
(588, 5, 9, '1.000', '7.000', '7.000', '0.070', '0.070', 47, '2019-12-06 09:00:54', '2019-12-06 09:00:54'),
(589, 5, 9, '2.000', '6.500', '5.000', '0.130', '0.100', 53, '2019-12-06 10:04:05', '2019-12-06 10:04:05'),
(591, 6, 9, '0.250', '5.500', '5.500', '0.014', '0.014', 47, '2019-12-06 12:49:59', '2019-12-06 12:49:59'),
(592, 5, 9, '2.000', '7.000', '7.000', '0.140', '0.140', 47, '2019-12-06 12:54:05', '2019-12-06 12:54:05'),
(593, 5, 9, '1.000', '7.000', '7.000', '0.070', '0.070', 47, '2019-12-06 13:26:40', '2019-12-06 13:26:40'),
(594, 5, 9, '1.000', '7.000', '7.000', '0.070', '0.070', 47, '2019-12-06 14:00:43', '2019-12-06 14:00:43'),
(595, 5, 9, '5.000', '7.000', '7.000', '0.350', '0.350', 47, '2019-12-06 14:04:46', '2019-12-06 14:04:46'),
(596, 5, 9, '1.000', '7.000', '7.000', '0.070', '0.070', 47, '2019-12-06 14:12:05', '2019-12-06 14:12:05'),
(597, 5, 9, '1.000', '7.000', '7.000', '0.070', '0.070', 47, '2019-12-06 14:47:38', '2019-12-06 14:47:38'),
(598, 5, 9, '10.000', '11.000', '11.000', '1.100', '1.100', 47, '2019-12-06 16:59:04', '2019-12-06 16:59:04'),
(599, 5, 9, '1.000', '6.500', '5.000', '0.065', '0.050', 53, '2019-12-06 17:01:21', '2019-12-06 17:01:21'),
(600, 6, 9, '1.000', '5.500', '4.500', '0.055', '0.045', 53, '2019-12-06 18:14:21', '2019-12-06 18:14:21'),
(601, 6, 9, '2.000', '5.500', '4.500', '0.110', '0.090', 51, '2019-12-06 18:24:51', '2019-12-06 18:24:51'),
(602, 6, 9, '2.000', '5.500', '4.500', '0.110', '0.090', 48, '2019-12-06 18:35:41', '2019-12-06 18:35:41'),
(603, 6, 9, '2.000', '5.500', '4.500', '0.110', '0.090', 51, '2019-12-06 19:15:09', '2019-12-06 19:15:09'),
(604, 5, 9, '1.000', '7.000', '7.000', '0.070', '0.070', 47, '2019-12-06 21:22:42', '2019-12-06 21:22:42'),
(605, 6, 9, '2.000', '5.500', '4.500', '0.110', '0.090', 51, '2019-12-07 06:47:19', '2019-12-07 06:47:19'),
(606, 6, 9, '1.000', '5.500', '5.500', '0.055', '0.055', 47, '2019-12-07 09:04:30', '2019-12-07 09:04:30'),
(607, 5, 9, '1.000', '7.000', '7.000', '0.070', '0.070', 47, '2019-12-07 09:19:55', '2019-12-07 09:19:55'),
(608, 6, 9, '5.000', '5.500', '4.500', '0.275', '0.225', 51, '2019-12-07 09:27:27', '2019-12-07 09:27:27'),
(609, 6, 9, '1.000', '5.500', '4.000', '0.055', '0.040', 52, '2019-12-07 10:06:18', '2019-12-07 10:06:18'),
(610, 5, 9, '1.000', '6.500', '5.000', '0.065', '0.050', 52, '2019-12-07 10:14:47', '2019-12-07 10:14:47'),
(611, 5, 9, '5.000', '6.500', '5.000', '0.325', '0.250', 52, '2019-12-07 11:04:15', '2019-12-07 11:04:15'),
(612, 6, 9, '3.000', '5.500', '4.000', '0.165', '0.120', 52, '2019-12-07 11:23:37', '2019-12-07 11:23:37'),
(613, 5, 9, '1.000', '6.500', '5.000', '0.065', '0.050', 52, '2019-12-07 11:37:15', '2019-12-07 11:37:15'),
(614, 6, 9, '3.000', '5.500', '4.000', '0.165', '0.120', 52, '2019-12-07 11:51:58', '2019-12-07 11:51:58'),
(615, 6, 9, '3.000', '5.500', '4.000', '0.165', '0.120', 52, '2019-12-07 12:03:01', '2019-12-07 12:03:01'),
(616, 5, 9, '1.000', '6.500', '5.000', '0.065', '0.050', 52, '2019-12-07 12:17:04', '2019-12-07 12:17:04'),
(617, 6, 9, '3.000', '5.500', '4.000', '0.165', '0.120', 52, '2019-12-07 12:28:27', '2019-12-07 12:28:27'),
(618, 6, 9, '3.000', '5.500', '4.000', '0.165', '0.120', 52, '2019-12-07 12:44:46', '2019-12-07 12:44:46'),
(619, 6, 9, '3.000', '5.500', '4.000', '0.165', '0.120', 52, '2019-12-07 12:45:21', '2019-12-07 12:45:21'),
(620, 5, 9, '1.000', '6.500', '5.000', '0.065', '0.050', 52, '2019-12-07 12:49:31', '2019-12-07 12:49:31'),
(621, 5, 9, '1.000', '6.500', '5.000', '0.065', '0.050', 52, '2019-12-07 12:50:03', '2019-12-07 12:50:03'),
(623, 6, 9, '3.000', '5.500', '4.000', '0.165', '0.120', 52, '2019-12-07 13:06:29', '2019-12-07 13:06:29'),
(624, 5, 9, '2.000', '6.500', '5.000', '0.130', '0.100', 52, '2019-12-07 13:37:45', '2019-12-07 13:37:45'),
(625, 5, 9, '1.000', '6.500', '5.000', '0.065', '0.050', 52, '2019-12-07 13:57:52', '2019-12-07 13:57:52'),
(626, 6, 9, '1.000', '5.500', '4.000', '0.055', '0.040', 52, '2019-12-07 14:46:00', '2019-12-07 14:46:00'),
(627, 6, 9, '1.000', '5.500', '4.000', '0.055', '0.040', 52, '2019-12-07 14:46:37', '2019-12-07 14:46:37'),
(628, 5, 9, '10.000', '6.500', '5.000', '0.650', '0.500', 48, '2019-12-07 15:00:06', '2019-12-07 15:00:06'),
(629, 5, 9, '2.000', '6.500', '5.000', '0.130', '0.100', 52, '2019-12-07 15:02:38', '2019-12-07 15:02:38'),
(630, 6, 9, '1.000', '5.500', '4.000', '0.055', '0.040', 52, '2019-12-07 15:03:35', '2019-12-07 15:03:35'),
(631, 5, 9, '1.000', '7.000', '5.000', '0.070', '0.050', 48, '2019-12-07 15:38:03', '2019-12-07 15:38:03'),
(634, 5, 9, '1.000', '6.500', '5.000', '0.065', '0.050', 52, '2019-12-07 16:05:32', '2019-12-07 16:05:32'),
(635, 5, 9, '1.000', '6.500', '5.000', '0.065', '0.050', 52, '2019-12-07 16:42:34', '2019-12-07 16:42:34'),
(636, 6, 9, '2.000', '5.500', '5.500', '0.110', '0.110', 47, '2019-12-07 16:49:05', '2019-12-07 16:49:05'),
(637, 6, 9, '4.000', '5.500', '4.000', '0.220', '0.160', 52, '2019-12-07 18:54:57', '2019-12-07 18:54:57'),
(638, 5, 9, '1.000', '6.500', '5.000', '0.065', '0.050', 52, '2019-12-07 19:06:13', '2019-12-07 19:06:13'),
(639, 6, 9, '1.000', '5.500', '4.000', '0.055', '0.040', 52, '2019-12-07 19:15:27', '2019-12-07 19:15:27'),
(640, 5, 9, '3.000', '11.000', '8.000', '0.330', '0.240', 51, '2019-12-07 19:19:45', '2019-12-07 19:19:45'),
(641, 6, 9, '2.000', '5.500', '4.000', '0.110', '0.080', 52, '2019-12-07 19:22:45', '2019-12-07 19:22:45'),
(642, 6, 9, '3.000', '5.500', '4.000', '0.165', '0.120', 52, '2019-12-07 19:55:24', '2019-12-07 19:55:24'),
(643, 5, 9, '1.000', '6.500', '5.000', '0.065', '0.050', 52, '2019-12-07 20:13:20', '2019-12-07 20:13:20'),
(644, 6, 9, '3.000', '5.500', '4.000', '0.165', '0.120', 52, '2019-12-07 20:18:53', '2019-12-07 20:18:53'),
(645, 5, 9, '5.000', '6.500', '5.000', '0.325', '0.250', 52, '2019-12-07 20:19:25', '2019-12-07 20:19:25'),
(646, 6, 9, '5.000', '5.500', '4.000', '0.275', '0.200', 52, '2019-12-07 20:31:31', '2019-12-07 20:31:31'),
(647, 5, 9, '1.000', '6.500', '5.000', '0.065', '0.050', 52, '2019-12-07 20:48:18', '2019-12-07 20:48:18'),
(649, 6, 9, '1.000', '5.500', '4.000', '0.055', '0.040', 52, '2019-12-07 21:05:15', '2019-12-07 21:05:15'),
(650, 5, 9, '5.000', '6.500', '5.000', '0.325', '0.250', 52, '2019-12-07 21:05:59', '2019-12-07 21:05:59'),
(651, 6, 9, '1.000', '5.500', '4.000', '0.055', '0.040', 52, '2019-12-07 21:16:20', '2019-12-07 21:16:20'),
(652, 5, 9, '1.000', '6.500', '5.000', '0.065', '0.050', 52, '2019-12-08 06:40:00', '2019-12-08 06:40:00'),
(653, 6, 9, '1.000', '5.500', '4.000', '0.055', '0.040', 52, '2019-12-08 06:55:20', '2019-12-08 06:55:20'),
(654, 5, 9, '1.000', '6.500', '5.000', '0.065', '0.050', 52, '2019-12-08 06:55:48', '2019-12-08 06:55:48'),
(655, 6, 9, '1.000', '5.500', '4.000', '0.055', '0.040', 52, '2019-12-08 06:56:23', '2019-12-08 06:56:23'),
(656, 5, 9, '1.000', '6.500', '5.000', '0.065', '0.050', 52, '2019-12-08 06:56:53', '2019-12-08 06:56:53'),
(657, 6, 9, '1.000', '5.500', '4.000', '0.055', '0.040', 52, '2019-12-08 07:03:43', '2019-12-08 07:03:43'),
(658, 5, 9, '1.000', '6.500', '5.000', '0.065', '0.050', 52, '2019-12-08 07:06:11', '2019-12-08 07:06:11'),
(659, 6, 9, '1.000', '5.500', '4.000', '0.055', '0.040', 52, '2019-12-08 07:16:41', '2019-12-08 07:16:41'),
(660, 5, 9, '1.000', '6.500', '5.000', '0.065', '0.050', 52, '2019-12-08 07:18:19', '2019-12-08 07:18:19'),
(661, 5, 9, '1.000', '6.500', '5.000', '0.065', '0.050', 52, '2019-12-08 07:19:51', '2019-12-08 07:19:51'),
(662, 5, 9, '1.000', '6.500', '5.000', '0.065', '0.050', 52, '2019-12-08 07:24:08', '2019-12-08 07:24:08'),
(663, 5, 9, '1.000', '6.500', '5.000', '0.065', '0.050', 52, '2019-12-08 07:25:38', '2019-12-08 07:25:38'),
(664, 6, 9, '2.000', '5.500', '4.000', '0.110', '0.080', 52, '2019-12-08 07:26:39', '2019-12-08 07:26:39'),
(665, 6, 9, '1.000', '5.500', '4.000', '0.055', '0.040', 52, '2019-12-08 07:28:29', '2019-12-08 07:28:29'),
(666, 6, 9, '3.000', '5.500', '4.000', '0.165', '0.120', 52, '2019-12-08 07:31:32', '2019-12-08 07:31:32'),
(667, 5, 9, '1.000', '6.500', '5.000', '0.065', '0.050', 52, '2019-12-08 07:32:14', '2019-12-08 07:32:14'),
(668, 5, 9, '1.000', '6.500', '5.000', '0.065', '0.050', 52, '2019-12-08 07:33:11', '2019-12-08 07:33:11'),
(669, 5, 9, '1.000', '6.500', '5.000', '0.065', '0.050', 52, '2019-12-08 07:39:23', '2019-12-08 07:39:23'),
(670, 6, 9, '3.000', '5.500', '4.000', '0.165', '0.120', 52, '2019-12-08 07:42:41', '2019-12-08 07:42:41'),
(671, 6, 9, '1.000', '5.500', '4.000', '0.055', '0.040', 52, '2019-12-08 07:48:51', '2019-12-08 07:48:51'),
(672, 6, 9, '3.000', '5.500', '4.000', '0.165', '0.120', 52, '2019-12-08 08:23:51', '2019-12-08 08:23:51'),
(673, 5, 9, '2.000', '6.500', '5.000', '0.130', '0.100', 52, '2019-12-08 08:27:18', '2019-12-08 08:27:18'),
(674, 5, 9, '1.000', '6.500', '5.000', '0.065', '0.050', 52, '2019-12-08 08:28:34', '2019-12-08 08:28:34'),
(675, 6, 9, '1.000', '5.500', '4.000', '0.055', '0.040', 52, '2019-12-08 08:36:21', '2019-12-08 08:36:21'),
(676, 5, 9, '1.000', '6.500', '5.000', '0.065', '0.050', 52, '2019-12-08 08:46:30', '2019-12-08 08:46:30'),
(677, 5, 9, '1.000', '6.500', '5.000', '0.065', '0.050', 52, '2019-12-08 09:02:47', '2019-12-08 09:02:47'),
(678, 6, 9, '1.000', '5.500', '4.000', '0.055', '0.040', 52, '2019-12-08 09:23:55', '2019-12-08 09:23:55'),
(679, 5, 9, '1.000', '6.500', '5.000', '0.065', '0.050', 52, '2019-12-08 09:32:58', '2019-12-08 09:32:58'),
(680, 6, 9, '1.000', '5.500', '4.000', '0.055', '0.040', 52, '2019-12-08 09:33:23', '2019-12-08 09:33:23'),
(681, 5, 9, '1.000', '6.500', '5.000', '0.065', '0.050', 52, '2019-12-08 09:37:55', '2019-12-08 09:37:55'),
(682, 5, 9, '1.000', '6.500', '5.000', '0.065', '0.050', 52, '2019-12-08 09:43:30', '2019-12-08 09:43:30'),
(683, 5, 9, '1.000', '6.500', '5.000', '0.065', '0.050', 52, '2019-12-08 09:57:42', '2019-12-08 09:57:42'),
(684, 5, 9, '1.000', '6.500', '5.000', '0.065', '0.050', 52, '2019-12-08 10:05:23', '2019-12-08 10:05:23'),
(687, 5, 9, '2.000', '6.500', '5.000', '0.130', '0.100', 52, '2019-12-08 10:08:48', '2019-12-08 10:08:48'),
(688, 5, 9, '5.000', '6.500', '5.000', '0.325', '0.250', 52, '2019-12-08 10:11:40', '2019-12-08 10:11:40'),
(689, 5, 9, '2.000', '6.500', '5.000', '0.130', '0.100', 52, '2019-12-08 10:40:22', '2019-12-08 10:40:22'),
(690, 6, 9, '5.000', '5.500', '4.000', '0.275', '0.200', 52, '2019-12-08 10:42:55', '2019-12-08 10:42:55'),
(691, 6, 9, '3.000', '5.500', '4.000', '0.165', '0.120', 52, '2019-12-08 10:43:57', '2019-12-08 10:43:57'),
(692, 5, 9, '1.000', '6.500', '5.000', '0.065', '0.050', 52, '2019-12-08 11:05:59', '2019-12-08 11:05:59'),
(693, 5, 9, '5.000', '6.500', '5.000', '0.325', '0.250', 52, '2019-12-08 11:07:39', '2019-12-08 11:07:39'),
(694, 5, 9, '1.000', '6.500', '5.000', '0.065', '0.050', 52, '2019-12-08 11:52:06', '2019-12-08 11:52:06'),
(695, 6, 9, '2.000', '5.500', '4.000', '0.110', '0.080', 52, '2019-12-08 11:55:33', '2019-12-08 11:55:33'),
(696, 5, 9, '1.000', '6.500', '5.000', '0.065', '0.050', 52, '2019-12-08 11:59:20', '2019-12-08 11:59:20'),
(697, 5, 9, '1.000', '6.500', '5.000', '0.065', '0.050', 52, '2019-12-08 12:12:42', '2019-12-08 12:12:42'),
(699, 6, 9, '1.000', '5.500', '4.000', '0.055', '0.040', 52, '2019-12-08 12:30:51', '2019-12-08 12:30:51'),
(700, 5, 9, '1.000', '6.500', '5.000', '0.065', '0.050', 52, '2019-12-08 12:45:09', '2019-12-08 12:45:09'),
(701, 6, 9, '1.000', '5.500', '4.000', '0.055', '0.040', 52, '2019-12-08 12:56:44', '2019-12-08 12:56:44'),
(702, 5, 9, '1.000', '6.500', '5.000', '0.065', '0.050', 52, '2019-12-08 12:58:53', '2019-12-08 12:58:53'),
(703, 6, 9, '1.000', '5.500', '4.000', '0.055', '0.040', 52, '2019-12-08 13:02:02', '2019-12-08 13:02:02'),
(704, 5, 9, '1.000', '6.500', '5.000', '0.065', '0.050', 52, '2019-12-08 13:11:33', '2019-12-08 13:11:33'),
(705, 6, 9, '3.000', '5.500', '4.000', '0.165', '0.120', 52, '2019-12-08 13:15:21', '2019-12-08 13:15:21'),
(706, 5, 9, '1.000', '6.500', '5.000', '0.065', '0.050', 52, '2019-12-08 13:23:54', '2019-12-08 13:23:54'),
(707, 5, 9, '1.000', '6.500', '5.000', '0.065', '0.050', 52, '2019-12-08 13:34:53', '2019-12-08 13:34:53'),
(709, 5, 9, '1.000', '6.500', '5.000', '0.065', '0.050', 52, '2019-12-08 13:39:56', '2019-12-08 13:39:56'),
(710, 5, 9, '1.000', '6.500', '5.000', '0.065', '0.050', 52, '2019-12-08 13:41:41', '2019-12-08 13:41:41'),
(711, 5, 9, '1.000', '6.500', '5.000', '0.065', '0.050', 52, '2019-12-08 13:45:52', '2019-12-08 13:45:52'),
(712, 6, 9, '1.000', '5.500', '4.000', '0.055', '0.040', 52, '2019-12-08 13:46:26', '2019-12-08 13:46:26'),
(713, 6, 9, '2.000', '5.500', '4.000', '0.110', '0.080', 52, '2019-12-08 13:50:34', '2019-12-08 13:50:34'),
(714, 6, 9, '3.000', '5.500', '4.000', '0.165', '0.120', 52, '2019-12-08 13:52:45', '2019-12-08 13:52:45'),
(715, 5, 9, '2.000', '6.500', '5.000', '0.130', '0.100', 52, '2019-12-08 13:59:12', '2019-12-08 13:59:12'),
(716, 5, 9, '1.000', '6.500', '5.000', '0.065', '0.050', 52, '2019-12-08 14:06:03', '2019-12-08 14:06:03'),
(717, 5, 9, '2.000', '6.500', '5.000', '0.130', '0.100', 52, '2019-12-08 14:17:29', '2019-12-08 14:17:29'),
(718, 5, 9, '1.000', '6.500', '5.000', '0.065', '0.050', 52, '2019-12-08 14:18:17', '2019-12-08 14:18:17'),
(719, 6, 9, '3.000', '5.500', '4.000', '0.165', '0.120', 52, '2019-12-08 14:32:25', '2019-12-08 14:32:25'),
(720, 5, 9, '1.000', '6.500', '5.000', '0.065', '0.050', 52, '2019-12-08 14:39:08', '2019-12-08 14:39:08'),
(721, 5, 9, '1.000', '6.500', '5.000', '0.065', '0.050', 52, '2019-12-08 14:43:32', '2019-12-08 14:43:32'),
(722, 5, 9, '1.000', '6.500', '5.000', '0.065', '0.050', 52, '2019-12-08 14:44:06', '2019-12-08 14:44:06'),
(723, 5, 9, '1.000', '6.500', '5.000', '0.065', '0.050', 52, '2019-12-08 14:47:47', '2019-12-08 14:47:47'),
(724, 5, 9, '1.000', '6.500', '5.000', '0.065', '0.050', 52, '2019-12-08 14:52:31', '2019-12-08 14:52:31'),
(725, 6, 9, '3.000', '5.500', '4.000', '0.165', '0.120', 52, '2019-12-08 15:21:37', '2019-12-08 15:21:37'),
(726, 5, 9, '1.000', '6.500', '5.000', '0.065', '0.050', 52, '2019-12-08 15:29:29', '2019-12-08 15:29:29'),
(728, 6, 9, '1.000', '5.500', '4.500', '0.055', '0.045', 51, '2019-12-08 16:09:43', '2019-12-08 16:09:43'),
(731, 6, 9, '4.000', '5.500', '4.500', '0.220', '0.180', 51, '2019-12-08 19:26:15', '2019-12-08 19:26:15'),
(732, 6, 9, '2.000', '5.500', '4.500', '0.110', '0.090', 51, '2019-12-08 19:27:03', '2019-12-08 19:27:03'),
(735, 5, 9, '1.000', '6.500', '5.000', '0.065', '0.050', 53, '2019-12-09 09:28:12', '2019-12-09 09:28:12'),
(736, 6, 9, '1.000', '5.500', '4.000', '0.055', '0.040', 52, '2019-12-09 10:16:21', '2019-12-09 10:16:21'),
(737, 6, 9, '1.000', '5.500', '4.000', '0.055', '0.040', 52, '2019-12-09 10:28:04', '2019-12-09 10:28:04'),
(738, 6, 9, '1.000', '5.500', '4.000', '0.055', '0.040', 52, '2019-12-09 11:20:43', '2019-12-09 11:20:43'),
(739, 6, 9, '1.000', '5.500', '4.000', '0.055', '0.040', 52, '2019-12-09 11:21:13', '2019-12-09 11:21:13'),
(741, 6, 9, '5.000', '5.500', '4.000', '0.275', '0.200', 52, '2019-12-09 12:15:46', '2019-12-09 12:15:46'),
(742, 5, 9, '7.000', '6.500', '5.000', '0.455', '0.350', 48, '2019-12-09 15:04:27', '2019-12-09 15:04:27'),
(743, 5, 9, '1.000', '6.500', '5.000', '0.065', '0.050', 53, '2019-12-09 17:21:30', '2019-12-09 17:21:30'),
(744, 5, 9, '10.000', '6.500', '5.000', '0.650', '0.500', 48, '2019-12-09 17:34:09', '2019-12-09 17:34:09'),
(745, 5, 9, '12.000', '6.500', '5.000', '0.780', '0.600', 48, '2019-12-09 17:46:58', '2019-12-09 17:46:58'),
(746, 5, 9, '2.000', '7.000', '5.000', '0.140', '0.100', 48, '2019-12-09 20:36:50', '2019-12-09 20:36:50'),
(747, 5, 9, '5.000', '6.500', '5.000', '0.325', '0.250', 52, '2019-12-09 21:18:49', '2019-12-09 21:18:49'),
(748, 5, 9, '1.000', '7.000', '7.000', '0.070', '0.070', 47, '2019-12-09 21:39:52', '2019-12-09 21:39:52'),
(749, 5, 9, '1.000', '7.000', '7.000', '0.070', '0.070', 47, '2019-12-10 08:18:28', '2019-12-10 08:18:28'),
(750, 6, 9, '1.000', '5.500', '4.500', '0.055', '0.045', 51, '2019-12-10 08:30:03', '2019-12-10 08:30:03'),
(751, 5, 9, '2.000', '7.000', '7.000', '0.140', '0.140', 47, '2019-12-10 11:52:33', '2019-12-10 11:52:33'),
(752, 6, 9, '1.000', '5.500', '5.500', '0.055', '0.055', 47, '2019-12-10 12:33:20', '2019-12-10 12:33:20'),
(753, 5, 9, '1.000', '7.000', '7.000', '0.070', '0.070', 47, '2019-12-10 14:10:55', '2019-12-10 14:10:55'),
(754, 6, 9, '2.000', '5.500', '5.500', '0.110', '0.110', 47, '2019-12-10 14:53:59', '2019-12-10 14:53:59'),
(755, 5, 9, '3.000', '7.000', '7.000', '0.210', '0.210', 47, '2019-12-10 15:53:04', '2019-12-10 15:53:04'),
(756, 6, 9, '3.000', '5.500', '4.500', '0.165', '0.135', 53, '2019-12-10 16:06:21', '2019-12-10 16:06:21'),
(757, 5, 9, '2.000', '6.500', '5.000', '0.130', '0.100', 53, '2019-12-10 16:37:42', '2019-12-10 16:37:42'),
(758, 5, 9, '5.000', '7.000', '5.000', '0.350', '0.250', 48, '2019-12-10 17:09:49', '2019-12-10 17:09:49'),
(759, 5, 9, '12.000', '6.500', '5.000', '0.780', '0.600', 48, '2019-12-10 17:22:15', '2019-12-10 17:22:15'),
(760, 5, 9, '12.000', '6.500', '5.000', '0.780', '0.600', 48, '2019-12-10 17:32:52', '2019-12-10 17:32:52'),
(761, 5, 9, '7.000', '6.500', '5.000', '0.455', '0.350', 48, '2019-12-10 17:55:33', '2019-12-10 17:55:33'),
(762, 5, 9, '3.000', '11.000', '7.000', '0.330', '0.210', 52, '2019-12-10 21:09:39', '2019-12-10 21:09:39'),
(763, 5, 9, '1.000', '7.000', '7.000', '0.070', '0.070', 47, '2019-12-11 07:08:44', '2019-12-11 07:08:44'),
(764, 6, 9, '2.000', '5.500', '5.500', '0.110', '0.110', 47, '2019-12-11 07:13:23', '2019-12-11 07:13:23'),
(765, 5, 9, '1.000', '6.500', '5.000', '0.065', '0.050', 53, '2019-12-11 09:20:21', '2019-12-11 09:20:21'),
(766, 5, 9, '1.000', '6.500', '5.000', '0.065', '0.050', 53, '2019-12-11 12:02:04', '2019-12-11 12:02:04'),
(767, 5, 9, '5.000', '7.000', '7.000', '0.350', '0.350', 47, '2019-12-11 12:25:41', '2019-12-11 12:25:41'),
(768, 5, 9, '1.000', '11.000', '11.000', '0.110', '0.110', 47, '2019-12-11 12:34:53', '2019-12-11 12:34:53'),
(769, 5, 9, '1.000', '7.000', '7.000', '0.070', '0.070', 47, '2019-12-11 12:35:46', '2019-12-11 12:35:46'),
(770, 6, 9, '2.000', '5.500', '4.500', '0.110', '0.090', 53, '2019-12-11 17:31:12', '2019-12-11 17:31:12'),
(776, 5, 9, '1.000', '7.000', '5.500', '0.070', '0.055', 49, '2019-12-11 20:17:11', '2019-12-11 20:17:11'),
(777, 6, 9, '1.000', '5.500', '4.500', '0.055', '0.045', 42, '2019-12-12 02:56:39', '2019-12-12 02:56:39'),
(778, 5, 9, '1.000', '7.000', '7.000', '0.070', '0.070', 47, '2019-12-12 07:09:21', '2019-12-12 07:09:21'),
(780, 6, 9, '3.000', '5.500', '4.500', '0.165', '0.135', 51, '2019-12-12 08:06:33', '2019-12-12 08:06:33'),
(781, 5, 9, '1.000', '7.000', '7.000', '0.070', '0.070', 47, '2019-12-12 08:14:39', '2019-12-12 08:14:39'),
(782, 6, 9, '1.000', '5.500', '4.500', '0.055', '0.045', 42, '2019-12-12 09:14:10', '2019-12-12 09:14:10'),
(783, 5, 9, '1.000', '6.500', '5.000', '0.065', '0.050', 42, '2019-12-12 09:18:31', '2019-12-12 09:18:31'),
(784, 5, 9, '1.000', '7.000', '7.000', '0.070', '0.070', 47, '2019-12-12 09:21:07', '2019-12-12 09:21:07'),
(785, 5, 9, '1.000', '6.500', '5.000', '0.065', '0.050', 53, '2019-12-12 12:09:32', '2019-12-12 12:09:32'),
(786, 6, 9, '0.250', '5.500', '5.500', '0.014', '0.014', 55, '2019-12-12 14:38:48', '2019-12-12 14:38:48'),
(787, 5, 9, '7.000', '6.000', '5.000', '0.420', '0.350', 53, '2019-12-12 16:33:49', '2019-12-12 16:33:49'),
(788, 5, 9, '1.000', '7.000', '5.000', '0.070', '0.050', 48, '2019-12-12 17:16:14', '2019-12-12 17:16:14'),
(789, 6, 9, '5.000', '5.500', '4.500', '0.275', '0.225', 51, '2019-12-12 17:54:36', '2019-12-12 17:54:36'),
(790, 5, 9, '7.000', '6.500', '5.000', '0.455', '0.350', 51, '2019-12-12 17:56:01', '2019-12-12 17:56:01'),
(791, 6, 9, '3.000', '5.500', '4.500', '0.165', '0.135', 53, '2019-12-12 18:41:14', '2019-12-12 18:41:14'),
(792, 5, 9, '2.000', '6.500', '5.000', '0.130', '0.100', 53, '2019-12-12 19:02:23', '2019-12-12 19:02:23'),
(793, 5, 9, '7.000', '6.000', '5.000', '0.420', '0.350', 53, '2019-12-12 19:18:40', '2019-12-12 19:18:40'),
(794, 5, 9, '7.000', '6.000', '5.000', '0.420', '0.350', 53, '2019-12-12 19:18:46', '2019-12-12 19:18:46'),
(795, 5, 9, '1.000', '7.000', '7.000', '0.070', '0.070', 47, '2019-12-13 07:43:20', '2019-12-13 07:43:20'),
(796, 6, 9, '5.000', '5.500', '5.500', '0.275', '0.275', 47, '2019-12-13 08:23:10', '2019-12-13 08:23:10'),
(797, 5, 9, '5.000', '7.000', '7.000', '0.350', '0.350', 47, '2019-12-13 08:29:00', '2019-12-13 08:29:00'),
(798, 6, 9, '3.000', '5.500', '5.500', '0.165', '0.165', 47, '2019-12-13 08:55:41', '2019-12-13 08:55:41'),
(799, 5, 9, '1.000', '7.000', '7.000', '0.070', '0.070', 47, '2019-12-13 09:02:33', '2019-12-13 09:02:33'),
(800, 5, 9, '1.000', '7.000', '7.000', '0.070', '0.070', 47, '2019-12-13 09:03:11', '2019-12-13 09:03:11'),
(801, 5, 9, '1.000', '7.000', '7.000', '0.070', '0.070', 47, '2019-12-13 10:29:57', '2019-12-13 10:29:57'),
(802, 5, 9, '2.000', '7.000', '7.000', '0.140', '0.140', 47, '2019-12-13 16:30:11', '2019-12-13 16:30:11'),
(803, 5, 9, '1.000', '7.000', '5.500', '0.070', '0.055', 51, '2019-12-14 09:51:37', '2019-12-14 09:51:37'),
(804, 5, 9, '1.000', '7.000', '5.500', '0.070', '0.055', 51, '2019-12-14 10:44:54', '2019-12-14 10:44:54'),
(805, 5, 9, '2.000', '7.000', '5.500', '0.140', '0.110', 51, '2019-12-14 14:51:25', '2019-12-14 14:51:25'),
(806, 5, 9, '7.000', '6.500', '5.000', '0.455', '0.350', 48, '2019-12-14 17:35:29', '2019-12-14 17:35:29'),
(807, 6, 9, '2.000', '5.500', '4.500', '0.110', '0.090', 51, '2019-12-14 18:41:59', '2019-12-14 18:41:59'),
(808, 5, 9, '7.000', '6.500', '5.000', '0.455', '0.350', 48, '2019-12-14 18:45:41', '2019-12-14 18:45:41'),
(810, 5, 9, '7.000', '6.000', '5.000', '0.420', '0.350', 53, '2019-12-14 18:55:24', '2019-12-14 18:55:24'),
(811, 6, 9, '1.000', '5.500', '4.500', '0.055', '0.045', 51, '2019-12-14 19:26:39', '2019-12-14 19:26:39'),
(812, 5, 9, '1.000', '7.000', '5.000', '0.070', '0.050', 48, '2019-12-14 20:49:40', '2019-12-14 20:49:40'),
(813, 5, 9, '2.000', '11.000', '8.000', '0.220', '0.160', 51, '2019-12-15 13:21:12', '2019-12-15 13:21:12'),
(814, 5, 9, '10.000', '6.500', '5.000', '0.650', '0.500', 48, '2019-12-15 13:59:45', '2019-12-15 13:59:45'),
(815, 6, 9, '1.000', '5.500', '4.500', '0.055', '0.045', 51, '2019-12-15 14:46:31', '2019-12-15 14:46:31'),
(816, 5, 9, '7.000', '6.000', '5.000', '0.420', '0.350', 53, '2019-12-15 15:12:40', '2019-12-15 15:12:40'),
(817, 5, 9, '7.000', '6.000', '5.000', '0.420', '0.350', 53, '2019-12-15 15:34:27', '2019-12-15 15:34:27'),
(818, 5, 9, '1.000', '6.500', '5.000', '0.065', '0.050', 53, '2019-12-15 16:20:35', '2019-12-15 16:20:35'),
(819, 6, 9, '5.000', '5.500', '4.500', '0.275', '0.225', 51, '2019-12-15 16:31:18', '2019-12-15 16:31:18'),
(820, 6, 9, '1.000', '5.500', '4.500', '0.055', '0.045', 51, '2019-12-15 16:51:11', '2019-12-15 16:51:11'),
(821, 5, 9, '1.000', '7.000', '5.500', '0.070', '0.055', 51, '2019-12-15 17:05:12', '2019-12-15 17:05:12'),
(822, 5, 9, '2.000', '7.000', '5.500', '0.140', '0.110', 51, '2019-12-15 17:26:46', '2019-12-15 17:26:46'),
(826, 5, 9, '1.000', '7.000', '5.500', '0.070', '0.055', 51, '2019-12-15 18:59:34', '2019-12-15 18:59:34'),
(827, 5, 9, '2.000', '7.000', '5.500', '0.140', '0.110', 51, '2019-12-15 19:03:59', '2019-12-15 19:03:59'),
(828, 6, 9, '3.000', '5.500', '4.500', '0.165', '0.135', 53, '2019-12-15 19:18:09', '2019-12-15 19:18:09'),
(829, 5, 9, '1.000', '7.000', '5.500', '0.070', '0.055', 51, '2019-12-16 07:41:19', '2019-12-16 07:41:19'),
(830, 6, 9, '0.250', '5.500', '5.500', '0.000', '0.000', 55, '2019-12-16 08:16:45', '2019-12-16 08:16:45'),
(831, 6, 9, '2.000', '5.500', '4.500', '0.110', '0.090', 53, '2019-12-16 10:44:02', '2019-12-16 10:44:02'),
(832, 5, 9, '1.000', '6.500', '5.000', '0.065', '0.050', 53, '2019-12-16 17:22:49', '2019-12-16 17:22:49'),
(833, 5, 9, '1.000', '6.500', '5.000', '0.065', '0.050', 53, '2019-12-16 17:25:36', '2019-12-16 17:25:36'),
(834, 6, 9, '1.000', '5.500', '4.500', '0.055', '0.045', 53, '2019-12-16 18:20:05', '2019-12-16 18:20:05'),
(835, 5, 9, '1.000', '7.000', '5.500', '0.070', '0.055', 51, '2019-12-16 18:21:33', '2019-12-16 18:21:33'),
(836, 6, 9, '1.000', '5.500', '4.500', '0.055', '0.045', 51, '2019-12-16 18:23:16', '2019-12-16 18:23:16'),
(837, 6, 9, '0.250', '5.500', '5.500', '0.000', '0.000', 55, '2019-12-16 18:23:20', '2019-12-16 18:23:20'),
(838, 6, 9, '0.250', '5.500', '5.500', '0.000', '0.000', 55, '2019-12-16 18:26:32', '2019-12-16 18:26:32'),
(839, 6, 9, '1.000', '5.500', '4.500', '0.055', '0.045', 51, '2019-12-16 18:37:22', '2019-12-16 18:37:22'),
(840, 5, 9, '1.000', '7.000', '5.000', '0.070', '0.050', 48, '2019-12-16 18:57:10', '2019-12-16 18:57:10'),
(841, 5, 9, '1.000', '7.000', '5.000', '0.070', '0.050', 48, '2019-12-16 18:57:55', '2019-12-16 18:57:55'),
(842, 5, 9, '1.000', '7.000', '5.500', '0.070', '0.055', 51, '2019-12-16 18:59:23', '2019-12-16 18:59:23'),
(844, 5, 9, '1.000', '11.000', '7.000', '0.110', '0.070', 52, '2019-12-16 19:22:16', '2019-12-16 19:22:16'),
(845, 6, 9, '1.000', '5.500', '4.000', '0.000', '0.000', 52, '2019-12-16 19:26:39', '2019-12-16 19:26:39'),
(846, 5, 9, '1.000', '6.500', '5.000', '0.000', '0.000', 52, '2019-12-16 19:30:40', '2019-12-16 19:30:40'),
(847, 5, 9, '1.000', '6.500', '5.000', '0.065', '0.050', 53, '2019-12-17 16:30:56', '2019-12-17 16:30:56'),
(848, 5, 9, '1.000', '6.500', '5.000', '0.065', '0.050', 53, '2019-12-17 16:38:31', '2019-12-17 16:38:31'),
(849, 5, 9, '10.000', '6.500', '5.000', '0.650', '0.500', 48, '2019-12-17 18:46:37', '2019-12-17 18:46:37'),
(850, 5, 9, '7.000', '6.500', '5.000', '0.455', '0.350', 48, '2019-12-17 19:15:36', '2019-12-17 19:15:36'),
(851, 5, 9, '1.000', '7.000', '5.000', '0.070', '0.050', 48, '2019-12-17 20:31:12', '2019-12-17 20:31:12'),
(852, 5, 9, '2.000', '7.000', '5.000', '0.140', '0.100', 48, '2019-12-17 20:32:38', '2019-12-17 20:32:38'),
(853, 6, 9, '3.000', '5.500', '4.500', '0.165', '0.135', 51, '2019-12-18 06:22:27', '2019-12-18 06:22:27'),
(854, 5, 9, '1.000', '7.000', '5.500', '0.070', '0.055', 51, '2019-12-18 12:53:53', '2019-12-18 12:53:53'),
(855, 5, 9, '1.000', '7.000', '5.000', '0.070', '0.050', 48, '2019-12-18 13:32:25', '2019-12-18 13:32:25'),
(856, 6, 9, '3.000', '5.500', '4.500', '0.165', '0.135', 53, '2019-12-18 18:09:19', '2019-12-18 18:09:19'),
(857, 5, 9, '3.000', '7.000', '5.500', '0.210', '0.165', 51, '2019-12-18 18:13:01', '2019-12-18 18:13:01'),
(858, 6, 9, '2.000', '5.500', '4.000', '0.000', '0.000', 52, '2019-12-19 07:13:01', '2019-12-19 07:13:01'),
(859, 6, 9, '1.950', '5.500', '4.000', '0.000', '0.000', 52, '2019-12-19 07:13:44', '2019-12-19 07:13:44'),
(860, 6, 9, '2.000', '5.500', '4.000', '0.000', '0.000', 52, '2019-12-19 08:50:19', '2019-12-19 08:50:19'),
(862, 5, 9, '3.000', '6.500', '5.000', '0.195', '0.150', 53, '2019-12-19 09:54:56', '2019-12-19 09:54:56'),
(863, 5, 9, '7.000', '6.500', '5.000', '0.455', '0.350', 48, '2019-12-19 18:59:52', '2019-12-19 18:59:52'),
(864, 6, 9, '5.000', '5.500', '4.500', '0.275', '0.225', 48, '2019-12-19 19:24:51', '2019-12-19 19:24:51'),
(865, 5, 9, '7.000', '6.000', '5.000', '0.420', '0.350', 53, '2019-12-19 19:58:43', '2019-12-19 19:58:43'),
(866, 6, 9, '1.000', '5.500', '4.500', '0.055', '0.045', 51, '2019-12-19 22:44:49', '2019-12-19 22:44:49'),
(867, 5, 9, '3.000', '7.000', '7.000', '0.210', '0.210', 47, '2019-12-20 07:25:31', '2019-12-20 07:25:31'),
(868, 5, 9, '7.000', '6.500', '6.500', '0.455', '0.455', 47, '2019-12-20 07:44:27', '2019-12-20 07:44:27'),
(869, 5, 9, '1.000', '7.000', '7.000', '0.070', '0.070', 47, '2019-12-20 09:34:03', '2019-12-20 09:34:03'),
(871, 5, 9, '1.000', '7.000', '5.500', '0.070', '0.055', 51, '2019-12-20 14:47:59', '2019-12-20 14:47:59'),
(872, 5, 9, '3.000', '7.000', '5.500', '0.210', '0.165', 51, '2019-12-20 17:16:36', '2019-12-20 17:16:36'),
(873, 6, 9, '1.000', '5.500', '4.500', '0.055', '0.045', 51, '2019-12-20 20:47:32', '2019-12-20 20:47:32'),
(874, 6, 9, '1.000', '5.500', '4.500', '0.055', '0.045', 51, '2019-12-21 09:06:50', '2019-12-21 09:06:50'),
(875, 6, 9, '1.000', '5.500', '4.000', '0.000', '0.000', 52, '2019-12-21 15:25:53', '2019-12-21 15:25:53'),
(876, 6, 9, '1.000', '5.500', '4.000', '0.000', '0.000', 52, '2019-12-21 15:26:58', '2019-12-21 15:26:58'),
(877, 5, 9, '22.000', '6.500', '5.000', '1.430', '1.100', 48, '2019-12-21 15:31:34', '2019-12-21 15:31:34'),
(878, 5, 9, '1.000', '6.500', '5.000', '0.065', '0.050', 53, '2019-12-21 16:04:20', '2019-12-21 16:04:20'),
(879, 6, 9, '3.000', '5.500', '4.500', '0.165', '0.135', 53, '2019-12-21 16:05:13', '2019-12-21 16:05:13'),
(880, 6, 9, '1.000', '5.500', '4.500', '0.055', '0.045', 51, '2019-12-21 19:02:15', '2019-12-21 19:02:15'),
(881, 5, 9, '7.000', '6.500', '5.000', '0.455', '0.350', 51, '2019-12-21 19:04:42', '2019-12-21 19:04:42'),
(882, 6, 9, '1.000', '5.500', '4.000', '0.000', '0.000', 52, '2019-12-21 19:04:52', '2019-12-21 19:04:52'),
(883, 6, 9, '1.000', '5.500', '4.500', '0.055', '0.045', 51, '2019-12-21 19:07:33', '2019-12-21 19:07:33'),
(884, 6, 9, '5.000', '5.500', '4.500', '0.275', '0.225', 51, '2019-12-22 14:02:20', '2019-12-22 14:02:20'),
(885, 6, 9, '2.000', '5.500', '4.500', '0.110', '0.090', 48, '2019-12-22 14:23:13', '2019-12-22 14:23:13'),
(886, 5, 9, '1.000', '7.000', '5.000', '0.070', '0.050', 48, '2019-12-22 16:30:38', '2019-12-22 16:30:38'),
(887, 5, 9, '1.000', '7.000', '5.500', '0.070', '0.055', 51, '2019-12-22 16:35:58', '2019-12-22 16:35:58'),
(888, 6, 9, '5.000', '5.500', '4.000', '0.000', '0.000', 52, '2019-12-22 17:09:38', '2019-12-22 17:09:38'),
(889, 6, 9, '1.000', '5.500', '4.000', '0.000', '0.000', 52, '2019-12-22 18:42:34', '2019-12-22 18:42:34'),
(892, 6, 9, '1.000', '5.500', '4.500', '0.055', '0.045', 51, '2019-12-23 07:12:43', '2019-12-23 07:12:43'),
(893, 6, 9, '1.000', '5.500', '4.000', '0.000', '0.000', 52, '2019-12-23 13:33:50', '2019-12-23 13:33:50'),
(894, 5, 9, '12.000', '6.500', '5.000', '0.780', '0.600', 48, '2019-12-23 14:22:26', '2019-12-23 14:22:26'),
(895, 5, 9, '7.000', '6.500', '5.000', '0.455', '0.350', 48, '2019-12-23 14:23:47', '2019-12-23 14:23:47'),
(896, 5, 9, '1.000', '6.500', '5.000', '0.065', '0.050', 53, '2019-12-23 17:33:48', '2019-12-23 17:33:48'),
(897, 6, 9, '3.000', '5.500', '4.500', '0.165', '0.135', 53, '2019-12-23 18:47:15', '2019-12-23 18:47:15'),
(898, 5, 9, '5.000', '11.000', '8.000', '0.550', '0.400', 51, '2019-12-23 20:27:31', '2019-12-23 20:27:31'),
(899, 5, 9, '7.000', '6.500', '5.000', '0.455', '0.350', 48, '2019-12-23 21:21:17', '2019-12-23 21:21:17'),
(900, 5, 9, '1.000', '7.000', '5.500', '0.070', '0.055', 51, '2019-12-24 07:29:35', '2019-12-24 07:29:35'),
(901, 6, 9, '1.000', '5.500', '4.500', '0.055', '0.045', 51, '2019-12-24 07:30:05', '2019-12-24 07:30:05'),
(902, 5, 9, '5.000', '6.500', '5.000', '0.325', '0.250', 53, '2019-12-24 09:51:14', '2019-12-24 09:51:14'),
(903, 5, 9, '1.000', '7.000', '5.000', '0.070', '0.050', 48, '2019-12-24 11:07:26', '2019-12-24 11:07:26'),
(904, 5, 9, '1.000', '6.500', '5.000', '0.065', '0.050', 53, '2019-12-24 13:26:49', '2019-12-24 13:26:49'),
(905, 5, 9, '2.000', '7.000', '5.000', '0.140', '0.100', 48, '2019-12-24 16:31:16', '2019-12-24 16:31:16'),
(906, 5, 9, '7.000', '6.500', '5.000', '0.455', '0.350', 48, '2019-12-24 17:49:13', '2019-12-24 17:49:13'),
(907, 5, 9, '7.000', '6.000', '5.000', '0.420', '0.350', 53, '2019-12-24 17:51:24', '2019-12-24 17:51:24'),
(908, 5, 9, '1.000', '7.000', '5.500', '0.070', '0.055', 51, '2019-12-24 20:01:20', '2019-12-24 20:01:20'),
(909, 5, 9, '7.000', '6.500', '5.000', '0.455', '0.350', 48, '2019-12-24 20:16:03', '2019-12-24 20:16:03'),
(910, 5, 9, '1.000', '7.000', '5.500', '0.070', '0.055', 51, '2019-12-24 22:56:33', '2019-12-24 22:56:33'),
(911, 5, 9, '3.000', '11.000', '8.000', '0.330', '0.240', 51, '2019-12-25 06:18:19', '2019-12-25 06:18:19'),
(912, 6, 9, '1.000', '5.500', '4.500', '0.055', '0.045', 51, '2019-12-25 06:19:30', '2019-12-25 06:19:30'),
(913, 6, 9, '1.000', '5.500', '4.500', '0.055', '0.045', 51, '2019-12-25 06:19:49', '2019-12-25 06:19:49'),
(914, 6, 9, '5.000', '5.500', '4.500', '0.275', '0.225', 53, '2019-12-25 09:01:51', '2019-12-25 09:01:51'),
(915, 6, 9, '3.000', '5.500', '4.500', '0.165', '0.135', 53, '2019-12-25 09:14:20', '2019-12-25 09:14:20'),
(916, 5, 9, '15.000', '6.500', '5.000', '0.975', '0.750', 48, '2019-12-25 09:42:51', '2019-12-25 09:42:51'),
(917, 5, 9, '3.000', '7.000', '5.500', '0.210', '0.165', 51, '2019-12-25 17:48:25', '2019-12-25 17:48:25'),
(918, 6, 9, '2.000', '5.500', '4.500', '0.110', '0.090', 51, '2019-12-25 18:02:11', '2019-12-25 18:02:11'),
(919, 5, 9, '1.000', '7.000', '5.500', '0.070', '0.055', 51, '2019-12-25 19:12:12', '2019-12-25 19:12:12'),
(920, 5, 9, '1.000', '6.500', '5.000', '0.065', '0.050', 53, '2019-12-26 08:54:32', '2019-12-26 08:54:32'),
(921, 5, 9, '7.000', '6.500', '5.000', '0.000', '0.000', 48, '2019-12-26 10:43:38', '2019-12-26 10:43:38'),
(922, 6, 9, '5.000', '5.500', '4.500', '0.275', '0.225', 53, '2019-12-26 14:55:27', '2019-12-26 14:55:27'),
(923, 6, 9, '5.000', '5.500', '4.500', '0.275', '0.225', 53, '2019-12-26 14:58:00', '2019-12-26 14:58:00'),
(924, 6, 9, '5.000', '5.500', '4.500', '0.275', '0.225', 53, '2019-12-26 15:14:04', '2019-12-26 15:14:04'),
(925, 6, 9, '1.000', '5.500', '4.500', '0.055', '0.045', 53, '2019-12-26 19:29:13', '2019-12-26 19:29:13'),
(926, 5, 9, '7.000', '6.500', '5.000', '0.455', '0.350', 48, '2019-12-26 19:53:55', '2019-12-26 19:53:55'),
(927, 6, 9, '2.000', '5.500', '4.500', '0.110', '0.090', 51, '2019-12-27 07:11:49', '2019-12-27 07:11:49'),
(928, 5, 9, '7.000', '6.500', '5.000', '0.455', '0.350', 48, '2019-12-27 11:12:54', '2019-12-27 11:12:54'),
(929, 5, 9, '12.000', '6.500', '5.000', '0.780', '0.600', 48, '2019-12-27 12:33:51', '2019-12-27 12:33:51'),
(931, 5, 9, '10.000', '6.500', '5.000', '0.650', '0.500', 48, '2019-12-27 13:54:11', '2019-12-27 13:54:11'),
(932, 6, 9, '1.500', '5.500', '4.500', '0.083', '0.068', 53, '2019-12-27 14:36:06', '2019-12-27 14:36:06'),
(935, 5, 9, '15.000', '6.500', '5.000', '0.975', '0.750', 48, '2019-12-27 14:43:26', '2019-12-27 14:43:26'),
(936, 5, 9, '7.000', '6.000', '5.000', '0.420', '0.350', 53, '2019-12-27 19:20:28', '2019-12-27 19:20:28'),
(937, 6, 9, '2.000', '5.500', '4.000', '0.000', '0.000', 52, '2019-12-27 21:19:44', '2019-12-27 21:19:44'),
(938, 6, 9, '2.000', '5.500', '4.000', '0.000', '0.000', 52, '2019-12-27 21:20:13', '2019-12-27 21:20:13'),
(939, 5, 9, '1.000', '6.500', '5.000', '0.065', '0.050', 53, '2019-12-28 09:32:30', '2019-12-28 09:32:30'),
(940, 5, 9, '7.000', '6.500', '5.000', '0.455', '0.350', 48, '2019-12-28 11:30:30', '2019-12-28 11:30:30'),
(941, 6, 9, '1.000', '5.500', '4.500', '0.055', '0.045', 48, '2019-12-28 13:00:28', '2019-12-28 13:00:28'),
(942, 6, 9, '1.000', '5.500', '4.500', '0.055', '0.045', 53, '2019-12-28 14:07:05', '2019-12-28 14:07:05'),
(943, 5, 9, '1.000', '6.500', '5.000', '0.065', '0.050', 53, '2019-12-28 14:56:40', '2019-12-28 14:56:40'),
(944, 5, 9, '1.000', '6.500', '5.000', '0.065', '0.050', 53, '2019-12-28 16:27:05', '2019-12-28 16:27:05'),
(945, 5, 9, '2.000', '6.500', '5.000', '0.130', '0.100', 53, '2019-12-28 16:56:54', '2019-12-28 16:56:54'),
(946, 5, 9, '5.000', '7.000', '5.000', '0.350', '0.250', 48, '2019-12-28 17:07:01', '2019-12-28 17:07:01'),
(947, 6, 9, '1.000', '5.500', '4.500', '0.055', '0.045', 53, '2019-12-28 17:32:11', '2019-12-28 17:32:11'),
(948, 5, 9, '7.000', '6.500', '5.000', '0.455', '0.350', 48, '2019-12-28 19:39:40', '2019-12-28 19:39:40'),
(949, 5, 9, '10.000', '6.500', '5.000', '0.650', '0.500', 48, '2019-12-28 19:54:48', '2019-12-28 19:54:48'),
(950, 5, 9, '10.000', '6.500', '5.000', '0.650', '0.500', 48, '2019-12-28 19:55:40', '2019-12-28 19:55:40'),
(954, 5, 9, '1.000', '6.500', '5.000', '0.065', '0.050', 53, '2019-12-29 11:19:37', '2019-12-29 11:19:37'),
(955, 6, 9, '2.000', '5.500', '4.500', '0.110', '0.090', 53, '2019-12-29 16:08:25', '2019-12-29 16:08:25'),
(956, 5, 9, '1.000', '6.500', '5.000', '0.065', '0.050', 53, '2019-12-29 17:09:27', '2019-12-29 17:09:27'),
(957, 6, 9, '3.000', '5.500', '4.500', '0.165', '0.135', 51, '2019-12-29 18:44:08', '2019-12-29 18:44:08'),
(958, 6, 9, '1.000', '5.500', '4.500', '0.055', '0.045', 53, '2019-12-29 19:53:30', '2019-12-29 19:53:30'),
(959, 6, 9, '1.000', '5.500', '4.500', '0.055', '0.045', 53, '2019-12-29 19:53:49', '2019-12-29 19:53:49'),
(960, 6, 9, '5.000', '5.500', '4.500', '0.275', '0.225', 51, '2019-12-29 20:01:31', '2019-12-29 20:01:31'),
(961, 6, 9, '2.000', '5.500', '4.500', '0.110', '0.090', 51, '2019-12-30 09:52:28', '2019-12-30 09:52:28'),
(962, 6, 9, '2.000', '5.500', '4.500', '0.110', '0.090', 51, '2019-12-30 09:53:28', '2019-12-30 09:53:28'),
(963, 5, 9, '10.000', '6.500', '5.000', '0.650', '0.500', 48, '2019-12-30 10:48:54', '2019-12-30 10:48:54'),
(964, 5, 9, '7.000', '6.500', '5.000', '0.455', '0.350', 48, '2019-12-30 14:57:48', '2019-12-30 14:57:48'),
(965, 5, 9, '3.000', '6.500', '5.000', '0.195', '0.150', 53, '2019-12-30 18:30:26', '2019-12-30 18:30:26'),
(966, 5, 9, '5.000', '6.500', '5.000', '0.325', '0.250', 53, '2019-12-30 18:56:02', '2019-12-30 18:56:02'),
(967, 5, 9, '1.000', '7.000', '7.000', '0.070', '0.070', 55, '2019-12-30 22:08:43', '2019-12-30 22:08:43'),
(968, 6, 9, '1.000', '5.500', '4.500', '0.055', '0.045', 53, '2019-12-31 10:54:02', '2019-12-31 10:54:02'),
(969, 5, 9, '3.000', '7.000', '5.500', '0.210', '0.165', 51, '2019-12-31 12:34:32', '2019-12-31 12:34:32'),
(970, 5, 9, '7.000', '6.500', '5.000', '0.455', '0.350', 48, '2019-12-31 15:33:33', '2019-12-31 15:33:33'),
(975, 6, 9, '1.000', '5.500', '4.500', '0.055', '0.045', 51, '2019-12-31 18:38:35', '2019-12-31 18:38:35'),
(976, 5, 9, '10.000', '6.500', '5.000', '0.650', '0.500', 48, '2019-12-31 18:56:39', '2019-12-31 18:56:39'),
(977, 6, 9, '1.000', '5.500', '4.500', '0.055', '0.045', 53, '2019-12-31 19:07:18', '2019-12-31 19:07:18'),
(978, 5, 9, '1.000', '6.500', '5.000', '0.065', '0.050', 53, '2019-12-31 19:12:52', '2019-12-31 19:12:52'),
(979, 5, 9, '7.000', '6.500', '5.000', '0.455', '0.350', 48, '2019-12-31 19:25:01', '2019-12-31 19:25:01'),
(980, 6, 9, '1.000', '5.500', '4.500', '0.055', '0.045', 48, '2019-12-31 19:26:14', '2019-12-31 19:26:14'),
(981, 5, 9, '1.000', '6.500', '5.000', '0.065', '0.050', 53, '2019-12-31 19:28:42', '2019-12-31 19:28:42'),
(982, 5, 9, '3.000', '6.500', '5.000', '0.195', '0.150', 53, '2019-12-31 23:40:03', '2019-12-31 23:40:03'),
(983, 5, 9, '10.000', '6.500', '5.000', '0.650', '0.500', 48, '2020-01-01 10:34:03', '2020-01-01 10:34:03'),
(984, 5, 9, '7.000', '6.500', '5.000', '0.455', '0.350', 48, '2020-01-01 13:08:15', '2020-01-01 13:08:15'),
(985, 5, 9, '10.000', '6.000', '5.000', '0.600', '0.500', 53, '2020-01-01 13:55:51', '2020-01-01 13:55:51'),
(986, 5, 9, '1.000', '7.000', '5.500', '0.070', '0.055', 51, '2020-01-01 16:38:27', '2020-01-01 16:38:27'),
(987, 5, 9, '1.000', '7.000', '5.500', '0.070', '0.055', 51, '2020-01-01 16:43:51', '2020-01-01 16:43:51'),
(988, 5, 9, '7.000', '6.000', '5.000', '0.420', '0.350', 53, '2020-01-01 17:15:18', '2020-01-01 17:15:18'),
(989, 6, 9, '2.000', '5.500', '4.500', '0.110', '0.090', 51, '2020-01-01 17:57:06', '2020-01-01 17:57:06'),
(990, 6, 9, '1.000', '5.500', '4.500', '0.055', '0.045', 53, '2020-01-01 18:00:40', '2020-01-01 18:00:40'),
(992, 5, 9, '5.000', '7.000', '5.000', '0.000', '0.000', 48, '2020-01-01 18:08:24', '2020-01-01 18:08:24'),
(993, 5, 9, '5.000', '7.000', '5.000', '0.000', '0.000', 48, '2020-01-01 18:08:27', '2020-01-01 18:08:27'),
(994, 5, 9, '5.000', '7.000', '5.000', '0.000', '0.000', 48, '2020-01-01 18:08:29', '2020-01-01 18:08:29'),
(995, 5, 9, '1.000', '6.500', '5.000', '0.065', '0.050', 53, '2020-01-01 18:32:15', '2020-01-01 18:32:15'),
(996, 6, 9, '3.000', '5.500', '4.500', '0.000', '0.000', 53, '2020-01-01 19:00:46', '2020-01-01 19:00:46'),
(997, 5, 9, '2.000', '6.500', '5.000', '0.000', '0.000', 53, '2020-01-01 19:09:16', '2020-01-01 19:09:16'),
(998, 6, 9, '1.000', '5.500', '4.500', '0.055', '0.045', 53, '2020-01-01 19:47:03', '2020-01-01 19:47:03'),
(1002, 6, 9, '1.000', '5.500', '4.500', '0.055', '0.045', 51, '2020-01-02 13:47:03', '2020-01-02 13:47:03'),
(1003, 5, 9, '3.000', '7.000', '5.500', '0.210', '0.165', 51, '2020-01-02 20:51:09', '2020-01-02 20:51:09'),
(1004, 6, 9, '3.000', '5.500', '4.500', '0.000', '0.000', 53, '2020-01-03 14:35:37', '2020-01-03 14:35:37'),
(1005, 6, 9, '3.000', '5.500', '4.500', '0.165', '0.135', 51, '2020-01-03 16:25:10', '2020-01-03 16:25:10'),
(1006, 5, 9, '2.000', '6.500', '5.000', '0.000', '0.000', 53, '2020-01-04 13:28:01', '2020-01-04 13:28:01'),
(1007, 5, 9, '1.000', '7.000', '5.500', '0.070', '0.055', 51, '2020-01-04 19:32:27', '2020-01-04 19:32:27'),
(1008, 5, 9, '1.000', '6.500', '5.000', '0.065', '0.050', 52, '2020-01-05 09:43:32', '2020-01-05 09:43:32'),
(1009, 5, 9, '1.000', '6.500', '5.000', '0.000', '0.000', 53, '2020-01-05 17:45:48', '2020-01-05 17:45:48'),
(1010, 5, 9, '3.000', '11.000', '8.000', '0.330', '0.240', 51, '2020-01-05 18:19:25', '2020-01-05 18:19:25'),
(1011, 6, 9, '1.000', '5.500', '4.500', '0.055', '0.045', 51, '2020-01-06 07:05:49', '2020-01-06 07:05:49'),
(1012, 6, 9, '1.000', '5.500', '4.500', '0.055', '0.045', 53, '2020-01-06 11:36:21', '2020-01-06 11:36:21'),
(1013, 6, 9, '1.000', '5.500', '4.500', '0.055', '0.045', 53, '2020-01-06 12:16:02', '2020-01-06 12:16:02'),
(1014, 5, 9, '1.000', '6.500', '5.000', '0.000', '0.000', 53, '2020-01-06 17:01:25', '2020-01-06 17:01:25'),
(1015, 6, 9, '1.000', '5.500', '4.500', '0.000', '0.000', 53, '2020-01-06 17:02:29', '2020-01-06 17:02:29'),
(1016, 5, 9, '1.000', '6.500', '5.000', '0.000', '0.000', 53, '2020-01-06 18:45:12', '2020-01-06 18:45:12'),
(1017, 6, 9, '1.000', '5.500', '4.500', '0.055', '0.045', 51, '2020-01-06 20:13:16', '2020-01-06 20:13:16'),
(1018, 6, 9, '1.000', '5.500', '4.500', '0.055', '0.045', 51, '2020-01-07 08:08:56', '2020-01-07 08:08:56'),
(1019, 5, 9, '1.000', '7.000', '5.500', '0.070', '0.055', 51, '2020-01-07 18:24:04', '2020-01-07 18:24:04'),
(1020, 5, 9, '5.000', '6.500', '5.000', '0.325', '0.250', 53, '2020-01-07 18:30:32', '2020-01-07 18:30:32'),
(1021, 5, 9, '1.000', '6.500', '5.000', '0.065', '0.050', 53, '2020-01-07 18:59:06', '2020-01-07 18:59:06'),
(1022, 5, 9, '7.000', '6.000', '5.000', '0.420', '0.350', 53, '2020-01-07 19:07:54', '2020-01-07 19:07:54'),
(1023, 6, 9, '1.000', '5.500', '5.500', '0.055', '0.055', 55, '2020-01-08 13:08:35', '2020-01-08 13:08:35'),
(1024, 6, 9, '3.000', '5.500', '4.500', '0.165', '0.135', 48, '2020-01-08 17:56:08', '2020-01-08 17:56:08'),
(1025, 6, 9, '5.000', '5.500', '4.500', '0.275', '0.225', 51, '2020-01-08 19:00:42', '2020-01-08 19:00:42'),
(1026, 6, 9, '1.000', '5.500', '4.500', '0.055', '0.045', 51, '2020-01-09 06:10:12', '2020-01-09 06:10:12'),
(1027, 5, 9, '1.000', '6.500', '5.000', '0.065', '0.050', 53, '2020-01-09 18:00:57', '2020-01-09 18:00:57'),
(1028, 6, 9, '1.000', '5.500', '4.500', '0.055', '0.045', 51, '2020-01-10 05:48:08', '2020-01-10 05:48:08'),
(1029, 6, 9, '1.000', '5.500', '4.500', '0.055', '0.045', 51, '2020-01-10 11:46:28', '2020-01-10 11:46:28'),
(1030, 5, 9, '1.000', '6.500', '5.000', '0.065', '0.050', 53, '2020-01-10 15:57:44', '2020-01-10 15:57:44'),
(1031, 5, 9, '7.000', '6.000', '5.000', '0.420', '0.350', 53, '2020-01-10 17:27:20', '2020-01-10 17:27:20'),
(1032, 5, 9, '1.000', '7.000', '5.500', '0.070', '0.055', 51, '2020-01-10 18:33:24', '2020-01-10 18:33:24'),
(1033, 6, 9, '1.000', '5.500', '4.500', '0.055', '0.045', 53, '2020-01-10 20:39:34', '2020-01-10 20:39:34'),
(1034, 5, 9, '5.000', '6.500', '5.000', '0.325', '0.250', 53, '2020-01-11 07:23:52', '2020-01-11 07:23:52'),
(1035, 5, 9, '1.000', '7.000', '7.000', '0.070', '0.070', 55, '2020-01-11 09:31:22', '2020-01-11 09:31:22'),
(1036, 5, 9, '1.000', '7.000', '5.500', '0.070', '0.055', 51, '2020-01-11 17:51:02', '2020-01-11 17:51:02'),
(1037, 5, 9, '1.000', '6.500', '5.000', '0.065', '0.050', 53, '2020-01-11 17:58:26', '2020-01-11 17:58:26'),
(1038, 5, 9, '3.000', '6.500', '5.000', '0.195', '0.150', 53, '2020-01-11 18:09:02', '2020-01-11 18:09:02'),
(1039, 5, 9, '1.000', '7.000', '7.000', '0.000', '0.000', 55, '2020-01-11 21:37:27', '2020-01-11 21:37:27'),
(1040, 5, 9, '2.000', '7.000', '5.000', '0.000', '0.000', 48, '2020-01-12 14:34:09', '2020-01-12 14:34:09'),
(1041, 6, 9, '1.000', '5.500', '4.500', '0.055', '0.045', 51, '2020-01-12 15:07:36', '2020-01-12 15:07:36'),
(1042, 5, 9, '1.000', '6.500', '5.000', '0.065', '0.050', 53, '2020-01-12 17:16:23', '2020-01-12 17:16:23'),
(1043, 6, 9, '2.000', '5.500', '4.500', '0.110', '0.090', 53, '2020-01-12 18:37:19', '2020-01-12 18:37:19'),
(1044, 5, 9, '1.000', '6.500', '5.000', '0.065', '0.050', 53, '2020-01-12 19:03:45', '2020-01-12 19:03:45'),
(1045, 6, 9, '2.000', '5.500', '4.500', '0.110', '0.090', 53, '2020-01-12 19:21:27', '2020-01-12 19:21:27'),
(1046, 5, 9, '2.000', '6.500', '5.000', '0.130', '0.100', 53, '2020-01-12 19:27:38', '2020-01-12 19:27:38'),
(1047, 5, 9, '1.000', '6.500', '5.000', '0.065', '0.050', 53, '2020-01-12 19:35:53', '2020-01-12 19:35:53'),
(1048, 6, 9, '2.000', '5.500', '4.500', '0.110', '0.090', 53, '2020-01-13 17:50:20', '2020-01-13 17:50:20'),
(1049, 6, 9, '1.000', '5.500', '4.500', '0.000', '0.000', 53, '2020-01-14 09:52:04', '2020-01-14 09:52:04'),
(1050, 5, 9, '1.000', '6.500', '5.000', '0.065', '0.050', 53, '2020-01-14 16:40:05', '2020-01-14 16:40:05'),
(1051, 6, 9, '1.000', '5.500', '4.500', '0.055', '0.045', 51, '2020-01-14 17:53:34', '2020-01-14 17:53:34'),
(1052, 5, 9, '7.000', '6.000', '5.000', '0.420', '0.350', 53, '2020-01-14 19:07:46', '2020-01-14 19:07:46');
INSERT INTO `pagos` (`id`, `proveedor_id`, `segmento_id`, `valor`, `com_in`, `com_out`, `utilidad_in`, `utilidad_out`, `usuario_id`, `created_at`, `updated_at`) VALUES
(1053, 5, 9, '7.000', '6.500', '5.000', '0.455', '0.350', 48, '2020-01-14 19:29:09', '2020-01-14 19:29:09'),
(1054, 5, 9, '7.000', '6.500', '5.000', '0.455', '0.350', 48, '2020-01-14 19:31:07', '2020-01-14 19:31:07'),
(1055, 6, 9, '1.000', '5.500', '4.500', '0.055', '0.045', 53, '2020-01-14 19:41:46', '2020-01-14 19:41:46'),
(1056, 6, 9, '1.000', '5.500', '4.500', '0.055', '0.045', 51, '2020-01-14 20:18:23', '2020-01-14 20:18:23'),
(1057, 6, 9, '5.000', '5.500', '4.500', '0.275', '0.225', 51, '2020-01-15 13:40:59', '2020-01-15 13:40:59'),
(1058, 5, 9, '1.000', '7.000', '7.000', '0.070', '0.070', 55, '2020-01-15 15:20:42', '2020-01-15 15:20:42'),
(1059, 6, 9, '1.000', '5.500', '4.500', '0.055', '0.045', 53, '2020-01-15 17:48:51', '2020-01-15 17:48:51'),
(1060, 5, 9, '10.000', '6.500', '5.000', '0.650', '0.500', 48, '2020-01-15 19:59:43', '2020-01-15 19:59:43'),
(1061, 5, 9, '20.000', '6.500', '5.000', '1.300', '1.000', 48, '2020-01-16 13:17:03', '2020-01-16 13:17:03'),
(1062, 6, 9, '2.000', '5.500', '4.500', '0.110', '0.090', 53, '2020-01-16 14:51:43', '2020-01-16 14:51:43'),
(1063, 5, 9, '12.000', '6.000', '5.000', '0.720', '0.600', 53, '2020-01-16 16:51:36', '2020-01-16 16:51:36'),
(1064, 5, 9, '1.000', '6.500', '5.000', '0.000', '0.000', 53, '2020-01-16 16:54:31', '2020-01-16 16:54:31'),
(1065, 5, 9, '1.000', '7.000', '5.500', '0.070', '0.055', 51, '2020-01-16 18:17:42', '2020-01-16 18:17:42'),
(1066, 5, 9, '7.000', '6.500', '5.000', '0.455', '0.350', 48, '2020-01-16 18:36:37', '2020-01-16 18:36:37'),
(1067, 5, 9, '7.000', '6.000', '5.000', '0.420', '0.350', 53, '2020-01-16 18:52:05', '2020-01-16 18:52:05'),
(1068, 5, 9, '7.000', '6.500', '5.000', '0.455', '0.350', 48, '2020-01-16 20:17:24', '2020-01-16 20:17:24'),
(1069, 5, 9, '1.000', '7.000', '5.500', '0.070', '0.055', 51, '2020-01-16 21:02:37', '2020-01-16 21:02:37'),
(1070, 6, 9, '2.000', '5.500', '4.500', '0.110', '0.090', 53, '2020-01-17 12:19:36', '2020-01-17 12:19:36'),
(1071, 5, 9, '1.000', '7.000', '5.500', '0.070', '0.055', 51, '2020-01-17 12:34:39', '2020-01-17 12:34:39'),
(1072, 5, 9, '12.000', '6.500', '5.000', '0.780', '0.600', 48, '2020-01-17 14:59:19', '2020-01-17 14:59:19'),
(1075, 5, 9, '10.000', '6.500', '5.000', '0.650', '0.500', 48, '2020-01-17 15:47:45', '2020-01-17 15:47:45'),
(1076, 6, 9, '1.000', '5.500', '4.500', '0.055', '0.045', 53, '2020-01-17 19:24:35', '2020-01-17 19:24:35'),
(1077, 6, 9, '1.000', '5.500', '4.500', '0.055', '0.045', 53, '2020-01-18 10:57:07', '2020-01-18 10:57:07'),
(1078, 5, 9, '1.000', '6.500', '5.000', '0.065', '0.050', 53, '2020-01-18 13:31:46', '2020-01-18 13:31:46'),
(1079, 5, 9, '10.000', '6.500', '5.000', '0.650', '0.500', 48, '2020-01-18 18:07:47', '2020-01-18 18:07:47'),
(1080, 6, 9, '1.000', '5.500', '4.500', '0.055', '0.045', 53, '2020-01-18 18:34:03', '2020-01-18 18:34:03'),
(1081, 5, 9, '10.000', '6.000', '5.000', '0.600', '0.500', 53, '2020-01-18 19:40:49', '2020-01-18 19:40:49'),
(1082, 6, 9, '3.000', '5.500', '4.500', '0.165', '0.135', 51, '2020-01-19 12:22:46', '2020-01-19 12:22:46'),
(1083, 5, 9, '1.000', '7.000', '7.000', '0.070', '0.070', 55, '2020-01-19 15:16:45', '2020-01-19 15:16:45'),
(1084, 5, 9, '1.000', '6.500', '5.000', '0.065', '0.050', 53, '2020-01-19 15:37:20', '2020-01-19 15:37:20'),
(1088, 5, 9, '2.000', '6.500', '5.000', '0.130', '0.100', 53, '2020-01-19 19:25:57', '2020-01-19 19:25:57'),
(1094, 6, 9, '5.000', '5.500', '4.500', '0.275', '0.225', 51, '2020-01-19 20:41:20', '2020-01-19 20:41:20'),
(1095, 5, 9, '7.000', '6.500', '5.000', '0.455', '0.350', 48, '2020-01-20 17:55:31', '2020-01-20 17:55:31'),
(1096, 5, 9, '12.000', '6.500', '5.000', '0.780', '0.600', 48, '2020-01-20 18:53:07', '2020-01-20 18:53:07'),
(1097, 5, 9, '20.000', '6.500', '5.000', '1.300', '1.000', 48, '2020-01-20 18:56:47', '2020-01-20 18:56:47'),
(1098, 5, 9, '7.000', '6.500', '5.000', '0.455', '0.350', 48, '2020-01-20 19:03:15', '2020-01-20 19:03:15'),
(1099, 5, 9, '7.000', '6.500', '5.000', '0.455', '0.350', 48, '2020-01-20 19:25:24', '2020-01-20 19:25:24'),
(1100, 6, 9, '1.000', '5.500', '4.500', '0.055', '0.045', 53, '2020-01-20 19:42:05', '2020-01-20 19:42:05'),
(1101, 6, 9, '1.000', '5.500', '4.500', '0.055', '0.045', 51, '2020-01-20 21:16:23', '2020-01-20 21:16:23'),
(1102, 6, 9, '5.000', '5.500', '4.500', '0.275', '0.225', 51, '2020-01-21 08:03:05', '2020-01-21 08:03:05'),
(1103, 5, 9, '3.000', '11.000', '8.000', '0.330', '0.240', 51, '2020-01-21 08:04:01', '2020-01-21 08:04:01'),
(1104, 5, 9, '1.000', '6.500', '5.000', '0.000', '0.000', 53, '2020-01-21 13:06:31', '2020-01-21 13:06:31'),
(1105, 5, 9, '10.000', '6.500', '5.000', '0.650', '0.500', 48, '2020-01-21 14:57:22', '2020-01-21 14:57:22'),
(1108, 5, 9, '10.000', '6.500', '5.000', '0.650', '0.500', 48, '2020-01-21 18:10:45', '2020-01-21 18:10:45'),
(1111, 6, 9, '1.000', '5.500', '4.500', '0.055', '0.045', 53, '2020-01-21 19:30:04', '2020-01-21 19:30:04'),
(1112, 6, 9, '1.000', '5.500', '4.500', '0.055', '0.045', 53, '2020-01-21 20:08:28', '2020-01-21 20:08:28'),
(1115, 5, 9, '1.000', '7.000', '5.000', '0.070', '0.050', 48, '2020-01-21 20:12:14', '2020-01-21 20:12:14'),
(1118, 5, 9, '1.000', '7.000', '5.500', '0.070', '0.055', 51, '2020-01-22 08:12:17', '2020-01-22 08:12:17'),
(1119, 6, 9, '1.000', '5.500', '4.500', '0.055', '0.045', 53, '2020-01-22 09:48:01', '2020-01-22 09:48:01'),
(1120, 5, 9, '1.000', '6.500', '5.000', '0.000', '0.000', 53, '2020-01-22 10:24:18', '2020-01-22 10:24:18'),
(1121, 6, 9, '1.000', '5.500', '4.500', '0.055', '0.045', 53, '2020-01-22 16:31:45', '2020-01-22 16:31:45'),
(1122, 5, 9, '1.000', '10.000', '7.000', '0.100', '0.070', 53, '2020-01-22 18:32:32', '2020-01-22 18:32:32'),
(1123, 6, 9, '1.000', '5.500', '4.500', '0.055', '0.045', 51, '2020-01-23 07:15:43', '2020-01-23 07:15:43'),
(1124, 6, 9, '1.000', '5.500', '4.500', '0.000', '0.000', 53, '2020-01-23 18:02:39', '2020-01-23 18:02:39'),
(1125, 6, 9, '0.500', '5.500', '4.500', '0.028', '0.023', 53, '2020-01-23 18:55:15', '2020-01-23 18:55:15'),
(1126, 5, 9, '1.000', '7.000', '5.500', '0.070', '0.055', 51, '2020-01-23 19:42:04', '2020-01-23 19:42:04'),
(1127, 6, 9, '2.000', '5.500', '4.500', '0.110', '0.090', 51, '2020-01-23 19:49:57', '2020-01-23 19:49:57'),
(1128, 6, 9, '1.000', '5.500', '4.500', '0.055', '0.045', 51, '2020-01-24 08:34:36', '2020-01-24 08:34:36'),
(1129, 6, 9, '5.000', '5.500', '4.500', '0.275', '0.225', 51, '2020-01-24 21:24:25', '2020-01-24 21:24:25'),
(1130, 5, 9, '1.000', '7.000', '7.000', '0.000', '0.000', 55, '2020-01-25 15:09:47', '2020-01-25 15:09:47'),
(1131, 5, 9, '10.000', '6.500', '5.000', '0.650', '0.500', 48, '2020-01-25 15:43:15', '2020-01-25 15:43:15'),
(1132, 6, 9, '5.000', '5.500', '4.500', '0.275', '0.225', 51, '2020-01-25 19:14:07', '2020-01-25 19:14:07'),
(1133, 6, 9, '1.000', '5.500', '4.500', '0.055', '0.045', 51, '2020-01-25 19:37:21', '2020-01-25 19:37:21'),
(1134, 5, 9, '1.000', '7.000', '5.500', '0.070', '0.055', 51, '2020-01-25 19:37:54', '2020-01-25 19:37:54'),
(1135, 5, 9, '10.000', '6.500', '5.000', '0.650', '0.500', 48, '2020-01-25 20:01:09', '2020-01-25 20:01:09'),
(1136, 6, 9, '3.000', '5.500', '4.500', '0.165', '0.135', 51, '2020-01-26 18:54:40', '2020-01-26 18:54:40'),
(1137, 5, 9, '1.000', '7.000', '5.500', '0.070', '0.055', 51, '2020-01-26 18:57:09', '2020-01-26 18:57:09'),
(1138, 6, 9, '5.000', '5.500', '4.500', '0.275', '0.225', 51, '2020-01-26 19:24:10', '2020-01-26 19:24:10'),
(1139, 5, 9, '1.000', '11.000', '8.000', '0.110', '0.080', 51, '2020-01-26 20:45:12', '2020-01-26 20:45:12'),
(1140, 6, 9, '4.000', '5.500', '4.500', '0.220', '0.180', 51, '2020-01-26 20:49:30', '2020-01-26 20:49:30'),
(1141, 5, 9, '2.000', '11.000', '8.000', '0.220', '0.160', 51, '2020-01-27 07:39:13', '2020-01-27 07:39:13'),
(1142, 6, 9, '1.000', '5.500', '4.500', '0.055', '0.045', 51, '2020-01-27 07:49:41', '2020-01-27 07:49:41'),
(1143, 5, 9, '7.000', '6.500', '5.000', '0.455', '0.350', 48, '2020-01-27 14:43:44', '2020-01-27 14:43:44'),
(1144, 5, 9, '3.000', '7.000', '5.500', '0.210', '0.165', 51, '2020-01-27 18:16:23', '2020-01-27 18:16:23'),
(1145, 6, 9, '3.000', '5.500', '5.500', '0.000', '0.000', 55, '2020-01-27 18:31:57', '2020-01-27 18:31:57'),
(1146, 5, 9, '7.000', '6.500', '5.000', '0.455', '0.350', 48, '2020-01-28 15:13:31', '2020-01-28 15:13:31'),
(1148, 5, 9, '15.000', '6.500', '5.000', '0.975', '0.750', 48, '2020-01-28 15:49:15', '2020-01-28 15:49:15'),
(1149, 5, 9, '15.000', '6.500', '5.000', '0.975', '0.750', 48, '2020-01-28 15:49:41', '2020-01-28 15:49:41'),
(1150, 5, 9, '10.000', '6.500', '5.000', '0.650', '0.500', 48, '2020-01-28 17:55:14', '2020-01-28 17:55:14'),
(1151, 5, 9, '7.000', '6.500', '5.000', '0.455', '0.350', 48, '2020-01-28 18:18:28', '2020-01-28 18:18:28'),
(1152, 5, 9, '10.000', '6.500', '5.000', '0.650', '0.500', 48, '2020-01-28 19:04:43', '2020-01-28 19:04:43'),
(1153, 5, 9, '1.000', '7.000', '5.500', '0.070', '0.055', 51, '2020-01-28 19:50:00', '2020-01-28 19:50:00'),
(1154, 6, 9, '3.000', '5.500', '4.500', '0.165', '0.135', 48, '2020-01-29 12:47:34', '2020-01-29 12:47:34'),
(1155, 6, 9, '1.000', '5.500', '4.500', '0.055', '0.045', 51, '2020-01-29 18:19:46', '2020-01-29 18:19:46'),
(1156, 6, 9, '1.000', '5.500', '4.500', '0.055', '0.045', 51, '2020-01-29 18:48:40', '2020-01-29 18:48:40'),
(1157, 5, 9, '1.000', '7.000', '5.500', '0.070', '0.055', 51, '2020-01-29 18:57:46', '2020-01-29 18:57:46'),
(1158, 5, 9, '20.000', '6.500', '5.000', '1.300', '1.000', 48, '2020-01-29 20:01:52', '2020-01-29 20:01:52'),
(1159, 5, 9, '3.000', '7.000', '5.000', '0.210', '0.150', 48, '2020-01-29 20:02:49', '2020-01-29 20:02:49'),
(1160, 5, 9, '1.000', '7.000', '7.000', '0.000', '0.000', 55, '2020-01-29 22:17:55', '2020-01-29 22:17:55'),
(1161, 6, 9, '3.000', '5.500', '4.500', '0.165', '0.135', 51, '2020-01-30 15:17:20', '2020-01-30 15:17:20'),
(1162, 5, 9, '12.000', '6.500', '5.000', '0.780', '0.600', 48, '2020-01-30 17:39:32', '2020-01-30 17:39:32'),
(1163, 5, 9, '10.000', '6.500', '5.000', '0.650', '0.500', 48, '2020-01-30 17:40:01', '2020-01-30 17:40:01'),
(1164, 5, 9, '1.000', '7.000', '5.000', '0.070', '0.050', 48, '2020-01-30 17:40:41', '2020-01-30 17:40:41'),
(1165, 5, 9, '10.000', '6.500', '5.000', '0.650', '0.500', 48, '2020-01-30 18:39:24', '2020-01-30 18:39:24'),
(1166, 5, 9, '10.000', '6.500', '5.000', '0.650', '0.500', 48, '2020-01-30 19:11:44', '2020-01-30 19:11:44'),
(1167, 6, 9, '5.000', '5.500', '4.500', '0.275', '0.225', 51, '2020-01-30 19:44:56', '2020-01-30 19:44:56'),
(1168, 5, 9, '5.000', '7.000', '5.500', '0.350', '0.275', 51, '2020-01-31 06:39:52', '2020-01-31 06:39:52'),
(1169, 5, 9, '1.000', '7.000', '7.000', '0.000', '0.000', 55, '2020-01-31 07:57:00', '2020-01-31 07:57:00'),
(1170, 5, 9, '1.000', '7.000', '5.000', '0.070', '0.050', 48, '2020-01-31 13:30:20', '2020-01-31 13:30:20'),
(1171, 5, 9, '1.000', '7.000', '5.000', '0.070', '0.050', 48, '2020-01-31 14:13:25', '2020-01-31 14:13:25'),
(1172, 6, 9, '5.000', '5.500', '4.500', '0.275', '0.225', 51, '2020-01-31 18:11:41', '2020-01-31 18:11:41'),
(1173, 6, 9, '1.000', '5.500', '5.500', '0.000', '0.000', 55, '2020-01-31 19:10:33', '2020-01-31 19:10:33'),
(1174, 5, 9, '1.000', '11.000', '8.000', '0.110', '0.080', 51, '2020-02-01 16:03:21', '2020-02-01 16:03:21'),
(1175, 6, 9, '3.000', '5.500', '4.500', '0.165', '0.135', 51, '2020-02-01 17:43:06', '2020-02-01 17:43:06'),
(1178, 6, 9, '2.000', '5.500', '4.500', '0.110', '0.090', 51, '2020-02-02 10:26:32', '2020-02-02 10:26:32'),
(1179, 5, 9, '1.000', '7.000', '5.500', '0.070', '0.055', 51, '2020-02-02 17:34:32', '2020-02-02 17:34:32'),
(1181, 5, 9, '1.000', '7.000', '5.500', '0.070', '0.055', 51, '2020-02-02 19:10:50', '2020-02-02 19:10:50'),
(1182, 6, 9, '2.000', '5.500', '4.500', '0.110', '0.090', 51, '2020-02-02 20:18:34', '2020-02-02 20:18:34'),
(1183, 5, 9, '2.000', '7.000', '5.500', '0.140', '0.110', 51, '2020-02-02 20:19:42', '2020-02-02 20:19:42'),
(1184, 5, 9, '1.000', '7.000', '5.500', '0.070', '0.055', 51, '2020-02-02 20:20:46', '2020-02-02 20:20:46'),
(1185, 6, 9, '5.000', '5.500', '4.500', '0.275', '0.225', 51, '2020-02-02 20:45:24', '2020-02-02 20:45:24'),
(1189, 6, 9, '5.000', '5.500', '4.500', '0.275', '0.225', 51, '2020-02-03 16:21:07', '2020-02-03 16:21:07'),
(1193, 5, 9, '12.000', '6.500', '5.000', '0.780', '0.600', 48, '2020-02-03 17:52:25', '2020-02-03 17:52:25'),
(1196, 5, 9, '7.000', '6.500', '5.000', '0.455', '0.350', 48, '2020-02-03 19:36:54', '2020-02-03 19:36:54'),
(1197, 5, 9, '7.000', '6.500', '5.000', '0.455', '0.350', 48, '2020-02-03 19:44:31', '2020-02-03 19:44:31'),
(1199, 6, 9, '1.000', '5.500', '4.500', '0.055', '0.045', 51, '2020-02-04 08:21:09', '2020-02-04 08:21:09'),
(1201, 5, 9, '15.000', '6.500', '5.000', '0.975', '0.750', 48, '2020-02-04 09:00:36', '2020-02-04 09:00:36'),
(1204, 7, 20, '250.000', '2.400', '35.000', '3.900', '2.100', 42, '2020-02-07 17:24:40', '2020-02-07 17:24:40'),
(1205, 7, 20, '900.000', '1.167', '35.000', '6.825', '3.675', 42, '2020-02-07 17:32:40', '2020-02-07 17:32:40'),
(1206, 7, 20, '900.000', '1.167', '35.000', '6.825', '3.675', 42, '2020-02-13 18:04:41', '2020-02-13 18:04:41');

-- --------------------------------------------------------

--
-- Estructura de tabla para la tabla `pagos_giros`
--

CREATE TABLE `pagos_giros` (
  `id` int(10) UNSIGNED NOT NULL,
  `proveedor_id` int(5) UNSIGNED DEFAULT NULL,
  `costo` decimal(10,0) UNSIGNED NOT NULL,
  `precio` decimal(10,0) UNSIGNED NOT NULL,
  `usuario_id` int(10) UNSIGNED NOT NULL,
  `created_at` timestamp NOT NULL DEFAULT '0000-00-00 00:00:00',
  `updated_at` timestamp NOT NULL DEFAULT '0000-00-00 00:00:00'
) ENGINE=InnoDB DEFAULT CHARSET=utf8mb4;

-- --------------------------------------------------------

--
-- Estructura de tabla para la tabla `pagos_recargas`
--

CREATE TABLE `pagos_recargas` (
  `id` int(10) UNSIGNED NOT NULL,
  `pagos_id` int(10) UNSIGNED DEFAULT NULL,
  `servicio_id` int(5) UNSIGNED DEFAULT NULL COMMENT 'id en la tabla emp_servicios',
  `paquete` varchar(250) DEFAULT NULL,
  `proveedor_servicio_id` varchar(100) DEFAULT NULL,
  `operadora_servicio_id` varchar(100) DEFAULT NULL,
  `telefono` varchar(20) NOT NULL,
  `created_at` timestamp NOT NULL DEFAULT '0000-00-00 00:00:00',
  `updated_at` timestamp NOT NULL DEFAULT '0000-00-00 00:00:00'
) ENGINE=InnoDB DEFAULT CHARSET=utf8mb4;

--
-- Volcado de datos para la tabla `pagos_recargas`
--

INSERT INTO `pagos_recargas` (`id`, `pagos_id`, `servicio_id`, `paquete`, `proveedor_servicio_id`, `operadora_servicio_id`, `telefono`, `created_at`, `updated_at`) VALUES
(14, 14, 122, '', '26528732', '3280551327', '0997717073', '2019-10-31 13:17:13', '2019-10-31 13:17:15'),
(24, 24, 123, '', '35240252', '2240073600', '0984008290', '2019-11-03 00:43:40', '2019-11-03 00:43:59'),
(25, 25, 119, '', '26633135', '86374841', '0996676020', '2019-11-03 01:08:27', '2019-11-03 01:08:29'),
(26, 26, 124, '', '35261611', '2241423950', '0963122430', '2019-11-04 11:39:23', '2019-11-04 11:39:26'),
(27, 27, 122, '117', '26714632', '3282563092', '0967883777', '2019-11-05 11:27:40', '2019-11-05 11:27:43'),
(28, 28, 123, '', '35286752', '2243361990', '0999094428', '2019-11-05 12:07:50', '2019-11-05 12:07:52'),
(29, 29, 122, '', '26718554', '3282603488', '0969321028', '2019-11-05 12:38:29', '2019-11-05 12:38:31'),
(30, 30, 119, '', '26726173', '86487161', '0961794021', '2019-11-05 15:17:30', '2019-11-05 15:17:31'),
(31, 31, 122, '', '26730540', '3282731425', '0990126337', '2019-11-05 16:57:16', '2019-11-05 16:57:19'),
(32, 32, 122, '', '26732295', '3282750515', '0979668410', '2019-11-05 17:33:08', '2019-11-05 17:33:11'),
(34, 34, 123, '', '35304050', '2244895470', '0995046933', '2019-11-05 20:28:27', '2019-11-05 20:28:29'),
(35, 35, 122, '119', '26746909', '3282897962', '0986231869', '2019-11-06 07:48:29', '2019-11-06 07:48:32'),
(38, 38, 122, '', '26748967', '3282919046', '0939025724', '2019-11-06 08:37:02', '2019-11-06 08:37:03'),
(39, 39, 122, '', '26758554', '3283015633', '0989830845', '2019-11-06 11:34:11', '2019-11-06 11:34:13'),
(40, 40, 122, '119', '26758828', '3283018320', '0980969956', '2019-11-06 11:39:26', '2019-11-06 11:39:29'),
(41, 41, 124, '', '35318400', '2246047500', '0978817884', '2019-11-06 13:13:35', '2019-11-06 13:13:38'),
(42, 42, 122, '117', '26765177', '3283080040', '0997717073', '2019-11-06 13:42:10', '2019-11-06 13:42:13'),
(43, 43, 122, '119', '26769862', '3283123710', '0991225336', '2019-11-06 15:19:41', '2019-11-06 15:19:44'),
(44, 44, 122, '124', '26773073', '3283155202', '0986742299', '2019-11-06 16:29:16', '2019-11-06 16:29:18'),
(45, 45, 122, '', '26773763', '3283161614', '0994499945', '2019-11-06 16:43:12', '2019-11-06 16:43:14'),
(46, 46, 124, '', '35325159', '2246616540', '0987751336', '2019-11-06 16:47:57', '2019-11-06 16:47:59'),
(47, 47, 122, '', '26789688', '3283316204', '0990388628', '2019-11-07 06:49:55', '2019-11-07 06:49:57'),
(48, 48, 122, '', '26790184', '3283322317', '0981987195', '2019-11-07 07:11:51', '2019-11-07 07:11:53'),
(49, 49, 123, '', '35336828', '2247457110', '0983737536', '2019-11-07 08:25:34', '2019-11-07 08:25:36'),
(50, 50, 122, '117', '26792929', '3283354370', '0991182092', '2019-11-07 08:33:40', '2019-11-07 08:33:43'),
(51, 51, 124, '', '35338537', '2247584850', '0962585133', '2019-11-07 09:18:44', '2019-11-07 09:18:48'),
(52, 52, 122, '', '26797326', '3283404056', '0989935267', '2019-11-07 10:07:06', '2019-11-07 10:07:08'),
(53, 53, 119, '', '26803042', '86582644', '0961674981', '2019-11-07 12:03:36', '2019-11-07 12:03:38'),
(54, 54, 124, '', '35346087', '2248234150', '0962718818', '2019-11-07 12:49:24', '2019-11-07 12:49:28'),
(55, 55, 122, '117', '26809601', '3283535460', '0988655130', '2019-11-07 14:28:21', '2019-11-07 14:28:23'),
(56, 56, 124, '', '35351205', '2248649770', '0978822113', '2019-11-07 15:31:57', '2019-11-07 15:32:00'),
(57, 57, 122, '119', '26815451', '3283599034', '0993900930', '2019-11-07 16:48:18', '2019-11-07 16:48:19'),
(58, 58, 123, '', '35355270', '2249012000', '0984713272', '2019-11-07 17:39:00', '2019-11-07 17:39:02'),
(60, 60, 124, '', '35355866', '2249065400', '0963122430', '2019-11-07 17:55:15', '2019-11-07 17:55:18'),
(61, 61, 122, '124', '26818810', '3283635504', '0990511479', '2019-11-07 18:00:38', '2019-11-07 18:00:46'),
(62, 62, 122, '117', '26832552', '3283741992', '0967905241', '2019-11-08 06:06:27', '2019-11-08 06:06:30'),
(63, 63, 122, '117', '26832557', '3283742067', '0991797955', '2019-11-08 06:07:50', '2019-11-08 06:07:52'),
(64, 64, 122, '119', '26834722', '3283764293', '0959679830', '2019-11-08 07:42:15', '2019-11-08 07:42:17'),
(65, 65, 122, '', '26841679', '3283829455', '0986962538', '2019-11-08 09:55:52', '2019-11-08 09:55:54'),
(66, 66, 122, '', '26847691', '3283885625', '0988883580', '2019-11-08 11:39:25', '2019-11-08 11:39:27'),
(67, 67, 122, '', '26848193', '3283890414', '0995864862', '2019-11-08 11:48:48', '2019-11-08 11:48:49'),
(68, 68, 123, '', '35374531', '2250522020', '0987416682', '2019-11-08 12:55:40', '2019-11-08 12:55:43'),
(69, 69, 122, '117', '26852220', '3283927330', '0990948655', '2019-11-08 12:58:42', '2019-11-08 12:58:45'),
(70, 70, 122, '117', '26852798', '3283932611', '0997314530', '2019-11-08 13:08:50', '2019-11-08 13:08:52'),
(71, 71, 122, '', '26854891', '3283952246', '0939116971', '2019-11-08 13:47:53', '2019-11-08 13:47:55'),
(72, 72, 124, '', '35378551', '2250814240', '0963136331', '2019-11-08 14:57:45', '2019-11-08 14:57:48'),
(73, 73, 123, '', '35379056', '2250850560', '0995553082', '2019-11-08 15:12:40', '2019-11-08 15:12:41'),
(74, 74, 122, '124', '26864289', '3284038488', '0968271955', '2019-11-08 16:45:21', '2019-11-08 16:45:23'),
(75, 75, 122, '', '26884266', '3284215658', '0969350795', '2019-11-09 07:11:00', '2019-11-09 07:11:02'),
(76, 76, 122, '', '26885078', '3284223241', '0967918062', '2019-11-09 07:41:07', '2019-11-09 07:41:09'),
(77, 77, 122, '', '26886504', '3284236225', '0993772434', '2019-11-09 08:18:19', '2019-11-09 08:18:21'),
(78, 78, 122, '117', '26888146', '3284250657', '0991995594', '2019-11-09 08:50:39', '2019-11-09 08:50:42'),
(79, 79, 122, '119', '26892908', '3284292065', '0980275082', '2019-11-09 10:07:20', '2019-11-09 10:07:22'),
(80, 80, 122, '117', '26897769', '3284333225', '0959158165', '2019-11-09 11:20:18', '2019-11-09 11:20:21'),
(83, 83, 123, '', '35407834', '2252725120', '0998223026', '2019-11-09 14:54:28', '2019-11-09 14:54:30'),
(84, 84, 122, '119', '26918114', '3284482540', '0939327556', '2019-11-09 16:35:42', '2019-11-09 16:35:45'),
(85, 85, 122, '119', '26919781', '3284496107', '0991225336', '2019-11-09 17:04:46', '2019-11-09 17:04:49'),
(86, 86, 122, '119', '26979672', '3285039711', '0994512019', '2019-11-11 08:55:29', '2019-11-11 08:55:32'),
(87, 87, 119, '', '26981183', '86769633', '0986146033', '2019-11-11 09:18:57', '2019-11-11 09:18:59'),
(88, 88, 123, '', '35448804', '2255421210', '0984358237', '2019-11-11 12:16:45', '2019-11-11 12:16:48'),
(89, 89, 122, '117', '26993891', '3285174456', '0990948655', '2019-11-11 12:37:26', '2019-11-11 12:37:30'),
(90, 90, 124, '', '35452757', '2255738840', '0978895838', '2019-11-11 14:08:57', '2019-11-11 14:09:00'),
(91, 91, 122, '', '27000190', '3285232216', '0990392211', '2019-11-11 14:28:55', '2019-11-11 14:28:57'),
(92, 92, 122, '117', '27006336', '3285286866', '0959549108', '2019-11-11 16:23:01', '2019-11-11 16:23:04'),
(93, 93, 119, '', '27007212', '86801254', '0960945356', '2019-11-11 16:39:43', '2019-11-11 16:39:45'),
(94, 94, 122, '119', '27009169', '3285313247', '0959679830', '2019-11-11 17:15:47', '2019-11-11 17:15:50'),
(95, 95, 123, '', '35462542', '2256538220', '0984760406', '2019-11-11 18:40:16', '2019-11-11 18:40:18'),
(96, 96, 123, '', '35463489', '2256611470', '0999256129', '2019-11-11 19:06:25', '2019-11-11 19:06:27'),
(97, 97, 122, '117', '27019063', '3285398470', '0990799574', '2019-11-11 19:51:54', '2019-11-11 19:51:57'),
(102, 102, 122, '117', '27025601', '3285456410', '0997717073', '2019-11-12 07:24:19', '2019-11-12 07:24:22'),
(104, 104, 123, '', '35468548', '2256925730', '0984533139', '2019-11-12 07:32:52', '2019-11-12 07:32:54'),
(106, 106, 122, '', '27027013', '3285469591', '0985683273', '2019-11-12 08:01:38', '2019-11-12 08:01:40'),
(107, 107, 122, '', '27028030', '3285479035', '0989179979', '2019-11-12 08:24:04', '2019-11-12 08:24:06'),
(108, 108, 122, '124', '27028140', '3285480014', '0984085133', '2019-11-12 08:26:15', '2019-11-12 08:26:17'),
(111, 111, 123, '', '35469911', '2257017940', '0999299195', '2019-11-12 08:34:25', '2019-11-12 08:34:28'),
(113, 113, 122, '119', '27029215', '3285489964', '0988417983', '2019-11-12 08:47:42', '2019-11-12 08:47:44'),
(118, 118, 122, '', '27034095', '3285535187', '0991030375', '2019-11-12 10:12:44', '2019-11-12 10:12:46'),
(119, 119, 124, '', '35473519', '2257289170', '0962746351', '2019-11-12 10:19:56', '2019-11-12 10:20:00'),
(120, 120, 122, '', '27035483', '3285548184', '0983661710', '2019-11-12 10:37:05', '2019-11-12 10:37:07'),
(121, 121, 123, '', '35475592', '2257461030', '0995444961', '2019-11-12 11:18:39', '2019-11-12 11:18:49'),
(122, 122, 123, '', '35476254', '2257516350', '0995309602', '2019-11-12 11:38:09', '2019-11-12 11:38:10'),
(124, 124, 122, '', '27043564', '3285618535', '0988484339', '2019-11-12 12:58:26', '2019-11-12 12:58:28'),
(125, 125, 124, '', '35479526', '2257772340', '0998574401', '2019-11-12 13:16:25', '2019-11-12 13:16:28'),
(127, 127, 123, '', '35480695', '2257860270', '0992637297', '2019-11-12 13:55:26', '2019-11-12 13:55:28'),
(128, 128, 122, '', '27046493', '3285651567', '0939116971', '2019-11-12 14:11:28', '2019-11-12 14:11:30'),
(129, 129, 123, '', '35482387', '2258002810', '0984229720', '2019-11-12 14:59:29', '2019-11-12 14:59:31'),
(130, 130, 122, '', '27049804', '3285687708', '0993931590', '2019-11-12 15:35:19', '2019-11-12 15:35:21'),
(131, 131, 122, '', '27050249', '3285692806', '0989179979', '2019-11-12 15:46:59', '2019-11-12 15:47:01'),
(132, 132, 123, '', '35484762', '2258189620', '0995669026', '2019-11-12 16:18:08', '2019-11-12 16:18:10'),
(133, 133, 122, '', '27052048', '3285710899', '0986962538', '2019-11-12 16:28:27', '2019-11-12 16:28:29'),
(134, 134, 122, '', '27052354', '3285714116', '0981701450', '2019-11-12 16:35:50', '2019-11-12 16:35:51'),
(135, 135, 123, '', '35486220', '2258305650', '0984767312', '2019-11-12 17:04:58', '2019-11-12 17:05:02'),
(136, 136, 123, 'BM1', '35487648', '2258426960', '0984008290', '2019-11-12 17:54:08', '2019-11-12 17:54:10'),
(139, 139, 123, '', '35489574', '2258563080', '0995065151', '2019-11-12 18:48:21', '2019-11-12 18:48:24'),
(140, 140, 123, 'BM1', '35489601', '2258564460', '0987164722', '2019-11-12 18:48:58', '2019-11-12 18:49:00'),
(141, 141, 123, 'BM1', '35490029', '2258597610', '0987919361', '2019-11-12 19:02:36', '2019-11-12 19:02:38'),
(142, 142, 123, 'BM1', '35490059', '2258599550', '0983225442', '2019-11-12 19:03:28', '2019-11-12 19:03:30'),
(143, 143, 122, '124', '27059937', '3285797824', '0986400411', '2019-11-12 19:14:43', '2019-11-12 19:14:45'),
(144, 144, 123, '', '35490573', '2258641130', '0992893005', '2019-11-12 19:22:22', '2019-11-12 19:22:25'),
(147, 147, 122, '', '27066105', '3285863490', '0967724849', '2019-11-13 06:54:03', '2019-11-13 06:54:06'),
(148, 148, 122, '', '27066133', '3285863709', '0981822775', '2019-11-13 06:55:04', '2019-11-13 06:55:05'),
(149, 149, 122, '117', '27068311', '3285889565', '0997717073', '2019-11-13 08:13:18', '2019-11-13 08:13:21'),
(150, 150, 122, '', '27070355', '3285911764', '0991702127', '2019-11-13 09:02:50', '2019-11-13 09:02:52'),
(151, 151, 122, '', '27074552', '3285952488', '0939900234', '2019-11-13 10:20:20', '2019-11-13 10:20:23'),
(152, 152, 123, '', '35499316', '2259250510', '0983785240', '2019-11-13 10:28:51', '2019-11-13 10:28:53'),
(153, 153, 122, '', '27078421', '3285987312', '0968845716', '2019-11-13 11:30:29', '2019-11-13 11:30:31'),
(154, 154, 122, '', '27078824', '3285990708', '0993844602', '2019-11-13 11:37:21', '2019-11-13 11:37:23'),
(155, 155, 122, '', '27078942', '3285991674', '0980539092', '2019-11-13 11:39:12', '2019-11-13 11:39:13'),
(156, 156, 123, '', '35501598', '2259394500', '0987440655', '2019-11-13 11:40:58', '2019-11-13 11:41:01'),
(157, 157, 123, '', '35502798', '2259475380', '0958864387', '2019-11-13 12:13:04', '2019-11-13 12:13:06'),
(158, 158, 122, '', '27081698', '3286017027', '0989462902', '2019-11-13 12:31:42', '2019-11-13 12:31:44'),
(159, 159, 124, '', '35503882', '2259556860', '0962726577', '2019-11-13 12:43:40', '2019-11-13 12:43:43'),
(160, 160, 122, '', '27086718', '3286065653', '0991995594', '2019-11-13 14:18:37', '2019-11-13 14:18:39'),
(161, 161, 121, '', '27087594', '64686901', '000246767784', '2019-11-13 14:38:49', '2019-11-13 14:38:51'),
(162, 162, 123, '', '35507158', '2259829350', '0998036815', '2019-11-13 14:40:22', '2019-11-13 14:40:24'),
(163, 163, 121, '', '27089315', '64687689', '000768730111', '2019-11-13 15:15:39', '2019-11-13 15:15:40'),
(164, 164, 123, 'BM5', '35508376', '2259926760', '0983165940', '2019-11-13 15:22:17', '2019-11-13 15:22:19'),
(165, 165, 122, '117', '27090202', '3286098346', '0992491327', '2019-11-13 15:34:30', '2019-11-13 15:34:32'),
(167, 167, 123, '', '35514565', '2260395660', '0998290312', '2019-11-13 18:32:47', '2019-11-13 18:32:49'),
(168, 168, 123, '', '35514892', '2260412820', '0984520474', '2019-11-13 18:39:24', '2019-11-13 18:39:26'),
(169, 169, 122, '', '27100602', '3286192146', '0993726134', '2019-11-13 18:44:19', '2019-11-13 18:44:21'),
(170, 170, 122, '', '27101373', '3286199371', '0939534324', '2019-11-13 18:56:33', '2019-11-13 18:56:35'),
(171, 171, 122, '', '27101717', '3286202543', '0994701338', '2019-11-13 19:02:03', '2019-11-13 19:02:05'),
(172, 172, 122, '117', '27103117', '3286215105', '0999535016', '2019-11-13 19:25:10', '2019-11-13 19:25:13'),
(173, 173, 122, '117', '27103155', '3286215400', '0979907153', '2019-11-13 19:25:43', '2019-11-13 19:25:45'),
(174, 174, 123, '', '35516965', '2260541880', '0983053926', '2019-11-13 19:36:23', '2019-11-13 19:36:25'),
(175, 175, 123, '', '35517007', '2260544170', '0983229643', '2019-11-13 19:37:33', '2019-11-13 19:37:35'),
(176, 176, 122, '', '27104453', '3286226849', '0988936049', '2019-11-13 19:48:59', '2019-11-13 19:49:01'),
(177, 177, 123, '', '35517605', '2260591460', '0958719215', '2019-11-13 20:02:36', '2019-11-13 20:02:39'),
(178, 178, 123, 'BM5', '35521193', '2260796580', '0983417662', '2019-11-14 07:52:39', '2019-11-14 07:52:41'),
(179, 179, 123, '', '35521286', '2260802520', '0998501115', '2019-11-14 07:57:28', '2019-11-14 07:57:29'),
(180, 180, 123, '', '35522343', '2260877020', '0984949328', '2019-11-14 08:44:13', '2019-11-14 08:44:21'),
(181, 181, 123, '', '35522590', '2260895980', '0983498341', '2019-11-14 08:53:47', '2019-11-14 08:53:49'),
(182, 182, 122, '117', '27115774', '3286340740', '0997717073', '2019-11-14 09:24:02', '2019-11-14 09:24:04'),
(183, 183, 123, '', '35523926', '2261002680', '0998482493', '2019-11-14 09:37:54', '2019-11-14 09:37:56'),
(184, 184, 123, '', '35524010', '2261008710', '0958836051', '2019-11-14 09:40:03', '2019-11-14 09:40:05'),
(185, 185, 122, '124', '27116696', '3286349823', '0989580634', '2019-11-14 09:41:33', '2019-11-14 09:41:35'),
(186, 186, 122, '117', '27120711', '3286391020', '0968604200', '2019-11-14 11:00:00', '2019-11-14 11:00:03'),
(187, 187, 122, '117', '27125234', '3286435910', '0994810858', '2019-11-14 12:32:49', '2019-11-14 12:32:52'),
(188, 188, 123, '', '35530656', '2261524850', '0995084320', '2019-11-14 12:59:12', '2019-11-14 12:59:14'),
(189, 189, 122, '117', '27126590', '3286449477', '0969311948', '2019-11-14 13:00:09', '2019-11-14 13:00:13'),
(190, 190, 124, '', '35531647', '2261590510', '0978624714', '2019-11-14 13:28:23', '2019-11-14 13:28:27'),
(191, 191, 123, 'BM1', '35531717', '2261595490', '0992903174', '2019-11-14 13:30:54', '2019-11-14 13:30:56'),
(192, 192, 123, 'BM5', '35531953', '2261612950', '0998213884', '2019-11-14 13:39:15', '2019-11-14 13:39:17'),
(193, 193, 122, '117', '27130132', '3286485635', '0985555502', '2019-11-14 14:21:06', '2019-11-14 14:21:09'),
(194, 194, 123, '', '35533309', '2261713920', '0962683058', '2019-11-14 14:28:04', '2019-11-14 14:28:06'),
(195, 195, 122, '', '27130860', '3286493863', '0989929308', '2019-11-14 14:40:47', '2019-11-14 14:40:49'),
(196, 196, 123, '', '35542355', '2262381360', '0979282951', '2019-11-14 19:10:52', '2019-11-14 19:10:56'),
(197, 197, 122, '119', '27144100', '3286630080', '0980731651', '2019-11-14 19:14:32', '2019-11-14 19:14:35'),
(198, 198, 122, '', '27146147', '3286650435', '0986156276', '2019-11-14 19:54:27', '2019-11-14 19:54:29'),
(199, 199, 122, '', '27147146', '3286659858', '0959549108', '2019-11-14 20:15:07', '2019-11-14 20:15:08'),
(200, 200, 123, '', '35547845', '2262692770', '0987139923', '2019-11-15 08:03:52', '2019-11-15 08:03:55'),
(201, 201, 122, '', '27153694', '3286732588', '0959998250', '2019-11-15 08:21:48', '2019-11-15 08:21:50'),
(202, 202, 119, '', '27153718', '86986848', '0961488036', '2019-11-15 08:22:23', '2019-11-15 08:22:25'),
(203, 203, 124, '', '35548511', '2262734470', '0962762293', '2019-11-15 08:31:19', '2019-11-15 08:31:22'),
(204, 204, 122, '117', '27158759', '3286786707', '0989393966', '2019-11-15 10:06:26', '2019-11-15 10:06:29'),
(205, 205, 124, '', '35552279', '2263020350', '0978655135', '2019-11-15 10:28:02', '2019-11-15 10:28:04'),
(206, 206, 124, '', '35552597', '2263042760', '0978655135', '2019-11-15 10:36:01', '2019-11-15 10:36:03'),
(208, 208, 121, '', '27168513', '64744254', '000774832844', '2019-11-15 13:14:34', '2019-11-15 13:14:36'),
(209, 209, 123, 'BM1', '35564189', '2263905580', '0987672752', '2019-11-15 16:07:55', '2019-11-15 16:08:01'),
(210, 210, 122, '124', '27181126', '3287009395', '0985430498', '2019-11-15 17:19:08', '2019-11-15 17:19:11'),
(211, 211, 122, '117', '27181799', '3287016079', '0959721718', '2019-11-15 17:30:52', '2019-11-15 17:30:55'),
(212, 212, 119, '', '27183600', '87036387', '0961758690', '2019-11-15 17:59:35', '2019-11-15 17:59:37'),
(213, 213, 123, '', '35569771', '2264313570', '0987730706', '2019-11-15 18:26:37', '2019-11-15 18:26:39'),
(214, 214, 123, 'BM2', '35569806', '2264316050', '0987947762', '2019-11-15 18:27:23', '2019-11-15 18:27:25'),
(215, 215, 122, '', '27186651', '3287062230', '0985823233', '2019-11-15 18:40:39', '2019-11-15 18:40:41'),
(216, 216, 122, '117', '27193557', '3287125210', '0986579081', '2019-11-15 20:24:09', '2019-11-15 20:24:12'),
(217, 217, 122, '', '27194945', '3287137273', '0980628985', '2019-11-15 20:52:25', '2019-11-15 20:52:28'),
(218, 218, 123, 'BM1', '35575369', '2264638850', '0962932821', '2019-11-15 21:04:17', '2019-11-15 21:04:20'),
(219, 219, 123, 'BM1', '35576941', '2264712770', '0987588425', '2019-11-16 07:02:45', '2019-11-16 07:02:48'),
(220, 220, 123, 'BM1', '35577095', '2264718670', '0995493162', '2019-11-16 07:15:23', '2019-11-16 07:15:26'),
(221, 221, 123, '', '35577124', '2264719490', '0984260236', '2019-11-16 07:16:59', '2019-11-16 07:17:02'),
(222, 222, 123, '', '35577173', '2264721110', '0995332683', '2019-11-16 07:19:50', '2019-11-16 07:19:51'),
(223, 223, 123, '', '35577191', '2264722440', '0983869858', '2019-11-16 07:22:31', '2019-11-16 07:22:33'),
(224, 224, 123, 'BM5', '35577220', '2264723770', '0993974040', '2019-11-16 07:24:45', '2019-11-16 07:24:47'),
(225, 225, 122, '', '27198766', '3287175187', '0985940448', '2019-11-16 07:26:18', '2019-11-16 07:26:20'),
(226, 226, 122, '118', '27198784', '3287175418', '0979484020', '2019-11-16 07:27:15', '2019-11-16 07:27:18'),
(227, 227, 123, 'BM5', '35577275', '2264725620', '0979173816', '2019-11-16 07:27:54', '2019-11-16 07:27:56'),
(228, 228, 123, '', '35577346', '2264728140', '0987740808', '2019-11-16 07:32:41', '2019-11-16 07:32:43'),
(229, 229, 123, '', '35577367', '2264728930', '0998546818', '2019-11-16 07:33:49', '2019-11-16 07:33:51'),
(230, 230, 123, 'BM1', '35577399', '2264730720', '0983989227', '2019-11-16 07:36:14', '2019-11-16 07:36:16'),
(231, 231, 123, 'BM3', '35577645', '2264741850', '0962698614', '2019-11-16 07:51:11', '2019-11-16 07:51:13'),
(232, 232, 122, '117', '27199364', '3287182757', '0979479626', '2019-11-16 07:53:23', '2019-11-16 07:53:26'),
(233, 233, 123, 'BM2', '35577685', '2264745580', '0962942869', '2019-11-16 07:55:21', '2019-11-16 07:55:24'),
(234, 234, 123, '', '35577730', '2264749150', '0958712802', '2019-11-16 07:58:56', '2019-11-16 07:58:58'),
(235, 235, 123, 'BM1', '35577855', '2264756030', '0998874150', '2019-11-16 08:06:02', '2019-11-16 08:06:04'),
(236, 236, 122, '', '27200099', '3287191349', '0990353676', '2019-11-16 08:16:54', '2019-11-16 08:16:56'),
(237, 237, 122, '', '27200125', '3287191561', '0981138626', '2019-11-16 08:17:31', '2019-11-16 08:17:33'),
(238, 238, 122, '', '27200470', '3287195815', '0969040851', '2019-11-16 08:27:33', '2019-11-16 08:27:35'),
(239, 239, 119, '', '27200506', '87067609', '0961314672', '2019-11-16 08:28:19', '2019-11-16 08:28:21'),
(240, 240, 122, '', '27200841', '3287200087', '0967106827', '2019-11-16 08:37:19', '2019-11-16 08:37:21'),
(241, 241, 123, '', '35578611', '2264801430', '0983540316', '2019-11-16 08:45:36', '2019-11-16 08:45:40'),
(242, 242, 122, '117', '27201535', '3287208109', '0968989307', '2019-11-16 08:54:57', '2019-11-16 08:55:00'),
(243, 243, 123, '', '35578849', '2264816560', '0987359910', '2019-11-16 08:55:55', '2019-11-16 08:55:56'),
(244, 244, 122, '119', '27202028', '3287213817', '0991225336', '2019-11-16 09:06:42', '2019-11-16 09:06:45'),
(245, 245, 122, '', '27202077', '3287214330', '0997006567', '2019-11-16 09:07:39', '2019-11-16 09:07:40'),
(246, 246, 122, '', '27202750', '3287222030', '0993332371', '2019-11-16 09:22:31', '2019-11-16 09:22:33'),
(247, 247, 124, '', '35579597', '2264870070', '0995795509', '2019-11-16 09:26:57', '2019-11-16 09:27:00'),
(248, 248, 122, '', '27203144', '3287226403', '0985740355', '2019-11-16 09:30:47', '2019-11-16 09:30:49'),
(249, 249, 122, '', '27203197', '3287226932', '0998057696', '2019-11-16 09:31:45', '2019-11-16 09:31:47'),
(250, 250, 122, '', '27203210', '3287227091', '0985740355', '2019-11-16 09:32:02', '2019-11-16 09:32:04'),
(251, 251, 123, '', '35579785', '2264881320', '0987841992', '2019-11-16 09:32:28', '2019-11-16 09:32:30'),
(252, 252, 124, '', '35580067', '2264901510', '0978822113', '2019-11-16 09:42:11', '2019-11-16 09:42:13'),
(253, 253, 122, '119', '27204443', '3287240891', '0993676887', '2019-11-16 09:57:00', '2019-11-16 09:57:03'),
(254, 254, 122, '117', '27204570', '3287242081', '0990948655', '2019-11-16 09:59:13', '2019-11-16 09:59:17'),
(255, 255, 119, '', '27207524', '87076318', '0961019894', '2019-11-16 10:53:56', '2019-11-16 10:53:59'),
(256, 256, 124, '', '35582435', '2265085760', '0995795509', '2019-11-16 11:00:47', '2019-11-16 11:00:49'),
(257, 257, 122, '', '27209844', '3287298589', '0967805152', '2019-11-16 11:39:10', '2019-11-16 11:39:13'),
(258, 258, 121, '', '27210833', '64776396', '000764486866', '2019-11-16 11:58:21', '2019-11-16 11:58:22'),
(259, 259, 122, '117', '27210891', '3287309632', '0994875024', '2019-11-16 11:59:42', '2019-11-16 11:59:45'),
(260, 260, 119, '', '27212011', '87082009', '0961197384', '2019-11-16 12:22:42', '2019-11-16 12:22:45'),
(261, 261, 122, '119', '27212432', '3287326409', '0994512019', '2019-11-16 12:31:31', '2019-11-16 12:31:34'),
(262, 262, 122, '118', '27213434', '3287336972', '0990975448', '2019-11-16 12:51:44', '2019-11-16 12:51:48'),
(263, 263, 123, 'BM5', '35590344', '2265641990', '0962850311', '2019-11-16 15:28:46', '2019-11-16 15:28:48'),
(264, 264, 123, '', '35591403', '2265708810', '0984533139', '2019-11-16 16:05:37', '2019-11-16 16:05:41'),
(265, 265, 122, '119', '27232284', '3287546460', '0988540972', '2019-11-16 19:32:15', '2019-11-16 19:32:18'),
(266, 266, 123, '', '35598784', '2266165850', '0987739285', '2019-11-16 20:05:23', '2019-11-16 20:05:25'),
(267, 267, 122, '117', '27233958', '3287565351', '0985870513', '2019-11-16 20:07:45', '2019-11-16 20:07:48'),
(268, 268, 123, '', '35599003', '2266177920', '0995517781', '2019-11-16 20:13:22', '2019-11-16 20:13:24'),
(269, 269, 122, '', '27235133', '3287579173', '0992195213', '2019-11-16 20:37:18', '2019-11-16 20:37:20'),
(270, 270, 122, '117', '27235313', '3287581294', '0969349319', '2019-11-16 20:42:21', '2019-11-16 20:42:24'),
(271, 271, 122, '', '27235333', '3287581460', '0994955986', '2019-11-16 20:42:50', '2019-11-16 20:42:51'),
(272, 272, 123, 'BM2', '35600440', '2266271370', '0987581345', '2019-11-16 21:47:30', '2019-11-16 21:47:32'),
(273, 273, 123, '', '35600692', '2266283930', '0983174638', '2019-11-16 22:17:28', '2019-11-16 22:17:31'),
(274, 274, 123, '', '35601347', '2266311300', '0995959151', '2019-11-17 07:06:24', '2019-11-17 07:06:26'),
(275, 275, 122, '117', '27248079', '3287744286', '0979752144', '2019-11-17 12:15:52', '2019-11-17 12:15:57'),
(276, 276, 123, '', '35607945', '2266723960', '0998036815', '2019-11-17 12:47:26', '2019-11-17 12:47:29'),
(277, 277, 122, '117', '27249471', '3287760480', '0988335350', '2019-11-17 12:53:59', '2019-11-17 12:54:02'),
(278, 278, 123, '', '35608158', '2266736070', '0984533139', '2019-11-17 12:56:02', '2019-11-17 12:56:05'),
(279, 279, 123, '', '35608165', '2266736500', '0984553840', '2019-11-17 12:56:23', '2019-11-17 12:56:25'),
(280, 280, 123, 'BM3', '35608239', '2266740860', '0995236015', '2019-11-17 12:59:23', '2019-11-17 12:59:25'),
(281, 281, 123, 'BM5', '35608519', '2266758260', '0995565574', '2019-11-17 13:12:08', '2019-11-17 13:12:10'),
(282, 282, 122, '117', '27250283', '3287770678', '0969217807', '2019-11-17 13:19:26', '2019-11-17 13:19:29'),
(283, 283, 123, 'BM3', '35608843', '2266775540', '0999719886', '2019-11-17 13:25:46', '2019-11-17 13:25:48'),
(284, 284, 122, '', '27250826', '3287776876', '0985465037', '2019-11-17 13:35:20', '2019-11-17 13:35:22'),
(285, 285, 123, 'BM2', '35611024', '2266902110', '0995207891', '2019-11-17 15:15:50', '2019-11-17 15:15:53'),
(286, 286, 123, 'BM1', '35611629', '2266939930', '0962942869', '2019-11-17 15:49:19', '2019-11-17 15:49:22'),
(287, 287, 123, '', '35612448', '2266989070', '0984533139', '2019-11-17 16:35:52', '2019-11-17 16:35:55'),
(288, 288, 119, '', '27258123', '87139512', '0989518496', '2019-11-17 17:56:19', '2019-11-17 17:56:21'),
(289, 289, 122, '117', '27258296', '3287867882', '0969311948', '2019-11-17 18:02:01', '2019-11-17 18:02:04'),
(290, 290, 123, '', '35614857', '2267142360', '0998216770', '2019-11-17 18:38:30', '2019-11-17 18:38:33'),
(291, 291, 122, '', '27260292', '3287890998', '0981663404', '2019-11-17 18:54:01', '2019-11-17 18:54:03'),
(292, 292, 122, '', '27262303', '3287913527', '0992212288', '2019-11-17 19:43:14', '2019-11-17 19:43:16'),
(293, 293, 122, '119', '27263974', '3287931358', '0980731651', '2019-11-17 20:31:18', '2019-11-17 20:31:21'),
(294, 294, 122, '117', '27265314', '3287947136', '0993432151', '2019-11-17 21:38:42', '2019-11-17 21:38:45'),
(295, 295, 122, '117', '27266804', '3287964389', '0968149279', '2019-11-18 06:58:36', '2019-11-18 06:58:40'),
(296, 296, 122, '124', '27270466', '3288006624', '0985993452', '2019-11-18 08:32:33', '2019-11-18 08:32:36'),
(297, 297, 122, '', '27274593', '3288051775', '0989830845', '2019-11-18 09:46:44', '2019-11-18 09:46:46'),
(298, 298, 122, '124', '27278005', '3288086298', '0968554040', '2019-11-18 10:41:55', '2019-11-18 10:41:58'),
(299, 299, 122, '', '27282763', '3288131995', '0980742754', '2019-11-18 12:04:03', '2019-11-18 12:04:05'),
(300, 300, 122, '117', '27284557', '3288148659', '0990948655', '2019-11-18 12:34:01', '2019-11-18 12:34:05'),
(301, 301, 122, '117', '27285551', '3288157530', '0969217807', '2019-11-18 12:50:21', '2019-11-18 12:50:25'),
(302, 302, 122, '', '27286604', '3288165923', '0997350782', '2019-11-18 13:05:49', '2019-11-18 13:05:51'),
(303, 303, 123, 'BM1', '35632230', '2268444890', '0984378275', '2019-11-18 13:10:14', '2019-11-18 13:10:17'),
(304, 304, 122, '117', '27286964', '3288168945', '0991116400', '2019-11-18 13:11:14', '2019-11-18 13:11:17'),
(305, 305, 122, '', '27287193', '3288170850', '0981550966', '2019-11-18 13:14:56', '2019-11-18 13:14:58'),
(306, 306, 122, '', '27288417', '3288181575', '0983661710', '2019-11-18 13:36:23', '2019-11-18 13:36:25'),
(307, 307, 123, 'BM5', '35633252', '2268538050', '0999832445', '2019-11-18 13:44:40', '2019-11-18 13:44:43'),
(308, 308, 122, '117', '27291162', '3288205054', '0997311936', '2019-11-18 14:25:48', '2019-11-18 14:25:51'),
(309, 309, 122, '117', '27292975', '3288221198', '0959721718', '2019-11-18 15:00:23', '2019-11-18 15:00:26'),
(310, 310, 122, '', '27294090', '3288232710', '0997309921', '2019-11-18 15:24:56', '2019-11-18 15:24:58'),
(311, 311, 122, '', '27297017', '3288261427', '0994891258', '2019-11-18 16:26:02', '2019-11-18 16:26:05'),
(312, 312, 122, '', '27298719', '3288278262', '0994891258', '2019-11-18 17:00:54', '2019-11-18 17:00:56'),
(313, 313, 123, '', '35639955', '2269107280', '0998987096', '2019-11-18 17:12:10', '2019-11-18 17:12:13'),
(314, 314, 123, '', '35640270', '2269134500', '0992886411', '2019-11-18 17:21:03', '2019-11-18 17:21:05'),
(315, 315, 122, '117', '27301160', '3288303806', '0989189227', '2019-11-18 17:47:39', '2019-11-18 17:47:42'),
(316, 316, 122, '', '27301975', '3288311833', '0986165216', '2019-11-18 18:02:22', '2019-11-18 18:02:24'),
(317, 317, 122, '', '27307747', '3288366044', '0985998031', '2019-11-18 19:36:26', '2019-11-18 19:36:28'),
(318, 318, 122, '', '27307789', '3288366428', '0985308590', '2019-11-18 19:37:14', '2019-11-18 19:37:15'),
(319, 319, 122, '117', '27312345', '3288410030', '0967401027', '2019-11-18 21:47:33', '2019-11-18 21:47:37'),
(320, 320, 122, '117', '27313057', '3288418320', '0991023139', '2019-11-19 06:04:19', '2019-11-19 06:04:23'),
(321, 321, 122, '117', '27313064', '3288418411', '0991797955', '2019-11-19 06:06:28', '2019-11-19 06:06:31'),
(322, 322, 124, '', '35649732', '2269810700', '0962565914', '2019-11-19 07:56:21', '2019-11-19 07:56:24'),
(323, 323, 122, '124', '27317210', '3288463029', '0985998031', '2019-11-19 08:37:27', '2019-11-19 08:37:30'),
(324, 324, 122, '117', '27331757', '3288603201', '0990948655', '2019-11-19 13:14:45', '2019-11-19 13:14:49'),
(325, 325, 124, '', '35659426', '2270652430', '0962565914', '2019-11-19 13:18:57', '2019-11-19 13:19:00'),
(326, 326, 122, '117', '27332952', '3288614113', '0994512019', '2019-11-19 13:40:03', '2019-11-19 13:40:07'),
(327, 327, 122, '117', '27333772', '3288621571', '0981865679', '2019-11-19 13:57:44', '2019-11-19 13:57:47'),
(328, 328, 122, '124', '27338541', '3288667073', '0999165593', '2019-11-19 15:45:56', '2019-11-19 15:45:59'),
(329, 329, 123, '', '35664043', '2271036910', '0987650506', '2019-11-19 16:07:14', '2019-11-19 16:07:17'),
(330, 330, 122, '118', '27340797', '3288689124', '0939871240', '2019-11-19 16:38:20', '2019-11-19 16:38:24'),
(331, 331, 123, 'BM3', '35672960', '2271723660', '0984417111', '2019-11-19 21:05:49', '2019-11-19 21:05:51'),
(332, 332, 122, '117', '27356118', '3288832344', '0991797955', '2019-11-20 06:05:25', '2019-11-20 06:05:28'),
(333, 333, 119, '', '27371981', '87290355', '0961590126', '2019-11-20 13:04:24', '2019-11-20 13:04:26'),
(334, 334, 123, '', '35685394', '2272689430', '0987318618', '2019-11-20 13:07:45', '2019-11-20 13:07:48'),
(335, 335, 122, '', '27374996', '3289044350', '0988883580', '2019-11-20 14:09:00', '2019-11-20 14:09:02'),
(336, 336, 122, '117', '27375009', '3289044475', '0990205969', '2019-11-20 14:09:16', '2019-11-20 14:09:20'),
(337, 337, 122, '119', '27376246', '3289056939', '0988417983', '2019-11-20 14:38:18', '2019-11-20 14:38:22'),
(338, 338, 122, '', '27378653', '3289077910', '0991702127', '2019-11-20 15:26:22', '2019-11-20 15:26:24'),
(339, 339, 123, '', '35690389', '2273050880', '0995226509', '2019-11-20 15:38:56', '2019-11-20 15:38:58'),
(340, 340, 122, '118', '27379227', '3289084053', '0990526104', '2019-11-20 15:40:25', '2019-11-20 15:40:30'),
(341, 341, 122, '', '27379887', '3289090471', '0994891258', '2019-11-20 15:55:06', '2019-11-20 15:55:08'),
(342, 342, 122, '', '27381822', '3289110254', '0990570665', '2019-11-20 16:38:58', '2019-11-20 16:39:01'),
(343, 343, 122, '', '27381868', '3289110758', '0981061897', '2019-11-20 16:40:07', '2019-11-20 16:40:09'),
(344, 344, 122, '117', '27383924', '3289131139', '0999385724', '2019-11-20 17:21:53', '2019-11-20 17:21:56'),
(345, 345, 123, '', '35693573', '2273328650', '0998987096', '2019-11-20 17:28:23', '2019-11-20 17:28:25'),
(346, 346, 122, '117', '27384345', '3289135132', '0969884684', '2019-11-20 17:30:18', '2019-11-20 17:30:22'),
(347, 347, 122, '117', '27387343', '3289165323', '0982681194', '2019-11-20 18:26:20', '2019-11-20 18:26:23'),
(348, 348, 123, '', '35696126', '2273514540', '0979033347', '2019-11-20 18:40:07', '2019-11-20 18:40:10'),
(349, 349, 122, '124', '27398130', '3289274841', '0985769044', '2019-11-21 07:22:51', '2019-11-21 07:22:55'),
(350, 350, 122, '117', '27398650', '3289280672', '0979901757', '2019-11-21 07:40:30', '2019-11-21 07:40:33'),
(351, 351, 122, '117', '27398694', '3289281179', '0990948655', '2019-11-21 07:41:50', '2019-11-21 07:41:53'),
(352, 352, 123, 'BM1', '35702541', '2273946410', '0998755780', '2019-11-21 08:20:02', '2019-11-21 08:20:05'),
(353, 353, 122, '', '27401811', '3289315287', '0999401140', '2019-11-21 09:02:06', '2019-11-21 09:02:07'),
(354, 354, 122, '', '27401856', '3289315785', '0969118057', '2019-11-21 09:03:12', '2019-11-21 09:03:13'),
(355, 355, 122, '', '27402486', '3289322280', '0985075635', '2019-11-21 09:15:56', '2019-11-21 09:15:58'),
(356, 356, 122, '117', '27407645', '3289375931', '0986165216', '2019-11-21 10:56:10', '2019-11-21 10:56:14'),
(357, 357, 122, '118', '27410351', '3289404812', '0968173637', '2019-11-21 11:54:16', '2019-11-21 11:54:20'),
(358, 358, 124, '', '35710644', '2274546690', '0962561762', '2019-11-21 12:14:24', '2019-11-21 12:14:27'),
(362, 362, 122, '118', '27415720', '3289462076', '0967451321', '2019-11-21 13:53:11', '2019-11-21 13:53:14'),
(363, 363, 122, '', '27418429', '3289490825', '0939203435', '2019-11-21 14:59:19', '2019-11-21 14:59:21'),
(364, 364, 123, '', '35716776', '2275031290', '0995955788', '2019-11-21 15:45:42', '2019-11-21 15:45:45'),
(365, 365, 122, '', '27423579', '3289544016', '0988617150', '2019-11-21 17:00:20', '2019-11-21 17:00:22'),
(366, 366, 122, '124', '27425191', '3289561478', '0989663643', '2019-11-21 17:34:37', '2019-11-21 17:34:41'),
(367, 367, 122, '124', '27426268', '3289572833', '0985418251', '2019-11-21 17:57:03', '2019-11-21 17:57:07'),
(368, 368, 122, '119', '27427076', '3289581623', '0959679830', '2019-11-21 18:13:00', '2019-11-21 18:13:04'),
(369, 369, 123, '', '35723353', '2275508120', '0979249533', '2019-11-21 19:04:55', '2019-11-21 19:04:58'),
(370, 370, 124, '', '35723454', '2275516080', '0995709978', '2019-11-21 19:08:37', '2019-11-21 19:08:41'),
(371, 371, 121, '', '27431076', '64971592', '000748957792', '2019-11-21 19:24:14', '2019-11-21 19:24:16'),
(372, 372, 122, '', '27435582', '3289669188', '0997794940', '2019-11-21 21:16:14', '2019-11-21 21:16:16'),
(373, 373, 122, '117', '27439769', '3289720912', '0990948655', '2019-11-22 07:56:47', '2019-11-22 07:56:51'),
(374, 374, 122, '', '27443196', '3289759686', '0994875024', '2019-11-22 09:05:28', '2019-11-22 09:05:30'),
(378, 378, 122, '', '27449285', '3289825530', '0981669172', '2019-11-22 10:50:36', '2019-11-22 10:50:38'),
(379, 379, 123, '', '35741888', '2276712310', '0984713272', '2019-11-22 13:39:28', '2019-11-22 13:39:33'),
(382, 382, 123, '', '35742351', '2276738680', '0984358237', '2019-11-22 13:51:39', '2019-11-22 13:51:42'),
(383, 383, 123, '', '35742476', '2276745420', '0992786220', '2019-11-22 13:54:45', '2019-11-22 13:54:47'),
(384, 384, 122, '119', '27460357', '3289938442', '0991844831', '2019-11-22 14:27:16', '2019-11-22 14:27:20'),
(385, 385, 123, '', '35743637', '2276821560', '0998987096', '2019-11-22 14:29:40', '2019-11-22 14:29:42'),
(386, 386, 122, '117', '27462769', '3289961937', '0968455375', '2019-11-22 15:16:13', '2019-11-22 15:16:16'),
(387, 387, 122, '119', '27465996', '3289994612', '0997516588', '2019-11-22 16:22:03', '2019-11-22 16:22:07'),
(388, 388, 121, '', '27466118', '64991614', '000721467421', '2019-11-22 16:24:27', '2019-11-22 16:24:28'),
(389, 389, 122, '119', '27467984', '3290014553', '0991225336', '2019-11-22 17:00:05', '2019-11-22 17:00:11'),
(390, 390, 121, '', '27472801', '64997560', '000679205146', '2019-11-22 18:23:23', '2019-11-22 18:23:25'),
(391, 391, 122, '117', '27483367', '3290170698', '0993275156', '2019-11-22 22:30:00', '2019-11-22 22:30:04'),
(392, 392, 122, '117', '27484454', '3290184339', '0989477077', '2019-11-23 07:20:45', '2019-11-23 07:20:49'),
(393, 393, 122, '', '27485039', '3290191531', '0981623004', '2019-11-23 07:47:32', '2019-11-23 07:47:34'),
(394, 394, 121, '', '27485487', '65014378', '000691821425', '2019-11-23 08:03:26', '2019-11-23 08:03:28'),
(395, 395, 122, '119', '27485662', '3290199476', '0959752796', '2019-11-23 08:09:54', '2019-11-23 08:09:58'),
(396, 396, 122, '117', '27485837', '3290201489', '0986165216', '2019-11-23 08:14:56', '2019-11-23 08:15:01'),
(397, 397, 122, '', '27485915', '3290202315', '0998057696', '2019-11-23 08:16:57', '2019-11-23 08:16:59'),
(398, 398, 123, '', '35761600', '2277869020', '0992702125', '2019-11-23 08:20:59', '2019-11-23 08:21:02'),
(399, 399, 122, '117', '27488704', '3290233794', '0981163482', '2019-11-23 09:22:07', '2019-11-23 09:22:12'),
(400, 400, 122, '', '27488735', '3290234069', '0967818393', '2019-11-23 09:22:39', '2019-11-23 09:22:40'),
(401, 401, 122, '117', '27488757', '3290234324', '0992315110', '2019-11-23 09:23:07', '2019-11-23 09:23:12'),
(402, 402, 122, '117', '27493204', '3290278032', '0969734643', '2019-11-23 10:38:44', '2019-11-23 10:38:48'),
(403, 403, 122, '', '27493273', '3290278501', '0969734643', '2019-11-23 10:39:32', '2019-11-23 10:39:33'),
(404, 404, 122, '', '27501610', '3290360520', '0969165021', '2019-11-23 13:12:47', '2019-11-23 13:12:49'),
(405, 405, 121, '', '27501663', '65032243', '001126119039', '2019-11-23 13:13:48', '2019-11-23 13:13:49'),
(406, 406, 123, '', '35772649', '2278548720', '0962524276', '2019-11-23 13:56:46', '2019-11-23 13:56:49'),
(407, 407, 124, '', '35773024', '2278572070', '0978822113', '2019-11-23 14:08:42', '2019-11-23 14:08:46'),
(408, 408, 124, '', '35776694', '2278797140', '0978997505', '2019-11-23 16:10:55', '2019-11-23 16:10:59'),
(409, 409, 121, '', '27512787', '65062569', '001146522881', '2019-11-23 17:22:29', '2019-11-23 17:22:31'),
(411, 411, 119, '', '27524399', '87460149', '0960612525', '2019-11-23 22:24:22', '2019-11-23 22:24:23'),
(412, 412, 122, '', '27525574', '3290628577', '0992246255', '2019-11-24 07:59:09', '2019-11-24 07:59:11'),
(413, 413, 122, '', '27525796', '3290631618', '0968768381', '2019-11-24 08:11:03', '2019-11-24 08:11:04'),
(414, 414, 122, '117', '27525849', '3290632450', '0967744253', '2019-11-24 08:14:06', '2019-11-24 08:14:10'),
(415, 415, 122, '', '27525983', '3290634720', '0985465037', '2019-11-24 08:21:25', '2019-11-24 08:21:26'),
(416, 416, 122, '', '27526146', '3290637110', '0990526104', '2019-11-24 08:28:48', '2019-11-24 08:28:50'),
(417, 417, 122, '', '27526188', '3290637701', '0967241364', '2019-11-24 08:30:32', '2019-11-24 08:30:33'),
(418, 418, 123, '', '35787731', '2279423330', '0998635418', '2019-11-24 09:10:01', '2019-11-24 09:10:04'),
(419, 419, 122, '117', '27527629', '3290657716', '0979491850', '2019-11-24 09:20:41', '2019-11-24 09:20:45'),
(420, 420, 123, 'BM3', '35788514', '2279467190', '0983525232', '2019-11-24 09:44:20', '2019-11-24 09:44:23'),
(421, 421, 123, '', '35789005', '2279496200', '0983005137', '2019-11-24 10:04:44', '2019-11-24 10:04:47'),
(422, 422, 123, '', '35789455', '2279524240', '0998987096', '2019-11-24 10:23:26', '2019-11-24 10:23:29'),
(423, 423, 122, '', '27530696', '3290697047', '0986101385', '2019-11-24 10:40:58', '2019-11-24 10:41:01'),
(424, 424, 122, '117', '27531842', '3290711748', '0990399579', '2019-11-24 11:10:42', '2019-11-24 11:10:46'),
(425, 425, 122, '119', '27531866', '3290712048', '0980731651', '2019-11-24 11:11:16', '2019-11-24 11:11:20'),
(427, 427, 123, 'BM3', '35792107', '2279675740', '0958821260', '2019-11-24 12:03:15', '2019-11-24 12:03:18'),
(428, 428, 122, '117', '27533854', '3290737527', '0985174034', '2019-11-24 12:05:50', '2019-11-24 12:05:55'),
(429, 429, 122, '117', '27534653', '3290746784', '0986096039', '2019-11-24 12:26:53', '2019-11-24 12:26:56'),
(430, 430, 123, 'BM2', '35796527', '2279930150', '0998751651', '2019-11-24 15:35:20', '2019-11-24 15:35:23'),
(431, 431, 123, 'BM1', '35796556', '2279931290', '0998751651', '2019-11-24 15:36:13', '2019-11-24 15:36:15'),
(432, 432, 122, '', '27543270', '3290849023', '0979507648', '2019-11-24 17:10:27', '2019-11-24 17:10:31'),
(433, 433, 123, 'BM2', '35799486', '2280124350', '0998751651', '2019-11-24 18:06:09', '2019-11-24 18:06:12'),
(434, 434, 123, 'BM3', '35799857', '2280148040', '0987698045', '2019-11-24 18:21:53', '2019-11-24 18:21:56'),
(435, 435, 123, '', '35801312', '2280234320', '0979249533', '2019-11-24 19:15:53', '2019-11-24 19:15:56'),
(436, 436, 122, '117', '27553853', '3290967780', '0986165216', '2019-11-25 07:27:22', '2019-11-25 07:27:27'),
(437, 437, 122, '119', '27559544', '3291026803', '0981988861', '2019-11-25 09:19:00', '2019-11-25 09:19:04'),
(438, 438, 122, '120', '27561866', '3291049600', '0989120795', '2019-11-25 09:54:27', '2019-11-25 09:54:31'),
(439, 439, 123, '', '35811030', '2280887330', '0998987096', '2019-11-25 10:14:12', '2019-11-25 10:14:15'),
(440, 440, 122, '', '27563330', '3291064618', '0969876921', '2019-11-25 10:17:35', '2019-11-25 10:17:36'),
(441, 441, 121, '', '27566574', '65126325', '000748957792', '2019-11-25 11:10:21', '2019-11-25 11:10:23'),
(442, 442, 122, '119', '27567127', '3291102170', '0969618000', '2019-11-25 11:19:46', '2019-11-25 11:19:53'),
(443, 443, 124, '', '35814408', '2281140130', '0978655135', '2019-11-25 11:32:54', '2019-11-25 11:32:57'),
(444, 444, 122, '124', '27574877', '3291177788', '0989859250', '2019-11-25 13:38:43', '2019-11-25 13:38:47'),
(445, 445, 123, '', '35823113', '2281797750', '0987302697', '2019-11-25 15:39:02', '2019-11-25 15:39:06'),
(446, 446, 122, '118', '27581682', '3291246223', '0985455057', '2019-11-25 16:05:37', '2019-11-25 16:05:40'),
(447, 447, 124, '', '35825020', '2281947930', '0987257215', '2019-11-25 16:36:32', '2019-11-25 16:36:35'),
(448, 448, 119, '', '27584293', '87532727', '0961275257', '2019-11-25 16:59:55', '2019-11-25 16:59:57'),
(449, 449, 122, '119', '27585520', '3291283564', '0991225336', '2019-11-25 17:22:51', '2019-11-25 17:22:55'),
(450, 450, 122, '119', '27585728', '3291286178', '0997516588', '2019-11-25 17:27:55', '2019-11-25 17:28:00'),
(451, 451, 122, '119', '27586317', '3291291475', '0967943796', '2019-11-25 17:38:19', '2019-11-25 17:38:23'),
(452, 452, 122, '', '27590172', '3291329765', '0985455057', '2019-11-25 18:46:11', '2019-11-25 18:46:14'),
(453, 453, 121, '', '27590517', '65145139', '000692106438', '2019-11-25 18:51:17', '2019-11-25 18:51:18'),
(454, 454, 121, '', '27590592', '65145335', '000246801807', '2019-11-25 18:52:30', '2019-11-25 18:52:32'),
(455, 455, 122, '', '27601056', '3291438891', '0985129021', '2019-11-26 08:11:06', '2019-11-26 08:11:08'),
(456, 456, 123, '', '35840937', '2283037660', '0987318618', '2019-11-26 10:34:59', '2019-11-26 10:35:03'),
(457, 457, 122, '', '27607817', '3291510891', '0989345040', '2019-11-26 10:36:14', '2019-11-26 10:36:16'),
(458, 458, 122, '117', '27614170', '3291577602', '0982761811', '2019-11-26 12:56:33', '2019-11-26 12:56:38'),
(459, 459, 124, '', '35846741', '2283496670', '0978915289', '2019-11-26 13:46:09', '2019-11-26 13:46:13'),
(460, 460, 122, '', '27616816', '3291604921', '0969982919', '2019-11-26 13:58:54', '2019-11-26 13:58:56'),
(461, 461, 123, '', '35848007', '2283596690', '0995561927', '2019-11-26 14:36:30', '2019-11-26 14:36:32'),
(462, 462, 122, '119', '27622317', '3291662280', '0986099514', '2019-11-26 16:18:20', '2019-11-26 16:18:27'),
(463, 463, 122, '119', '27622372', '3291662865', '0959838510', '2019-11-26 16:19:43', '2019-11-26 16:19:46'),
(464, 464, 124, '', '35851166', '2283856510', '0963378445', '2019-11-26 16:30:28', '2019-11-26 16:30:31'),
(465, 465, 122, '', '27625670', '3291697257', '0980882344', '2019-11-26 17:37:41', '2019-11-26 17:37:42'),
(466, 466, 122, '119', '27626298', '3291703953', '0994293905', '2019-11-26 17:51:37', '2019-11-26 17:51:41'),
(467, 467, 122, '', '27653920', '3291984094', '0939154954', '2019-11-27 13:11:56', '2019-11-27 13:11:59'),
(468, 468, 122, '117', '27654856', '3291992449', '0994512019', '2019-11-27 13:31:25', '2019-11-27 13:31:29'),
(469, 469, 122, '', '27656590', '3292009284', '0967254412', '2019-11-27 14:12:10', '2019-11-27 14:12:12'),
(470, 470, 122, '117', '27656631', '3292009575', '0939233567', '2019-11-27 14:12:59', '2019-11-27 14:13:03'),
(471, 471, 123, '', '35872422', '2285408300', '0981654465', '2019-11-27 14:21:54', '2019-11-27 14:21:57'),
(472, 472, 124, '', '35872758', '2285437010', '0984571209', '2019-11-27 14:36:52', '2019-11-27 14:36:55'),
(473, 473, 122, '117', '27660432', '3292045607', '0939847846', '2019-11-27 15:39:27', '2019-11-27 15:39:34'),
(474, 474, 122, '', '27662661', '3292066294', '0990654267', '2019-11-27 16:28:00', '2019-11-27 16:28:02'),
(475, 475, 119, '', '27683912', '87653758', '0960144438', '2019-11-28 09:15:44', '2019-11-28 09:15:45'),
(476, 476, 122, '', '27684366', '3292277558', '0980319715', '2019-11-28 09:25:35', '2019-11-28 09:25:37'),
(477, 477, 122, '', '27689298', '3292331707', '0985106092', '2019-11-28 11:09:33', '2019-11-28 11:09:35'),
(478, 478, 122, '118', '27693373', '3292374793', '0993585008', '2019-11-28 12:40:13', '2019-11-28 12:40:16'),
(479, 479, 123, 'BM3', '35895973', '2287015110', '0998223026', '2019-11-28 12:42:31', '2019-11-28 12:42:34'),
(480, 480, 122, '119', '27695422', '3292396538', '0959679830', '2019-11-28 13:26:05', '2019-11-28 13:26:08'),
(481, 481, 122, '124', '27696022', '3292403348', '0980882344', '2019-11-28 13:41:31', '2019-11-28 13:41:34'),
(482, 482, 124, '', '35897797', '2287151070', '0959517268', '2019-11-28 13:49:09', '2019-11-28 13:49:12'),
(483, 483, 122, '', '27696725', '3292411156', '0939452635', '2019-11-28 13:59:57', '2019-11-28 13:59:59'),
(484, 484, 122, '', '27697761', '3292422307', '0990830042', '2019-11-28 14:26:15', '2019-11-28 14:26:17'),
(485, 485, 122, '', '27698294', '3292428204', '0981735033', '2019-11-28 14:40:29', '2019-11-28 14:40:31'),
(487, 487, 123, '', '35901679', '2287446040', '0983087151', '2019-11-28 16:12:39', '2019-11-28 16:12:43'),
(490, 490, 122, '', '27706633', '3292516145', '0969259211', '2019-11-28 17:55:56', '2019-11-28 17:55:58'),
(491, 491, 122, '117', '27707054', '3292520791', '0985385932', '2019-11-28 18:04:47', '2019-11-28 18:04:49'),
(492, 492, 124, '', '35905625', '2287714680', '0963130499', '2019-11-28 18:17:08', '2019-11-28 18:17:12'),
(493, 493, 122, '117', '27710960', '3292560247', '0969884684', '2019-11-28 19:14:06', '2019-11-28 19:14:08'),
(494, 494, 123, '', '35917315', '2288377090', '0983518006', '2019-11-29 10:00:42', '2019-11-29 10:00:45'),
(495, 495, 119, '', '27725723', '87708043', '0960184839', '2019-11-29 10:14:56', '2019-11-29 10:14:58'),
(496, 496, 119, '', '27726407', '87709118', '0982076219', '2019-11-29 10:27:33', '2019-11-29 10:27:34'),
(497, 497, 122, '', '27732187', '3292786494', '0985740355', '2019-11-29 12:18:34', '2019-11-29 12:18:36'),
(498, 498, 119, '', '27735489', '87723393', '0996550340', '2019-11-29 13:22:47', '2019-11-29 13:22:49'),
(499, 499, 122, '119', '27736704', '3292832043', '0988685394', '2019-11-29 13:48:27', '2019-11-29 13:48:29'),
(501, 501, 123, 'BM1', '35927302', '2289015780', '0984328194', '2019-11-29 14:36:37', '2019-11-29 14:36:40'),
(502, 502, 122, '118', '27739794', '3292862588', '0985763320', '2019-11-29 14:52:19', '2019-11-29 14:52:22'),
(503, 503, 122, '118', '27739981', '3292864515', '0985763320', '2019-11-29 14:56:16', '2019-11-29 14:56:18'),
(504, 504, 124, '', '35929456', '2289154130', '0967650713', '2019-11-29 15:38:37', '2019-11-29 15:38:40'),
(505, 505, 122, '', '27744415', '3292908685', '0969826590', '2019-11-29 16:26:25', '2019-11-29 16:26:27'),
(506, 506, 122, '117', '27744696', '3292911571', '0994512019', '2019-11-29 16:32:13', '2019-11-29 16:32:16'),
(507, 507, 121, '', '27766701', '65304002', '001121919805', '2019-11-30 08:24:54', '2019-11-30 08:24:56'),
(508, 508, 122, '118', '27767058', '3293128996', '0993676887', '2019-11-30 08:35:20', '2019-11-30 08:35:23'),
(509, 509, 119, '', '27767336', '87778822', '0960821258', '2019-11-30 08:42:28', '2019-11-30 08:42:30'),
(510, 510, 123, '', '35945319', '2290048310', '0987781537', '2019-11-30 08:44:28', '2019-11-30 08:44:30'),
(511, 511, 122, '117', '27767464', '3293133739', '0983698752', '2019-11-30 08:45:24', '2019-11-30 08:45:27'),
(512, 512, 124, '', '35945567', '2290060490', '0983083122', '2019-11-30 08:53:01', '2019-11-30 08:53:04'),
(513, 513, 122, '117', '27767992', '3293140120', '0969734643', '2019-11-30 08:58:22', '2019-11-30 08:58:25'),
(514, 514, 123, '', '35945879', '2290078850', '0992637297', '2019-11-30 09:04:50', '2019-11-30 09:04:53'),
(515, 515, 122, '', '27771665', '3293180588', '0981119314', '2019-11-30 10:11:13', '2019-11-30 10:11:15'),
(516, 516, 122, '', '27778702', '3293254681', '0939725918', '2019-11-30 12:20:27', '2019-11-30 12:20:29'),
(517, 517, 121, '', '27788907', '65317850', '001111471577', '2019-11-30 15:50:36', '2019-11-30 15:50:38'),
(518, 518, 124, 'BTD2', '35959671', '2290937280', '0978771678', '2019-11-30 15:51:52', '2019-11-30 15:51:56'),
(519, 519, 121, '', '27827331', '65365056', '000760050302', '2019-12-01 15:32:02', '2019-12-01 15:32:04'),
(520, 520, 122, '', '27827933', '3293779126', '0988343423', '2019-12-01 15:50:31', '2019-12-01 15:50:33'),
(521, 521, 122, '', '27832135', '3293822097', '0979507648', '2019-12-01 17:52:33', '2019-12-01 17:52:35'),
(522, 522, 121, '', '27838816', '65380862', '000262693039', '2019-12-01 20:32:05', '2019-12-01 20:32:07'),
(523, 523, 121, '', '27839048', '65381221', '000768748154', '2019-12-01 20:39:28', '2019-12-01 20:39:29'),
(524, 524, 123, 'BM5', '35999204', '2293211410', '0987910708', '2019-12-02 10:40:11', '2019-12-02 10:40:15'),
(525, 525, 122, '119', '27859117', '3294108895', '0968516486', '2019-12-02 12:20:19', '2019-12-02 12:20:22'),
(526, 526, 122, '119', '27859423', '3294112191', '0967655815', '2019-12-02 12:26:00', '2019-12-02 12:26:02'),
(527, 527, 122, '119', '27861677', '3294134855', '0959679830', '2019-12-02 13:05:31', '2019-12-02 13:05:33'),
(528, 528, 123, '', '36006143', '2293719190', '0995198977', '2019-12-02 13:19:46', '2019-12-02 13:19:50'),
(529, 529, 122, '', '27869007', '3294209458', '0997474929', '2019-12-02 15:34:49', '2019-12-02 15:34:51'),
(530, 530, 122, '124', '27870431', '3294224356', '0939710715', '2019-12-02 16:05:10', '2019-12-02 16:05:13'),
(531, 531, 123, '', '36012028', '2294171290', '0987295809', '2019-12-02 16:13:38', '2019-12-02 16:13:41'),
(532, 532, 119, '', '27871393', '87898304', '0960042702', '2019-12-02 16:25:14', '2019-12-02 16:25:15'),
(533, 533, 123, '', '36012822', '2294238620', '0958714787', '2019-12-02 16:36:58', '2019-12-02 16:37:01');
INSERT INTO `pagos_recargas` (`id`, `pagos_id`, `servicio_id`, `paquete`, `proveedor_servicio_id`, `operadora_servicio_id`, `telefono`, `created_at`, `updated_at`) VALUES
(534, 534, 123, '', '36013029', '2294258810', '0984358237', '2019-12-02 16:43:37', '2019-12-02 16:43:40'),
(535, 535, 123, 'BM1', '36016997', '2294569900', '0962596023', '2019-12-02 18:22:06', '2019-12-02 18:22:08'),
(536, 536, 121, '', '27880708', '65409249', '000679154344', '2019-12-02 19:08:15', '2019-12-02 19:08:17'),
(537, 537, 122, '117', '27880831', '3294327891', '0991994504', '2019-12-02 19:10:02', '2019-12-02 19:10:04'),
(538, 538, 123, '', '36019210', '2294714070', '0995164452', '2019-12-02 19:10:54', '2019-12-02 19:10:57'),
(539, 539, 123, '', '36019221', '2294714370', '0995164452', '2019-12-02 19:11:01', '2019-12-02 19:11:03'),
(540, 540, 119, '', '27881030', '87909934', '0960870085', '2019-12-02 19:12:55', '2019-12-02 19:12:57'),
(541, 541, 119, '', '27881036', '87909944', '0960870085', '2019-12-02 19:13:02', '2019-12-02 19:13:03'),
(542, 542, 122, '117', '27888245', '3294401886', '0959172092', '2019-12-03 06:42:06', '2019-12-03 06:42:09'),
(543, 543, 122, '', '27888253', '3294401941', '0959172092', '2019-12-03 06:42:23', '2019-12-03 06:42:25'),
(544, 544, 124, '', '36029120', '2295374240', '0963363234', '2019-12-03 09:56:25', '2019-12-03 09:56:28'),
(545, 545, 123, '', '36032624', '2295675260', '0987318618', '2019-12-03 11:32:07', '2019-12-03 11:32:09'),
(546, 546, 122, '117', '27905260', '3294582135', '0967724849', '2019-12-03 13:00:39', '2019-12-03 13:00:42'),
(547, 547, 121, '', '27909751', '65428998', '000673900502', '2019-12-03 14:44:37', '2019-12-03 14:44:39'),
(548, 548, 123, '', '36042708', '2296526680', '0962524276', '2019-12-03 16:53:13', '2019-12-03 16:53:16'),
(549, 549, 122, '117', '27921996', '3294757952', '0988343423', '2019-12-03 19:04:50', '2019-12-03 19:04:52'),
(550, 550, 122, '117', '27936498', '3294908654', '0990458372', '2019-12-04 09:49:03', '2019-12-04 09:49:06'),
(552, 552, 122, '', '27938806', '3294931798', '0993729507', '2019-12-04 10:31:37', '2019-12-04 10:31:39'),
(553, 553, 122, '', '27939369', '3294937232', '0969941676', '2019-12-04 10:41:40', '2019-12-04 10:41:42'),
(555, 555, 122, '', '27944701', '3294988554', '0990830042', '2019-12-04 12:25:05', '2019-12-04 12:25:07'),
(556, 556, 122, '124', '27944990', '3294991299', '0994473911', '2019-12-04 12:30:28', '2019-12-04 12:30:31'),
(558, 558, 121, '', '27945613', '65456894', '000692106438', '2019-12-04 12:42:22', '2019-12-04 12:42:23'),
(559, 559, 122, '', '27949491', '3295034584', '0967805152', '2019-12-04 14:04:25', '2019-12-04 14:04:27'),
(560, 560, 121, '', '27949731', '65458833', '000691867931', '2019-12-04 14:10:19', '2019-12-04 14:10:21'),
(561, 561, 119, '', '27949852', '87995381', '0983584197', '2019-12-04 14:13:07', '2019-12-04 14:13:08'),
(562, 562, 122, '', '27955341', '3295088714', '0939511703', '2019-12-04 16:08:22', '2019-12-04 16:08:24'),
(566, 566, 121, '', '27956243', '65462298', '000692106438', '2019-12-04 16:27:17', '2019-12-04 16:27:18'),
(567, 567, 123, 'BM2', '36070404', '2298621830', '0984372662', '2019-12-04 16:45:27', '2019-12-04 16:45:30'),
(568, 568, 122, '117', '27959597', '3295130962', '0988710078', '2019-12-04 17:37:09', '2019-12-04 17:37:11'),
(569, 569, 121, '', '27962220', '65467536', '000252695267', '2019-12-04 18:23:14', '2019-12-04 18:23:16'),
(570, 570, 121, '', '27964133', '65469906', '000783623374', '2019-12-04 18:53:45', '2019-12-04 18:53:47'),
(571, 571, 122, '', '27966126', '3295193792', '0959172092', '2019-12-04 19:29:08', '2019-12-04 19:29:11'),
(572, 572, 122, '117', '27966251', '3295195081', '0959172092', '2019-12-04 19:31:38', '2019-12-04 19:31:40'),
(573, 573, 122, '117', '27966508', '3295197434', '0988343423', '2019-12-04 19:36:20', '2019-12-04 19:36:22'),
(574, 574, 123, '', '36079713', '2299266210', '0992932360', '2019-12-05 06:07:34', '2019-12-05 06:07:37'),
(575, 575, 119, '', '27973527', '88020812', '0961590126', '2019-12-05 07:28:31', '2019-12-05 07:28:33'),
(576, 576, 122, '', '27974101', '3295275643', '0991994504', '2019-12-05 07:48:06', '2019-12-05 07:48:08'),
(577, 577, 123, '', '36081430', '2299361180', '0983274153', '2019-12-05 08:02:38', '2019-12-05 08:02:42'),
(578, 578, 122, '', '27981542', '3295355602', '0959788234', '2019-12-05 10:25:32', '2019-12-05 10:25:34'),
(579, 579, 122, '117', '27982407', '3295364265', '0939155824', '2019-12-05 10:40:58', '2019-12-05 10:41:01'),
(580, 580, 119, '', '27983149', '88033019', '0961965620', '2019-12-05 10:56:07', '2019-12-05 10:56:08'),
(581, 581, 122, '', '27987946', '3295422749', '0990458372', '2019-12-05 12:32:49', '2019-12-05 12:32:51'),
(582, 582, 123, '', '36094395', '2300373450', '0958714787', '2019-12-05 14:36:35', '2019-12-05 14:36:38'),
(583, 583, 122, '', '27998108', '3295529502', '0991895041', '2019-12-05 16:20:57', '2019-12-05 16:20:59'),
(584, 584, 122, '119', '28000132', '3295550777', '0980659151', '2019-12-05 17:04:45', '2019-12-05 17:04:48'),
(585, 585, 122, '119', '28000188', '3295551442', '0959679830', '2019-12-05 17:06:09', '2019-12-05 17:06:11'),
(586, 586, 122, '124', '28000876', '3295558985', '0989502178', '2019-12-05 17:20:53', '2019-12-05 17:20:55'),
(587, 587, 123, '', '36104658', '2301076650', '0984785368', '2019-12-05 19:12:51', '2019-12-05 19:12:55'),
(588, 588, 122, '', '28018803', '3295746105', '0993900930', '2019-12-06 09:00:54', '2019-12-06 09:00:56'),
(589, 589, 122, '', '28022100', '3295781739', '0939221205', '2019-12-06 10:04:05', '2019-12-06 10:04:07'),
(591, 591, 124, '', '36119583', '2302067150', '0962569667', '2019-12-06 12:49:59', '2019-12-06 12:50:02'),
(592, 592, 122, '', '28031389', '3295876549', '0939654030', '2019-12-06 12:54:06', '2019-12-06 12:54:07'),
(593, 593, 122, '', '28033020', '3295893501', '0990458352', '2019-12-06 13:26:40', '2019-12-06 13:26:41'),
(594, 594, 122, '', '28034805', '3295910660', '0990458372', '2019-12-06 14:00:43', '2019-12-06 14:00:45'),
(595, 595, 122, '124', '28035013', '3295912754', '0990345531', '2019-12-06 14:04:46', '2019-12-06 14:04:49'),
(596, 596, 122, '117', '28035380', '3295916316', '0992219702', '2019-12-06 14:12:05', '2019-12-06 14:12:07'),
(597, 597, 122, '', '28037193', '3295934129', '0999177425', '2019-12-06 14:47:38', '2019-12-06 14:47:40'),
(598, 598, 119, '', '28044148', '88116959', '0961834098', '2019-12-06 16:59:04', '2019-12-06 16:59:07'),
(599, 599, 122, '', '28044257', '3296003750', '0968455214', '2019-12-06 17:01:21', '2019-12-06 17:01:22'),
(600, 600, 123, '', '36131333', '2302844350', '0995054359', '2019-12-06 18:14:21', '2019-12-06 18:14:23'),
(601, 601, 123, '', '36131817', '2302871550', '0987647135', '2019-12-06 18:24:51', '2019-12-06 18:24:53'),
(602, 602, 124, '', '36132299', '2302899360', '0984807981', '2019-12-06 18:35:41', '2019-12-06 18:35:44'),
(603, 603, 124, '', '36134182', '2303000040', '0984421934', '2019-12-06 19:15:09', '2019-12-06 19:15:12'),
(604, 604, 122, '117', '28060044', '3296148733', '0993275156', '2019-12-06 21:22:42', '2019-12-06 21:22:45'),
(605, 605, 124, '', '36139084', '2303251920', '0983530211', '2019-12-07 06:47:19', '2019-12-07 06:47:22'),
(606, 606, 124, 'BTD1', '36141147', '2303369940', '0978894833', '2019-12-07 09:04:30', '2019-12-07 09:04:34'),
(607, 607, 122, '', '28066497', '3296222547', '0983698752', '2019-12-07 09:19:55', '2019-12-07 09:19:57'),
(608, 608, 124, '', '36141846', '2303413480', '0999513446', '2019-12-07 09:27:27', '2019-12-07 09:27:30'),
(609, 609, 123, '', '36143214', '2303494220', '0992606028', '2019-12-07 10:06:18', '2019-12-07 10:06:21'),
(610, 610, 122, '', '28069531', '3296254415', '0967555349', '2019-12-07 10:14:47', '2019-12-07 10:14:49'),
(611, 611, 122, '124', '28072452', '3296284592', '0980333662', '2019-12-07 11:04:15', '2019-12-07 11:04:18'),
(612, 612, 123, '', '36146010', '2303682580', '0963074015', '2019-12-07 11:23:37', '2019-12-07 11:23:40'),
(613, 613, 122, '117', '28074337', '3296303987', '0988311080', '2019-12-07 11:37:15', '2019-12-07 11:37:18'),
(614, 614, 123, 'BM3', '36147045', '2303749140', '0983038032', '2019-12-07 11:51:58', '2019-12-07 11:52:01'),
(615, 615, 123, 'BM3', '36147443', '2303774690', '0999294390', '2019-12-07 12:03:01', '2019-12-07 12:03:04'),
(616, 616, 122, '', '28076534', '3296326527', '0997949700', '2019-12-07 12:17:04', '2019-12-07 12:17:06'),
(617, 617, 123, '', '36148379', '2303830830', '0998783602', '2019-12-07 12:28:27', '2019-12-07 12:28:29'),
(618, 618, 123, '', '36148956', '2303867470', '0984553840', '2019-12-07 12:44:46', '2019-12-07 12:44:49'),
(619, 619, 123, '', '36148975', '2303868720', '0984533139', '2019-12-07 12:45:21', '2019-12-07 12:45:23'),
(620, 620, 122, '', '28078260', '3296344737', '0997006567', '2019-12-07 12:49:31', '2019-12-07 12:49:33'),
(621, 621, 122, '', '28078282', '3296345025', '0990067943', '2019-12-07 12:50:03', '2019-12-07 12:50:04'),
(623, 623, 123, 'BM3', '36149758', '2303914520', '0962906991', '2019-12-07 13:06:29', '2019-12-07 13:06:32'),
(624, 624, 122, '118', '28080785', '3296370524', '0981001596', '2019-12-07 13:37:45', '2019-12-07 13:37:48'),
(625, 625, 122, '', '28081784', '3296380910', '0979522714', '2019-12-07 13:57:52', '2019-12-07 13:57:54'),
(626, 626, 123, 'BM1', '36153113', '2304111890', '0983807276', '2019-12-07 14:46:00', '2019-12-07 14:46:03'),
(627, 627, 123, 'BM1', '36153134', '2304112950', '0987910066', '2019-12-07 14:46:38', '2019-12-07 14:46:39'),
(628, 628, 121, '', '28084906', '65562479', '000691684435', '2019-12-07 15:00:06', '2019-12-07 15:00:07'),
(629, 629, 122, '', '28085018', '3296414001', '0969248107', '2019-12-07 15:02:38', '2019-12-07 15:02:40'),
(630, 630, 123, '', '36153680', '2304146070', '0979186283', '2019-12-07 15:03:35', '2019-12-07 15:03:38'),
(631, 631, 122, '', '28086794', '3296431256', '0969274226', '2019-12-07 15:38:03', '2019-12-07 15:38:04'),
(634, 634, 122, '117', '28088171', '3296444597', '0990246672', '2019-12-07 16:05:32', '2019-12-07 16:05:34'),
(635, 635, 122, '117', '28090051', '3296462085', '0984646862', '2019-12-07 16:42:34', '2019-12-07 16:42:37'),
(636, 636, 123, 'BM2', '36156958', '2304344100', '0987172523', '2019-12-07 16:49:05', '2019-12-07 16:49:07'),
(637, 637, 123, '', '36161364', '2304585510', '0983719617', '2019-12-07 18:54:57', '2019-12-07 18:55:01'),
(638, 638, 122, '117', '28097956', '3296539287', '0959038839', '2019-12-07 19:06:13', '2019-12-07 19:06:16'),
(639, 639, 123, 'BM1', '36162018', '2304627400', '0995356713', '2019-12-07 19:15:27', '2019-12-07 19:15:30'),
(640, 640, 119, '', '28098749', '88187625', '0961162779', '2019-12-07 19:19:45', '2019-12-07 19:19:47'),
(641, 641, 123, '', '36162257', '2304641040', '0979330379', '2019-12-07 19:22:45', '2019-12-07 19:22:47'),
(642, 642, 123, 'BM3', '36163234', '2304696400', '0995381199', '2019-12-07 19:55:24', '2019-12-07 19:55:27'),
(643, 643, 122, '', '28101609', '3296575430', '0968543587', '2019-12-07 20:13:20', '2019-12-07 20:13:22'),
(644, 644, 123, 'BM3', '36163847', '2304731860', '0987631719', '2019-12-07 20:18:53', '2019-12-07 20:18:56'),
(645, 645, 122, '124', '28101859', '3296578220', '0968543587', '2019-12-07 20:19:25', '2019-12-07 20:19:27'),
(646, 646, 123, 'BM5', '36164120', '2304748030', '0979298381', '2019-12-07 20:31:31', '2019-12-07 20:31:34'),
(647, 647, 122, '', '28102988', '3296590145', '0969218526', '2019-12-07 20:48:18', '2019-12-07 20:48:20'),
(649, 649, 123, 'BM1', '36164777', '2304782590', '0987184047', '2019-12-07 21:05:15', '2019-12-07 21:05:17'),
(650, 650, 122, '124', '28103589', '3296596560', '0967577409', '2019-12-07 21:05:59', '2019-12-07 21:06:01'),
(651, 651, 123, 'BM1', '36164939', '2304791610', '0987790406', '2019-12-07 21:16:20', '2019-12-07 21:16:22'),
(652, 652, 122, '117', '28105860', '3296623057', '0983641513', '2019-12-08 06:40:00', '2019-12-08 06:40:03'),
(653, 653, 123, '', '36166056', '2304842450', '0983269251', '2019-12-08 06:55:20', '2019-12-08 06:55:23'),
(654, 654, 122, '', '28105913', '3296624029', '0997430918', '2019-12-08 06:55:48', '2019-12-08 06:55:50'),
(655, 655, 123, 'BM1', '36166064', '2304842670', '0979371978', '2019-12-08 06:56:23', '2019-12-08 06:56:25'),
(656, 656, 122, '', '28105919', '3296624113', '0959802405', '2019-12-08 06:56:53', '2019-12-08 06:56:55'),
(657, 657, 123, '', '36166090', '2304843680', '0998676656', '2019-12-08 07:03:43', '2019-12-08 07:03:45'),
(658, 658, 122, '117', '28105966', '3296624942', '0990228949', '2019-12-08 07:06:11', '2019-12-08 07:06:14'),
(659, 659, 123, 'BM1', '36166195', '2304846470', '0995965796', '2019-12-08 07:16:41', '2019-12-08 07:16:44'),
(660, 660, 122, '117', '28106049', '3296626394', '0980448482', '2019-12-08 07:18:19', '2019-12-08 07:18:22'),
(661, 661, 122, '117', '28106065', '3296626618', '0939951499', '2019-12-08 07:19:51', '2019-12-08 07:19:53'),
(662, 662, 122, '117', '28106102', '3296627239', '0988141670', '2019-12-08 07:24:08', '2019-12-08 07:24:11'),
(663, 663, 122, '117', '28106120', '3296627468', '0989172334', '2019-12-08 07:25:38', '2019-12-08 07:25:40'),
(664, 664, 123, '', '36166247', '2304849330', '0983247967', '2019-12-08 07:26:39', '2019-12-08 07:26:41'),
(665, 665, 123, '', '36166261', '2304849840', '0992811964', '2019-12-08 07:28:29', '2019-12-08 07:28:31'),
(666, 666, 123, '', '36166281', '2304850780', '0984596724', '2019-12-08 07:31:32', '2019-12-08 07:31:35'),
(667, 667, 122, '', '28106188', '3296628552', '0986360276', '2019-12-08 07:32:14', '2019-12-08 07:32:16'),
(668, 668, 122, '117', '28106200', '3296628709', '0969730429', '2019-12-08 07:33:11', '2019-12-08 07:33:14'),
(669, 669, 122, '', '28106288', '3296629822', '0980934418', '2019-12-08 07:39:23', '2019-12-08 07:39:25'),
(670, 670, 123, '', '36166366', '2304855140', '0979253533', '2019-12-08 07:42:41', '2019-12-08 07:42:44'),
(671, 671, 123, 'BM1', '36166414', '2304857580', '0983962732', '2019-12-08 07:48:51', '2019-12-08 07:48:53'),
(672, 672, 123, 'BM3', '36166900', '2304879220', '0983894892', '2019-12-08 08:23:51', '2019-12-08 08:23:54'),
(673, 673, 122, '118', '28107270', '3296642666', '0988472459', '2019-12-08 08:27:18', '2019-12-08 08:27:20'),
(674, 674, 122, '117', '28107315', '3296643097', '0969217807', '2019-12-08 08:28:34', '2019-12-08 08:28:36'),
(675, 675, 123, '', '36167107', '2304890000', '0983114855', '2019-12-08 08:36:21', '2019-12-08 08:36:24'),
(676, 676, 122, '', '28107823', '3296649738', '0969299313', '2019-12-08 08:46:30', '2019-12-08 08:46:32'),
(677, 677, 122, '117', '28108352', '3296656464', '0994962995', '2019-12-08 09:02:47', '2019-12-08 09:02:49'),
(678, 678, 123, '', '36167954', '2304942120', '0999214793', '2019-12-08 09:23:55', '2019-12-08 09:23:58'),
(679, 679, 122, '', '28109481', '3296670513', '0939259928', '2019-12-08 09:32:58', '2019-12-08 09:33:00'),
(680, 680, 123, 'BM1', '36168162', '2304954660', '0979320758', '2019-12-08 09:33:23', '2019-12-08 09:33:26'),
(681, 681, 122, '117', '28109683', '3296672925', '0980779367', '2019-12-08 09:37:55', '2019-12-08 09:37:58'),
(682, 682, 122, '', '28109910', '3296675634', '0967555349', '2019-12-08 09:43:30', '2019-12-08 09:43:31'),
(683, 683, 122, '', '28110477', '3296682796', '0980093970', '2019-12-08 09:57:42', '2019-12-08 09:57:44'),
(684, 684, 122, '117', '28110820', '3296686595', '0999160271', '2019-12-08 10:05:23', '2019-12-08 10:05:25'),
(687, 687, 122, '118', '28110968', '3296688333', '0969205377', '2019-12-08 10:08:48', '2019-12-08 10:08:50'),
(688, 688, 122, '124', '28111110', '3296689867', '0968950694', '2019-12-08 10:11:40', '2019-12-08 10:11:43'),
(689, 689, 122, '', '28112490', '3296705066', '0968226227', '2019-12-08 10:40:22', '2019-12-08 10:40:24'),
(690, 690, 123, 'BM5', '36170043', '2305059050', '0999084357', '2019-12-08 10:42:55', '2019-12-08 10:42:58'),
(691, 691, 123, 'BM3', '36170073', '2305060850', '0958779946', '2019-12-08 10:43:57', '2019-12-08 10:43:59'),
(692, 692, 122, '117', '28113663', '3296718242', '0997196591', '2019-12-08 11:05:59', '2019-12-08 11:06:02'),
(693, 693, 122, '124', '28113697', '3296719035', '0986560662', '2019-12-08 11:07:39', '2019-12-08 11:07:41'),
(694, 694, 122, '', '28115734', '3296740936', '0979491850', '2019-12-08 11:52:06', '2019-12-08 11:52:08'),
(695, 695, 123, '', '36172169', '2305172010', '0979172924', '2019-12-08 11:55:33', '2019-12-08 11:55:36'),
(696, 696, 122, '117', '28116072', '3296744278', '0968640655', '2019-12-08 11:59:20', '2019-12-08 11:59:23'),
(697, 697, 122, '117', '28116649', '3296750629', '0968889753', '2019-12-08 12:12:42', '2019-12-08 12:12:44'),
(699, 699, 123, '', '36173192', '2305223910', '0995682055', '2019-12-08 12:30:51', '2019-12-08 12:30:54'),
(700, 700, 122, '117', '28118115', '3296765249', '0993656236', '2019-12-08 12:45:09', '2019-12-08 12:45:11'),
(701, 701, 123, '', '36173896', '2305260200', '0983822769', '2019-12-08 12:56:44', '2019-12-08 12:56:46'),
(702, 702, 122, '', '28118653', '3296771261', '0979822520', '2019-12-08 12:58:53', '2019-12-08 12:58:55'),
(703, 703, 123, '', '36174000', '2305267230', '0995529842', '2019-12-08 13:02:02', '2019-12-08 13:02:04'),
(704, 704, 122, '', '28119127', '3296776612', '0988020641', '2019-12-08 13:11:33', '2019-12-08 13:11:35'),
(705, 705, 123, 'BM3', '36174347', '2305284420', '0998598100', '2019-12-08 13:15:21', '2019-12-08 13:15:24'),
(706, 706, 122, '', '28119655', '3296781727', '0990570665', '2019-12-08 13:23:54', '2019-12-08 13:23:55'),
(707, 707, 122, '117', '28120084', '3296786041', '0981540508', '2019-12-08 13:34:53', '2019-12-08 13:34:55'),
(709, 709, 122, '117', '28120292', '3296788077', '0995024241', '2019-12-08 13:39:56', '2019-12-08 13:39:58'),
(710, 710, 122, '117', '28120361', '3296788770', '0991556103', '2019-12-08 13:41:41', '2019-12-08 13:41:43'),
(711, 711, 122, '117', '28120532', '3296790427', '0988335350', '2019-12-08 13:45:52', '2019-12-08 13:45:55'),
(712, 712, 123, 'BM1', '36175208', '2305324490', '0998026247', '2019-12-08 13:46:26', '2019-12-08 13:46:29'),
(713, 713, 123, '', '36175300', '2305329790', '0984553840', '2019-12-08 13:50:34', '2019-12-08 13:50:36'),
(714, 714, 123, 'BM3', '36175341', '2305332480', '0999732155', '2019-12-08 13:52:45', '2019-12-08 13:52:47'),
(715, 715, 122, '', '28121025', '3296795547', '0999378173', '2019-12-08 13:59:12', '2019-12-08 13:59:13'),
(716, 716, 122, '', '28121294', '3296798071', '0984024989', '2019-12-08 14:06:03', '2019-12-08 14:06:05'),
(717, 717, 122, '118', '28121679', '3296802319', '0985583792', '2019-12-08 14:17:29', '2019-12-08 14:17:32'),
(718, 718, 122, '117', '28121718', '3296802687', '0968337129', '2019-12-08 14:18:17', '2019-12-08 14:18:20'),
(719, 719, 123, 'BM3', '36176245', '2305378880', '0962935211', '2019-12-08 14:32:25', '2019-12-08 14:32:28'),
(720, 720, 122, '117', '28122451', '3296810358', '0939564873', '2019-12-08 14:39:08', '2019-12-08 14:39:11'),
(721, 721, 122, '117', '28122612', '3296811876', '0986500889', '2019-12-08 14:43:32', '2019-12-08 14:43:35'),
(722, 722, 122, '117', '28122628', '3296812069', '0990934851', '2019-12-08 14:44:06', '2019-12-08 14:44:08'),
(723, 723, 122, '117', '28122752', '3296813330', '0990938451', '2019-12-08 14:47:47', '2019-12-08 14:47:50'),
(724, 724, 122, '117', '28122903', '3296814996', '0994285515', '2019-12-08 14:52:31', '2019-12-08 14:52:33'),
(725, 725, 123, 'BM3', '36177291', '2305433820', '0983267432', '2019-12-08 15:21:37', '2019-12-08 15:21:41'),
(726, 726, 122, '117', '28124063', '3296827749', '0969311948', '2019-12-08 15:29:29', '2019-12-08 15:29:32'),
(728, 728, 124, '', '36178237', '2305486670', '0978666076', '2019-12-08 16:09:43', '2019-12-08 16:09:47'),
(731, 731, 123, '', '36182689', '2305727590', '0992687951', '2019-12-08 19:26:15', '2019-12-08 19:26:18'),
(732, 732, 123, '', '36182720', '2305728540', '0987647135', '2019-12-08 19:27:03', '2019-12-08 19:27:05'),
(735, 735, 122, '', '28144521', '3297046397', '0969913663', '2019-12-09 09:28:12', '2019-12-09 09:28:14'),
(736, 736, 123, '', '36190984', '2306340950', '0984553840', '2019-12-09 10:16:21', '2019-12-09 10:16:25'),
(737, 737, 123, '', '36191275', '2306383650', '0998501115', '2019-12-09 10:28:04', '2019-12-09 10:28:07'),
(738, 738, 123, '', '36192520', '2306591940', '0984553840', '2019-12-09 11:20:43', '2019-12-09 11:20:46'),
(739, 739, 123, '', '36192532', '2306593790', '0984533139', '2019-12-09 11:21:13', '2019-12-09 11:21:16'),
(741, 741, 123, 'BM5', '36193925', '2306790100', '0995133458', '2019-12-09 12:15:46', '2019-12-09 12:15:50'),
(742, 742, 121, '', '28160836', '65643122', '000673900502', '2019-12-09 15:04:27', '2019-12-09 15:04:30'),
(743, 743, 122, '', '28167293', '3297275736', '0981959823', '2019-12-09 17:21:30', '2019-12-09 17:21:32'),
(744, 744, 121, '', '28167933', '65649461', '000719871097', '2019-12-09 17:34:09', '2019-12-09 17:34:10'),
(745, 745, 121, '', '28168659', '65650286', '000673943825', '2019-12-09 17:46:58', '2019-12-09 17:46:59'),
(746, 746, 122, '118', '28175131', '3297380979', '0981973522', '2019-12-09 20:36:50', '2019-12-09 20:36:53'),
(747, 747, 122, '124', '28176367', '3297393982', '0968554040', '2019-12-09 21:18:49', '2019-12-09 21:18:51'),
(748, 748, 122, '117', '28176798', '3297398520', '0993432151', '2019-12-09 21:39:52', '2019-12-09 21:39:55'),
(749, 749, 122, '117', '28180691', '3297445225', '0994381760', '2019-12-10 08:18:28', '2019-12-10 08:18:32'),
(750, 750, 124, '', '36214273', '2308499200', '0963363234', '2019-12-10 08:30:03', '2019-12-10 08:30:06'),
(751, 751, 122, '', '28190659', '3297555574', '0990415197', '2019-12-10 11:52:33', '2019-12-10 11:52:35'),
(752, 752, 124, '', '36222615', '2309174380', '0978817884', '2019-12-10 12:33:20', '2019-12-10 12:33:23'),
(753, 753, 122, '117', '28196654', '3297619301', '0981865679', '2019-12-10 14:10:55', '2019-12-10 14:10:57'),
(754, 754, 124, 'BTD2', '36227061', '2309506070', '0960058235', '2019-12-10 14:53:59', '2019-12-10 14:54:03'),
(755, 755, 122, '119', '28200841', '3297667107', '0983831149', '2019-12-10 15:53:04', '2019-12-10 15:53:07'),
(756, 756, 123, 'BM3', '36229102', '2309694660', '0987302697', '2019-12-10 16:06:21', '2019-12-10 16:06:25'),
(757, 757, 122, '', '28202610', '3297686194', '0981343570', '2019-12-10 16:37:42', '2019-12-10 16:37:44'),
(758, 758, 122, '124', '28203911', '3297700664', '0988856206', '2019-12-10 17:09:49', '2019-12-10 17:09:51'),
(759, 759, 121, '', '28204480', '65686719', '000775173305', '2019-12-10 17:22:15', '2019-12-10 17:22:17'),
(760, 760, 121, '', '28204990', '65687192', '000688667484', '2019-12-10 17:32:52', '2019-12-10 17:32:53'),
(761, 761, 121, '', '28206016', '65688422', '000749168670', '2019-12-10 17:55:33', '2019-12-10 17:55:35'),
(762, 762, 119, '', '28214552', '88332979', '0960612525', '2019-12-10 21:09:39', '2019-12-10 21:09:40'),
(763, 763, 122, '117', '28216782', '3297841990', '0991646576', '2019-12-11 07:08:44', '2019-12-11 07:08:47'),
(764, 764, 123, '', '36239395', '2310437120', '0958791188', '2019-12-11 07:13:23', '2019-12-11 07:13:26'),
(765, 765, 122, '117', '28221645', '3297896937', '0979622954', '2019-12-11 09:20:21', '2019-12-11 09:20:24'),
(766, 766, 122, '', '28229600', '3297979482', '0991942261', '2019-12-11 12:02:04', '2019-12-11 12:02:06'),
(767, 767, 122, '124', '28230741', '3297991008', '0985769044', '2019-12-11 12:25:41', '2019-12-11 12:25:44'),
(768, 768, 119, '', '28231209', '88353378', '0961227836', '2019-12-11 12:34:53', '2019-12-11 12:34:55'),
(769, 769, 122, '117', '28231268', '3297995897', '0989436359', '2019-12-11 12:35:46', '2019-12-11 12:35:48'),
(770, 770, 123, '', '36257550', '2311902420', '0979249533', '2019-12-11 17:31:12', '2019-12-11 17:31:16'),
(776, 776, 122, '117', '28255309', '3298216946', '0939533156', '2019-12-11 20:17:11', '2019-12-11 20:17:14'),
(777, 777, 123, '', '36265254', '2312407830', '0984008290', '2019-12-12 02:56:39', '2019-12-12 02:56:56'),
(778, 778, 122, '117', '28259529', '3298261795', '0991646576', '2019-12-12 07:09:21', '2019-12-12 07:09:24'),
(780, 780, 123, '', '36266873', '2312498840', '0992932360', '2019-12-12 08:06:33', '2019-12-12 08:06:35'),
(781, 781, 122, '', '28261436', '3298285012', '0986233598', '2019-12-12 08:14:39', '2019-12-12 08:14:41'),
(782, 782, 123, '', '36268675', '2312627300', '0984008290', '2019-12-12 09:14:10', '2019-12-12 09:14:15'),
(783, 783, 122, '', '28264031', '3298315356', '0997717073', '2019-12-12 09:18:31', '2019-12-12 09:18:33'),
(784, 784, 122, '', '28264156', '3298316734', '0997717073', '2019-12-12 09:21:07', '2019-12-12 09:21:09'),
(785, 785, 122, '', '28271850', '3298403221', '0992024885', '2019-12-12 12:09:32', '2019-12-12 12:09:33'),
(786, 786, 123, '', '36279436', '2313440240', '0992886411', '2019-12-12 14:38:48', '2019-12-12 14:38:52'),
(787, 787, 121, '', '28282499', '65770898', '001146522881', '2019-12-12 16:33:49', '2019-12-12 16:33:51'),
(788, 788, 122, '117', '28284237', '3298544540', '0986374156', '2019-12-12 17:16:14', '2019-12-12 17:16:17'),
(789, 789, 124, '', '36285284', '2313895770', '0963363234', '2019-12-12 17:54:36', '2019-12-12 17:54:39'),
(790, 790, 121, '', '28286045', '65773551', '001146684855', '2019-12-12 17:56:01', '2019-12-12 17:56:03'),
(791, 791, 123, '', '36287118', '2314006450', '0983027483', '2019-12-12 18:41:14', '2019-12-12 18:41:17'),
(792, 792, 122, '', '28289389', '3298601588', '0967284914', '2019-12-12 19:02:23', '2019-12-12 19:02:25'),
(793, 793, 121, '', '28290294', '65778956', '000783623374', '2019-12-12 19:18:40', '2019-12-12 19:18:42'),
(794, 794, 121, '', '28290302', '65778965', '000783623374', '2019-12-12 19:18:46', '2019-12-12 19:18:47'),
(795, 795, 122, '117', '28298238', '3298699260', '0991646576', '2019-12-13 07:43:20', '2019-12-13 07:43:22'),
(796, 796, 123, 'BM5', '36294429', '2314440460', '0995467551', '2019-12-13 08:23:10', '2019-12-13 08:23:13'),
(797, 797, 122, '124', '28299920', '3298718789', '0990458372', '2019-12-13 08:29:00', '2019-12-13 08:29:02'),
(798, 798, 123, '', '36295345', '2314508560', '0995625478', '2019-12-13 08:55:41', '2019-12-13 08:55:44'),
(799, 799, 122, '', '28301491', '3298735871', '0988168348', '2019-12-13 09:02:33', '2019-12-13 09:02:35'),
(800, 800, 122, '', '28301527', '3298736217', '0997242238', '2019-12-13 09:03:11', '2019-12-13 09:03:13'),
(801, 801, 122, '', '28306010', '3298785746', '0969611503', '2019-12-13 10:29:57', '2019-12-13 10:29:59'),
(802, 802, 122, '118', '28322699', '3298970231', '0959015881', '2019-12-13 16:30:11', '2019-12-13 16:30:14'),
(803, 803, 122, '', '28346476', '3299237508', '0982632768', '2019-12-14 09:51:37', '2019-12-14 09:51:39'),
(804, 804, 122, '', '28349528', '3299269935', '0967098599', '2019-12-14 10:44:54', '2019-12-14 10:44:56'),
(805, 805, 122, '', '28361603', '3299401455', '0986972906', '2019-12-14 14:51:25', '2019-12-14 14:51:27'),
(806, 806, 121, '', '28369049', '65837344', '000227819661', '2019-12-14 17:35:29', '2019-12-14 17:35:31'),
(807, 807, 124, '', '36344678', '2317714800', '0962552794', '2019-12-14 18:41:59', '2019-12-14 18:42:02'),
(808, 808, 121, '', '28372898', '65841483', '001159174265', '2019-12-14 18:45:41', '2019-12-14 18:45:43'),
(810, 810, 121, '', '28373486', '65842260', '001140994912', '2019-12-14 18:55:24', '2019-12-14 18:55:25'),
(811, 811, 124, '', '36346311', '2317800280', '0983530211', '2019-12-14 19:26:39', '2019-12-14 19:26:46'),
(812, 812, 122, '', '28379339', '3299589427', '0959788297', '2019-12-14 20:49:40', '2019-12-14 20:49:42'),
(813, 813, 119, '', '28395782', '88563271', '0996544980', '2019-12-15 13:21:12', '2019-12-15 13:21:14'),
(814, 814, 121, '', '28397232', '65881305', '000691684435', '2019-12-15 13:59:45', '2019-12-15 13:59:46'),
(815, 815, 123, '', '36361138', '2318585890', '0987387709', '2019-12-15 14:46:31', '2019-12-15 14:46:34'),
(816, 816, 121, '', '28400104', '65891884', '000771533023', '2019-12-15 15:12:40', '2019-12-15 15:12:41'),
(817, 817, 121, '', '28400868', '65894636', '001113322679', '2019-12-15 15:34:27', '2019-12-15 15:34:29'),
(818, 818, 122, '', '28402317', '3299847791', '0979507648', '2019-12-15 16:20:35', '2019-12-15 16:20:37'),
(819, 819, 123, '', '36363477', '2318704370', '0992787627', '2019-12-15 16:31:18', '2019-12-15 16:31:20'),
(820, 820, 123, '', '36363812', '2318724510', '0992787627', '2019-12-15 16:51:11', '2019-12-15 16:51:14'),
(821, 821, 122, '117', '28403505', '3299861234', '0982632768', '2019-12-15 17:05:12', '2019-12-15 17:05:15'),
(822, 822, 122, '', '28404131', '3299868914', '0967556376', '2019-12-15 17:26:46', '2019-12-15 17:26:48'),
(826, 826, 122, '117', '28407462', '3299906886', '0959033082', '2019-12-15 18:59:34', '2019-12-15 18:59:37'),
(827, 827, 122, '', '28407658', '3299909023', '0985310638', '2019-12-15 19:03:59', '2019-12-15 19:04:01'),
(828, 828, 123, '', '36367149', '2318909750', '0979249533', '2019-12-15 19:18:09', '2019-12-15 19:18:12'),
(829, 829, 122, '', '28414992', '3299997332', '0969653156', '2019-12-16 07:41:19', '2019-12-16 07:41:21'),
(830, 830, 124, '', '36372972', '2319206760', '0963122430', '2019-12-16 08:16:45', '2019-12-16 08:16:49'),
(831, 831, 124, '', '36379044', '2319666370', '0995709978', '2019-12-16 10:44:02', '2019-12-16 10:44:05'),
(832, 832, 122, '', '28444479', '3300318122', '0991895041', '2019-12-16 17:22:49', '2019-12-16 17:22:52'),
(833, 833, 122, '', '28444642', '3300319620', '0979507648', '2019-12-16 17:25:36', '2019-12-16 17:25:37'),
(834, 834, 123, '', '36396117', '2321082710', '0979095675', '2019-12-16 18:20:05', '2019-12-16 18:20:07'),
(835, 835, 122, '117', '28448060', '3300350668', '0968324095', '2019-12-16 18:21:33', '2019-12-16 18:21:36'),
(836, 836, 124, '', '36396245', '2321092950', '0983530211', '2019-12-16 18:23:16', '2019-12-16 18:23:19'),
(837, 837, 124, '', '36396249', '2321093230', '0963122430', '2019-12-16 18:23:20', '2019-12-16 18:23:22'),
(838, 838, 124, '', '36396403', '2321103750', '0963122430', '2019-12-16 18:26:32', '2019-12-16 18:26:35'),
(839, 839, 123, '', '36396905', '2321138730', '0962938558', '2019-12-16 18:37:22', '2019-12-16 18:37:25'),
(840, 840, 122, '', '28450536', '3300372252', '0939203435', '2019-12-16 18:57:10', '2019-12-16 18:57:13'),
(841, 841, 122, '', '28450596', '3300372732', '0993843593', '2019-12-16 18:57:55', '2019-12-16 18:57:57'),
(842, 842, 122, '117', '28450725', '3300373633', '0959033082', '2019-12-16 18:59:23', '2019-12-16 18:59:26'),
(844, 844, 119, '', '28452370', '88657102', '0960612525', '2019-12-16 19:22:16', '2019-12-16 19:22:18'),
(845, 845, 123, '', '36398882', '2321277440', '0984008290', '2019-12-16 19:26:39', '2019-12-16 19:26:41'),
(846, 846, 122, '', '28452928', '3300392176', '0981780442', '2019-12-16 19:30:40', '2019-12-16 19:30:42'),
(847, 847, 122, '', '28485532', '3300731540', '0999419589', '2019-12-17 16:30:56', '2019-12-17 16:30:58'),
(848, 848, 122, '', '28485823', '3300735073', '0959087110', '2019-12-17 16:38:31', '2019-12-17 16:38:32'),
(849, 849, 121, '', '28491514', '65971482', '000692106438', '2019-12-17 18:46:37', '2019-12-17 18:46:38'),
(850, 850, 121, '', '28493118', '65974124', '000262693039', '2019-12-17 19:15:36', '2019-12-17 19:15:37'),
(851, 851, 122, '', '28496777', '3300856189', '0995830879', '2019-12-17 20:31:12', '2019-12-17 20:31:14'),
(852, 852, 122, '', '28496823', '3300856694', '0995830879', '2019-12-17 20:32:38', '2019-12-17 20:32:40'),
(853, 853, 123, '', '36431151', '2323658110', '0984206405', '2019-12-18 06:22:27', '2019-12-18 06:22:30'),
(854, 854, 122, '', '28516821', '3301068641', '0969653156', '2019-12-18 12:53:53', '2019-12-18 12:53:55'),
(855, 855, 122, '', '28518805', '3301087391', '0994755951', '2019-12-18 13:32:25', '2019-12-18 13:32:27'),
(856, 856, 123, 'BM3', '36453755', '2325381370', '0983517034', '2019-12-18 18:09:19', '2019-12-18 18:09:22'),
(857, 857, 122, '', '28531780', '3301217946', '0968324095', '2019-12-18 18:13:01', '2019-12-18 18:13:03'),
(858, 858, 123, '', '36461037', '2325821130', '0984553840', '2019-12-19 07:13:01', '2019-12-19 07:13:05'),
(859, 859, 123, '', '36461051', '2325821800', '0984533139', '2019-12-19 07:13:44', '2019-12-19 07:13:46'),
(860, 860, 123, '', '36463100', '2325978490', '0998635418', '2019-12-19 08:50:19', '2019-12-19 08:50:21'),
(862, 862, 122, '119', '28550647', '3301415656', '0980900519', '2019-12-19 09:54:56', '2019-12-19 09:54:59'),
(863, 863, 121, '', '28577481', '66034976', '000774780514', '2019-12-19 18:59:52', '2019-12-19 18:59:53'),
(864, 864, 123, 'BM5', '36484849', '2327619890', '0984333752', '2019-12-19 19:24:51', '2019-12-19 19:24:53'),
(865, 865, 121, '', '28581082', '66039638', '001126961869', '2019-12-19 19:58:43', '2019-12-19 19:58:45'),
(866, 866, 124, 'BTD1', '36488552', '2327838460', '0983530211', '2019-12-19 22:44:49', '2019-12-19 22:44:54'),
(867, 867, 122, '119', '28587681', '3301803976', '0991646576', '2019-12-20 07:25:31', '2019-12-20 07:25:34'),
(868, 868, 121, '', '28588339', '66046444', '001111315311', '2019-12-20 07:44:27', '2019-12-20 07:44:29'),
(869, 869, 122, '', '28593956', '3301873522', '0992428784', '2019-12-20 09:34:03', '2019-12-20 09:34:04'),
(871, 871, 122, '117', '28611147', '3302058570', '0982632768', '2019-12-20 14:47:59', '2019-12-20 14:48:02'),
(872, 872, 122, '', '28618561', '3302143149', '0969653156', '2019-12-20 17:16:36', '2019-12-20 17:16:38'),
(873, 873, 124, '', '36520982', '2330047440', '0983530211', '2019-12-20 20:47:32', '2019-12-20 20:47:35'),
(874, 874, 124, '', '36525723', '2330295980', '0999513446', '2019-12-21 09:06:50', '2019-12-21 09:06:52'),
(875, 875, 123, '', '36539496', '2331144090', '0984553840', '2019-12-21 15:25:53', '2019-12-21 15:25:56'),
(876, 876, 123, '', '36539522', '2331145990', '0984533139', '2019-12-21 15:26:58', '2019-12-21 15:27:00'),
(877, 877, 121, '', '28660701', '66089707', '000262648900', '2019-12-21 15:31:34', '2019-12-21 15:31:36'),
(878, 878, 122, '', '28662267', '3302612358', '0993078425', '2019-12-21 16:04:20', '2019-12-21 16:04:22'),
(879, 879, 123, 'BM3', '36540654', '2331214790', '0987302697', '2019-12-21 16:05:13', '2019-12-21 16:05:17'),
(880, 880, 123, '', '36546171', '2331542980', '0983585399', '2019-12-21 19:02:15', '2019-12-21 19:02:18'),
(881, 881, 121, '', '28670715', '66098811', '001146684855', '2019-12-21 19:04:42', '2019-12-21 19:04:44'),
(882, 882, 123, '', '36546273', '2331548230', '0984553840', '2019-12-21 19:04:52', '2019-12-21 19:04:55'),
(883, 883, 124, 'BTV1', '36546407', '2331553590', '0983530211', '2019-12-21 19:07:33', '2019-12-21 19:07:37'),
(884, 884, 123, 'BM5', '36562379', '2332336830', '0983484004', '2019-12-22 14:02:20', '2019-12-22 14:02:24'),
(885, 885, 124, '', '36562887', '2332361260', '0999752205', '2019-12-22 14:23:13', '2019-12-22 14:23:15'),
(886, 886, 122, '', '28698985', '3303053666', '0999435761', '2019-12-22 16:30:38', '2019-12-22 16:30:41'),
(887, 887, 122, '', '28699155', '3303055537', '0967556376', '2019-12-22 16:35:58', '2019-12-22 16:36:00'),
(888, 888, 123, 'BM5', '36566596', '2332545590', '0987935582', '2019-12-22 17:09:38', '2019-12-22 17:09:41'),
(889, 889, 123, '', '36568812', '2332658450', '0984553840', '2019-12-22 18:42:34', '2019-12-22 18:42:38'),
(892, 892, 124, 'BTD1', '36574216', '2332919460', '0983530211', '2019-12-23 07:12:43', '2019-12-23 07:12:47'),
(893, 893, 123, '', '36590387', '2334065750', '0984533139', '2019-12-23 13:33:50', '2019-12-23 13:33:53'),
(894, 894, 121, '', '28737364', '66156836', '000760050302', '2019-12-23 14:22:26', '2019-12-23 14:22:28'),
(895, 895, 121, '', '28737426', '66156904', '000673900502', '2019-12-23 14:23:47', '2019-12-23 14:23:48'),
(896, 896, 122, '', '28746834', '3303586898', '0959087110', '2019-12-23 17:33:48', '2019-12-23 17:33:50'),
(897, 897, 123, 'BM3', '36602776', '2334929010', '0962698614', '2019-12-23 18:47:15', '2019-12-23 18:47:18'),
(898, 898, 119, '', '28757458', '89043065', '0961275253', '2019-12-23 20:27:31', '2019-12-23 20:27:33'),
(899, 899, 121, '', '28759693', '66181941', '000691867931', '2019-12-23 21:21:17', '2019-12-23 21:21:18'),
(900, 900, 122, '117', '28762645', '3303739014', '0997077711', '2019-12-24 07:29:35', '2019-12-24 07:29:38'),
(901, 901, 124, 'BTD1', '36609287', '2335284320', '0983530211', '2019-12-24 07:30:05', '2019-12-24 07:30:09'),
(902, 902, 122, '124', '28769259', '3303809550', '0959108023', '2019-12-24 09:51:14', '2019-12-24 09:51:16'),
(903, 903, 122, '117', '28774342', '3303859756', '0990060599', '2019-12-24 11:07:26', '2019-12-24 11:07:29'),
(904, 904, 122, '', '28782907', '3303940811', '0990544120', '2019-12-24 13:26:49', '2019-12-24 13:26:51'),
(905, 905, 122, '', '28793373', '3304040875', '0979729374', '2019-12-24 16:31:16', '2019-12-24 16:31:19'),
(906, 906, 121, '', '28798117', '66201740', '000248889602', '2019-12-24 17:49:13', '2019-12-24 17:49:14'),
(907, 907, 121, '', '28798260', '66201869', '001126153970', '2019-12-24 17:51:24', '2019-12-24 17:51:25'),
(908, 908, 122, '117', '28807402', '3304175739', '0982632768', '2019-12-24 20:01:20', '2019-12-24 20:01:24'),
(909, 909, 121, '', '28808337', '66211390', '000739022994', '2019-12-24 20:16:03', '2019-12-24 20:16:05'),
(910, 910, 122, '', '28814483', '3304236989', '0959172092', '2019-12-24 22:56:33', '2019-12-24 22:56:36'),
(911, 911, 119, '', '28815317', '89137066', '0982349173', '2019-12-25 06:18:19', '2019-12-25 06:18:21'),
(912, 912, 123, '', '36640525', '2337227580', '0998583178', '2019-12-25 06:19:30', '2019-12-25 06:19:48'),
(913, 913, 123, '', '36640527', '2337227590', '0998583178', '2019-12-25 06:19:49', '2019-12-25 06:19:50'),
(914, 914, 123, 'BM5', '36641718', '2337277430', '0958869327', '2019-12-25 09:01:51', '2019-12-25 09:01:54'),
(915, 915, 124, '', '36641887', '2337287300', '0995709978', '2019-12-25 09:14:20', '2019-12-25 09:14:22'),
(916, 916, 121, '', '28818086', '66218646', '000765435797', '2019-12-25 09:42:51', '2019-12-25 09:42:53'),
(917, 917, 122, '', '28833647', '3304449334', '0968324095', '2019-12-25 17:48:25', '2019-12-25 17:48:28'),
(918, 918, 123, 'BM2', '36652979', '2337832740', '0998733876', '2019-12-25 18:02:11', '2019-12-25 18:02:14'),
(919, 919, 122, '117', '28836833', '3304482573', '0997077711', '2019-12-25 19:12:12', '2019-12-25 19:12:15'),
(920, 920, 122, '', '28845688', '3304580693', '0939221205', '2019-12-26 08:54:32', '2019-12-26 08:54:34'),
(921, 921, 121, '', '28852434', '66251101', '001104655368', '2019-12-26 10:43:38', '2019-12-26 10:43:39'),
(922, 922, 123, 'BM5', '36674013', '2339169500', '0992880046', '2019-12-26 14:55:27', '2019-12-26 14:55:31'),
(923, 923, 123, 'BM5', '36674116', '2339175960', '0992880046', '2019-12-26 14:58:00', '2019-12-26 14:58:03'),
(924, 924, 123, 'BM5', '36674602', '2339214640', '0987019596', '2019-12-26 15:14:04', '2019-12-26 15:14:07'),
(925, 925, 123, 'BM1', '36682769', '2339824070', '0987037414', '2019-12-26 19:29:13', '2019-12-26 19:29:16'),
(926, 926, 121, '', '28879477', '66277157', '000738862622', '2019-12-26 19:53:55', '2019-12-26 19:53:57'),
(927, 927, 124, 'BTD2', '36686721', '2340033550', '0983530211', '2019-12-27 07:11:49', '2019-12-27 07:11:53'),
(928, 928, 121, '', '28895143', '66288523', '000686525817', '2019-12-27 11:12:54', '2019-12-27 11:12:56'),
(929, 929, 121, '', '28899666', '66290263', '000249049701', '2019-12-27 12:33:51', '2019-12-27 12:33:52'),
(931, 931, 121, '', '28903537', '66292059', '000768503583', '2019-12-27 13:54:11', '2019-12-27 13:54:12'),
(932, 932, 123, '', '36700413', '2341080470', '0998118367', '2019-12-27 14:36:06', '2019-12-27 14:36:09'),
(935, 935, 121, '', '28905669', '66293074', '000673892212', '2019-12-27 14:43:26', '2019-12-27 14:43:27'),
(936, 936, 121, '', '28919803', '66304509', '000783623374', '2019-12-27 19:20:28', '2019-12-27 19:20:30'),
(937, 937, 123, '', '36714070', '2341991910', '0984533139', '2019-12-27 21:19:44', '2019-12-27 21:19:47'),
(938, 938, 123, '', '36714078', '2341992220', '0984553840', '2019-12-27 21:20:13', '2019-12-27 21:20:16'),
(939, 939, 122, '', '28931951', '3305492712', '0990544120', '2019-12-28 09:32:30', '2019-12-28 09:32:32'),
(940, 940, 121, '', '28938594', '66318282', '000673769394', '2019-12-28 11:30:30', '2019-12-28 11:30:31'),
(941, 941, 124, '', '36726379', '2342671850', '0981980892', '2019-12-28 13:00:28', '2019-12-28 13:00:31'),
(942, 942, 123, 'BM1', '36728515', '2342793570', '0987037414', '2019-12-28 14:07:05', '2019-12-28 14:07:09'),
(943, 943, 122, '', '28948373', '3305664693', '0969259211', '2019-12-28 14:56:40', '2019-12-28 14:56:42'),
(944, 944, 122, '', '28952145', '3305706741', '0990975448', '2019-12-28 16:27:05', '2019-12-28 16:27:07'),
(945, 945, 122, '', '28953368', '3305720751', '0999419589', '2019-12-28 16:56:54', '2019-12-28 16:56:56'),
(946, 946, 122, '124', '28953828', '3305725556', '0939354778', '2019-12-28 17:07:01', '2019-12-28 17:07:04'),
(947, 947, 123, '', '36734589', '2343149460', '0998093353', '2019-12-28 17:32:11', '2019-12-28 17:32:14'),
(948, 948, 121, '', '28960760', '66336865', '000772190187', '2019-12-28 19:39:40', '2019-12-28 19:39:42'),
(949, 949, 121, '', '28961477', '66337832', '000262693039', '2019-12-28 19:54:48', '2019-12-28 19:54:49'),
(950, 950, 121, '', '28961522', '66337914', '000717186506', '2019-12-28 19:55:40', '2019-12-28 19:55:41'),
(954, 954, 122, '', '28973998', '3305976994', '0981061897', '2019-12-29 11:19:37', '2019-12-29 11:19:39'),
(955, 955, 123, 'BM2', '36755046', '2344181370', '0998118367', '2019-12-29 16:08:25', '2019-12-29 16:08:29'),
(956, 956, 122, '', '28988672', '3306120279', '0991895041', '2019-12-29 17:09:27', '2019-12-29 17:09:29'),
(957, 957, 123, '', '36758306', '2344349800', '0962938558', '2019-12-29 18:44:08', '2019-12-29 18:44:11'),
(958, 958, 123, '', '36760259', '2344444530', '0979249533', '2019-12-29 19:53:30', '2019-12-29 19:53:48'),
(959, 959, 123, '', '36760271', '2344444560', '0979249533', '2019-12-29 19:53:49', '2019-12-29 19:53:51'),
(960, 960, 123, 'BM5', '36760453', '2344452600', '0979332990', '2019-12-29 20:01:31', '2019-12-29 20:01:34'),
(961, 961, 124, '', '36766711', '2344791600', '0999513446', '2019-12-30 09:52:28', '2019-12-30 09:52:31'),
(962, 962, 124, '', '36766757', '2344793960', '0983530211', '2019-12-30 09:53:28', '2019-12-30 09:53:31'),
(963, 963, 121, '', '29009645', '66378383', '000691867931', '2019-12-30 10:48:54', '2019-12-30 10:48:56'),
(964, 964, 121, '', '29022815', '66385085', '000768748154', '2019-12-30 14:57:48', '2019-12-30 14:57:49'),
(965, 965, 122, '119', '29033291', '3306595695', '0997516588', '2019-12-30 18:30:26', '2019-12-30 18:30:29'),
(966, 966, 122, '124', '29034773', '3306610905', '0989502178', '2019-12-30 18:56:02', '2019-12-30 18:56:05'),
(967, 967, 122, '117', '29042392', '3306688797', '0993432151', '2019-12-30 22:08:43', '2019-12-30 22:08:46'),
(968, 968, 123, '', '36795762', '2346677350', '0995561927', '2019-12-31 10:54:02', '2019-12-31 10:54:05'),
(969, 969, 122, '', '29059037', '3306872049', '0990688378', '2019-12-31 12:34:32', '2019-12-31 12:34:34'),
(970, 970, 121, '', '29069496', '66414742', '000691684435', '2019-12-31 15:33:33', '2019-12-31 15:33:35'),
(975, 975, 124, '', '36813178', '2347613980', '0983836794', '2019-12-31 18:38:35', '2019-12-31 18:38:38'),
(976, 976, 121, '', '29082770', '66420531', '000863494605', '2019-12-31 18:56:39', '2019-12-31 18:56:41'),
(977, 977, 123, 'BM1', '36814449', '2347679170', '0962698614', '2019-12-31 19:07:18', '2019-12-31 19:07:21'),
(978, 978, 122, '117', '29084165', '3307136193', '0988343423', '2019-12-31 19:12:52', '2019-12-31 19:12:55'),
(979, 979, 121, '', '29085068', '66421546', '000248889602', '2019-12-31 19:25:01', '2019-12-31 19:25:03'),
(980, 980, 123, '', '36815220', '2347722420', '0998006943', '2019-12-31 19:26:14', '2019-12-31 19:26:16'),
(981, 981, 122, '117', '29085347', '3307150049', '0985016749', '2019-12-31 19:28:42', '2019-12-31 19:28:45'),
(982, 982, 122, '', '29098704', '3307279714', '0980204351', '2019-12-31 23:40:03', '2019-12-31 23:40:05'),
(983, 983, 121, '', '29101364', '66428548', '000688667484', '2020-01-01 10:34:03', '2020-01-01 10:34:05'),
(984, 984, 121, '', '29104789', '66432539', '000774780514', '2020-01-01 13:08:15', '2020-01-01 13:08:17'),
(985, 985, 121, '', '29105674', '66433843', '000866268337', '2020-01-01 13:55:51', '2020-01-01 13:55:52'),
(986, 986, 122, '117', '29108808', '3307389259', '0968623524', '2020-01-01 16:38:27', '2020-01-01 16:38:29'),
(987, 987, 122, '', '29108940', '3307390440', '0991596239', '2020-01-01 16:43:51', '2020-01-01 16:43:53'),
(988, 988, 121, '', '29109604', '66439293', '000869544791', '2020-01-01 17:15:18', '2020-01-01 17:15:20'),
(989, 989, 123, '', '36829277', '2348387280', '0958773208', '2020-01-01 17:57:06', '2020-01-01 17:57:09'),
(990, 990, 123, '', '36829322', '2348389850', '0998451524', '2020-01-01 18:00:40', '2020-01-01 18:00:43'),
(992, 992, 122, '124', '29110922', '3307410575', '0997794940', '2020-01-01 18:08:24', '2020-01-01 18:08:26'),
(993, 993, 122, '124', '29110925', '3307410595', '0997794940', '2020-01-01 18:08:27', '2020-01-01 18:08:29'),
(994, 994, 122, '124', '29110928', '3307410611', '0997794940', '2020-01-01 18:08:29', '2020-01-01 18:08:31'),
(995, 995, 122, '117', '29111636', '3307417373', '0979507648', '2020-01-01 18:32:15', '2020-01-01 18:32:17'),
(996, 996, 123, '', '36830295', '2348440460', '0987684358', '2020-01-01 19:00:46', '2020-01-01 19:00:48'),
(997, 997, 122, '118', '29112898', '3307429605', '0988535423', '2020-01-01 19:09:16', '2020-01-01 19:09:19'),
(998, 998, 123, 'BM1', '36831063', '2348480010', '0987037414', '2020-01-01 19:47:03', '2020-01-01 19:47:07'),
(1002, 1002, 124, 'BTD1', '36848754', '2349592290', '0983530211', '2020-01-02 13:47:03', '2020-01-02 13:47:07'),
(1003, 1003, 122, '', '29159995', '3307895710', '0968324095', '2020-01-02 20:51:09', '2020-01-02 20:51:11'),
(1004, 1004, 123, '', '36879962', '2351818820', '0987302697', '2020-01-03 14:35:37', '2020-01-03 14:35:40'),
(1005, 1005, 123, 'BM3', '36883673', '2352124370', '0998733876', '2020-01-03 16:25:10', '2020-01-03 16:25:14'),
(1006, 1006, 122, '', '29224331', '3308541454', '0993078425', '2020-01-04 13:28:01', '2020-01-04 13:28:03'),
(1007, 1007, 122, '', '29241785', '3308710525', '0991994504', '2020-01-04 19:32:27', '2020-01-04 19:32:29'),
(1008, 1008, 122, '', '29252242', '3308823290', '0990826176', '2020-01-05 09:43:32', '2020-01-05 09:43:34'),
(1009, 1009, 122, '', '29271377', '3309023627', '0997516588', '2020-01-05 17:45:48', '2020-01-05 17:45:50'),
(1010, 1010, 119, '', '29272574', '89684916', '0960704286', '2020-01-05 18:19:25', '2020-01-05 18:19:26'),
(1011, 1011, 124, 'BTD1', '36950819', '2355372130', '0983530211', '2020-01-06 07:05:49', '2020-01-06 07:05:52'),
(1012, 1012, 123, '', '36961144', '2356174740', '0979095675', '2020-01-06 11:36:21', '2020-01-06 11:36:23'),
(1013, 1013, 123, '', '36962886', '2356324290', '0983403466', '2020-01-06 12:16:02', '2020-01-06 12:16:05'),
(1014, 1014, 122, '117', '29314176', '3309463089', '0991560831', '2020-01-06 17:01:25', '2020-01-06 17:01:28'),
(1015, 1015, 123, '', '36973666', '2357197080', '0998064518', '2020-01-06 17:02:29', '2020-01-06 17:02:31'),
(1016, 1016, 122, '', '29320407', '3309521348', '0959087110', '2020-01-06 18:45:12', '2020-01-06 18:45:14'),
(1017, 1017, 124, '', '36981291', '2357723690', '0963310503', '2020-01-06 20:13:16', '2020-01-06 20:13:19'),
(1018, 1018, 124, 'BTD1', '36985363', '2357948440', '0983530211', '2020-01-07 08:08:56', '2020-01-07 08:08:58'),
(1019, 1019, 122, '', '29362434', '3309934458', '0968398987', '2020-01-07 18:24:04', '2020-01-07 18:24:06'),
(1020, 1020, 122, '124', '29362814', '3309937927', '0999419589', '2020-01-07 18:30:32', '2020-01-07 18:30:34'),
(1021, 1021, 122, '', '29364505', '3309953617', '0969259211', '2020-01-07 18:59:06', '2020-01-07 18:59:08'),
(1022, 1022, 121, '', '29365129', '66660767', '000783623374', '2020-01-07 19:07:54', '2020-01-07 19:07:55'),
(1023, 1023, 124, '', '37023848', '2360725810', '0962569667', '2020-01-08 13:08:35', '2020-01-08 13:08:37'),
(1024, 1024, 123, 'BM3', '37032548', '2361379010', '0987205337', '2020-01-08 17:56:08', '2020-01-08 17:56:10'),
(1025, 1025, 124, '', '37035014', '2361531930', '0999513446', '2020-01-08 19:00:42', '2020-01-08 19:00:45'),
(1026, 1026, 123, '', '37039651', '2361793400', '0958948324', '2020-01-09 06:10:12', '2020-01-09 06:10:30'),
(1027, 1027, 122, '117', '29446955', '3310724669', '0988343423', '2020-01-09 18:00:57', '2020-01-09 18:01:00'),
(1028, 1028, 124, 'BTD1', '37067033', '2363632630', '0983530211', '2020-01-10 05:48:08', '2020-01-10 05:48:26'),
(1029, 1029, 124, '', '37076534', '2364232120', '0983530211', '2020-01-10 11:46:28', '2020-01-10 11:46:31'),
(1030, 1030, 122, '', '29483382', '3311090310', '0959788234', '2020-01-10 15:57:44', '2020-01-10 15:57:46'),
(1031, 1031, 121, '', '29487678', '66746737', '001126153970', '2020-01-10 17:27:20', '2020-01-10 17:27:22'),
(1032, 1032, 122, '117', '29491582', '3311171369', '0982632768', '2020-01-10 18:33:24', '2020-01-10 18:33:27'),
(1033, 1033, 124, '', '37095952', '2365449110', '0995709978', '2020-01-10 20:39:34', '2020-01-10 20:39:36'),
(1034, 1034, 122, '124', '29503011', '3311280289', '0985455057', '2020-01-11 07:23:52', '2020-01-11 07:23:55'),
(1035, 1035, 122, '117', '29507144', '3311328287', '0991402619', '2020-01-11 09:31:22', '2020-01-11 09:31:26'),
(1036, 1036, 122, '117', '29531740', '3311575539', '0968324095', '2020-01-11 17:51:02', '2020-01-11 17:51:06'),
(1037, 1037, 122, '117', '29532125', '3311579080', '0985016749', '2020-01-11 17:58:26', '2020-01-11 17:58:29'),
(1038, 1038, 122, '119', '29532694', '3311584144', '0997516588', '2020-01-11 18:09:02', '2020-01-11 18:09:05'),
(1039, 1039, 122, '117', '29542906', '3311680456', '0967436229', '2020-01-11 21:37:27', '2020-01-11 21:37:30'),
(1040, 1040, 122, '', '29560966', '3311870786', '0981872601', '2020-01-12 14:34:09', '2020-01-12 14:34:11'),
(1041, 1041, 123, '', '37134170', '2367511400', '0962951635', '2020-01-12 15:07:36', '2020-01-12 15:07:39'),
(1042, 1042, 122, '', '29566040', '3311923146', '0988343423', '2020-01-12 17:16:23', '2020-01-12 17:16:25'),
(1043, 1043, 124, '', '37138267', '2367719420', '0995709978', '2020-01-12 18:37:19', '2020-01-12 18:37:22'),
(1044, 1044, 122, '117', '29570244', '3311962777', '0988409210', '2020-01-12 19:03:45', '2020-01-12 19:03:48'),
(1045, 1045, 123, '', '37139477', '2367778530', '0987096143', '2020-01-12 19:21:27', '2020-01-12 19:21:30'),
(1046, 1046, 122, '', '29571513', '3311974001', '0999419589', '2020-01-12 19:27:38', '2020-01-12 19:27:40'),
(1047, 1047, 122, '', '29571920', '3311977763', '0959087110', '2020-01-12 19:35:53', '2020-01-12 19:35:55'),
(1048, 1048, 123, '', '37166186', '2369649500', '0995953454', '2020-01-13 17:50:20', '2020-01-13 17:50:22'),
(1049, 1049, 124, '', '37178026', '2370429480', '0995709978', '2020-01-14 09:52:04', '2020-01-14 09:52:06'),
(1050, 1050, 122, '', '29653777', '3312753998', '0959087110', '2020-01-14 16:40:05', '2020-01-14 16:40:07'),
(1051, 1051, 123, '', '37193867', '2371620000', '0958948324', '2020-01-14 17:53:34', '2020-01-14 17:53:36'),
(1052, 1052, 121, '', '29661683', '66899066', '000783623374', '2020-01-14 19:07:46', '2020-01-14 19:07:48');
INSERT INTO `pagos_recargas` (`id`, `pagos_id`, `servicio_id`, `paquete`, `proveedor_servicio_id`, `operadora_servicio_id`, `telefono`, `created_at`, `updated_at`) VALUES
(1053, 1053, 121, '', '29663015', '66900917', '000739022994', '2020-01-14 19:29:09', '2020-01-14 19:29:11'),
(1054, 1054, 121, '', '29663123', '66901120', '000774780514', '2020-01-14 19:31:07', '2020-01-14 19:31:09'),
(1055, 1055, 123, 'BM1', '37197794', '2371862660', '0958871486', '2020-01-14 19:41:46', '2020-01-14 19:41:48'),
(1056, 1056, 124, '', '37198870', '2371928820', '0963310503', '2020-01-14 20:18:23', '2020-01-14 20:18:25'),
(1057, 1057, 123, '', '37213882', '2373010810', '0984796991', '2020-01-15 13:40:59', '2020-01-15 13:41:02'),
(1058, 1058, 122, '', '29694771', '3313124686', '0967151092', '2020-01-15 15:20:42', '2020-01-15 15:20:44'),
(1059, 1059, 123, '', '37221543', '2373637400', '0958712318', '2020-01-15 17:48:51', '2020-01-15 17:48:53'),
(1060, 1060, 121, '', '29710460', '66934300', '000262693039', '2020-01-15 19:59:43', '2020-01-15 19:59:45'),
(1061, 1061, 121, '', '29733278', '66948482', '000673892212', '2020-01-16 13:17:03', '2020-01-16 13:17:05'),
(1062, 1062, 123, '', '37244027', '2375133850', '0998118367', '2020-01-16 14:51:43', '2020-01-16 14:51:45'),
(1063, 1063, 121, '', '29742431', '66954162', '001119623393', '2020-01-16 16:51:36', '2020-01-16 16:51:38'),
(1064, 1064, 122, '', '29742568', '3313570509', '0959087110', '2020-01-16 16:54:31', '2020-01-16 16:54:33'),
(1065, 1065, 122, '', '29746813', '3313610293', '0982623257', '2020-01-16 18:17:43', '2020-01-16 18:17:45'),
(1066, 1066, 121, '', '29747876', '66959537', '000678975640', '2020-01-16 18:36:37', '2020-01-16 18:36:39'),
(1067, 1067, 121, '', '29748782', '66960580', '001140994912', '2020-01-16 18:52:05', '2020-01-16 18:52:06'),
(1068, 1068, 121, '', '29754126', '66967593', '000229491287', '2020-01-16 20:17:24', '2020-01-16 20:17:26'),
(1069, 1069, 122, '117', '29756035', '3313690447', '0988740078', '2020-01-16 21:02:37', '2020-01-16 21:02:40'),
(1070, 1070, 123, '', '37267072', '2376718140', '0958712318', '2020-01-17 12:19:36', '2020-01-17 12:19:38'),
(1071, 1071, 122, '', '29774468', '3313875652', '0967556376', '2020-01-17 12:34:39', '2020-01-17 12:34:41'),
(1072, 1072, 121, '', '29781527', '66982574', '000775173305', '2020-01-17 14:59:19', '2020-01-17 14:59:21'),
(1075, 1075, 121, '', '29783832', '66983786', '000760050302', '2020-01-17 15:47:45', '2020-01-17 15:47:46'),
(1076, 1076, 123, 'BM1', '37282617', '2377784970', '0969031257', '2020-01-17 19:24:35', '2020-01-17 19:24:38'),
(1077, 1077, 123, '', '37294329', '2378419210', '0984255128', '2020-01-18 10:57:07', '2020-01-18 10:57:09'),
(1078, 1078, 122, '117', '29820885', '3314348693', '0979507648', '2020-01-18 13:31:46', '2020-01-18 13:31:49'),
(1079, 1079, 121, '', '29835014', '67043552', '000673769394', '2020-01-18 18:07:47', '2020-01-18 18:07:49'),
(1080, 1080, 123, 'BM1', '37309281', '2379333110', '0969031257', '2020-01-18 18:34:03', '2020-01-18 18:34:05'),
(1081, 1081, 121, '', '29841284', '67055694', '001146522881', '2020-01-18 19:40:49', '2020-01-18 19:40:51'),
(1082, 1082, 123, '', '37322748', '2380044860', '0963060531', '2020-01-19 12:22:46', '2020-01-19 12:22:48'),
(1083, 1083, 122, '117', '29865839', '3314788074', '0993432151', '2020-01-19 15:16:45', '2020-01-19 15:16:48'),
(1084, 1084, 122, '117', '29866448', '3314794645', '0980907726', '2020-01-19 15:37:20', '2020-01-19 15:37:23'),
(1088, 1088, 122, '', '29874654', '3314876675', '0999419589', '2020-01-19 19:25:57', '2020-01-19 19:26:00'),
(1094, 1094, 123, 'BM5', '37334054', '2380650000', '0987110526', '2020-01-19 20:41:20', '2020-01-19 20:41:23'),
(1095, 1095, 121, '', '29917008', '67124046', '000252695267', '2020-01-20 17:55:31', '2020-01-20 17:55:33'),
(1096, 1096, 121, '', '29920645', '67128329', '001161506900', '2020-01-20 18:53:07', '2020-01-20 18:53:09'),
(1097, 1097, 121, '', '29920911', '67128690', '000673222857', '2020-01-20 18:56:47', '2020-01-20 18:56:48'),
(1098, 1098, 121, '', '29921307', '67129321', '000249049701', '2020-01-20 19:03:15', '2020-01-20 19:03:17'),
(1099, 1099, 121, '', '29922901', '67131543', '000717186506', '2020-01-20 19:25:24', '2020-01-20 19:25:25'),
(1100, 1100, 123, 'BM1', '37365038', '2382914070', '0958871486', '2020-01-20 19:42:05', '2020-01-20 19:42:08'),
(1101, 1101, 123, '', '37367394', '2383051140', '0995164452', '2020-01-20 21:16:23', '2020-01-20 21:16:25'),
(1102, 1102, 124, '', '37370281', '2383166650', '0980534654', '2020-01-21 08:03:05', '2020-01-21 08:03:07'),
(1103, 1103, 119, '', '29932354', '90454439', '0999251521', '2020-01-21 08:04:01', '2020-01-21 08:04:03'),
(1104, 1104, 122, '', '29947491', '3315569127', '0969118057', '2020-01-21 13:06:31', '2020-01-21 13:06:33'),
(1105, 1105, 121, '', '29952416', '67152432', '000691684435', '2020-01-21 14:57:22', '2020-01-21 14:57:24'),
(1108, 1108, 121, '', '29961403', '67160676', '001158766186', '2020-01-21 18:10:45', '2020-01-21 18:10:46'),
(1111, 1111, 123, '', '37392820', '2384852600', '0998118367', '2020-01-21 19:30:04', '2020-01-21 19:30:06'),
(1112, 1112, 123, 'BM1', '37393897', '2384921570', '0984525363', '2020-01-21 20:08:28', '2020-01-21 20:08:30'),
(1115, 1115, 122, '117', '29968436', '3315765556', '0991012268', '2020-01-21 20:12:14', '2020-01-21 20:12:16'),
(1118, 1118, 122, '117', '29974806', '3315828601', '0968324095', '2020-01-22 08:12:17', '2020-01-22 08:12:20'),
(1119, 1119, 123, 'BM1', '37400719', '2385328660', '0958871486', '2020-01-22 09:48:01', '2020-01-22 09:48:04'),
(1120, 1120, 122, '', '29981333', '3315892910', '0939221205', '2020-01-22 10:24:18', '2020-01-22 10:24:20'),
(1121, 1121, 123, '', '37413527', '2386289520', '0998118367', '2020-01-22 16:31:45', '2020-01-22 16:31:47'),
(1122, 1122, 119, '', '30007015', '90538116', '0961050428', '2020-01-22 18:32:32', '2020-01-22 18:32:34'),
(1123, 1123, 124, 'BTD1', '37423292', '2386914830', '0983530211', '2020-01-23 07:15:43', '2020-01-23 07:15:46'),
(1124, 1124, 123, '', '37442697', '2388248670', '0958871486', '2020-01-23 18:02:39', '2020-01-23 18:02:41'),
(1125, 1125, 124, '', '37444404', '2388363300', '0995709978', '2020-01-23 18:55:15', '2020-01-23 18:55:17'),
(1126, 1126, 122, '117', '30054824', '3316552434', '0968324095', '2020-01-23 19:42:04', '2020-01-23 19:42:07'),
(1127, 1127, 124, '', '37446179', '2388472620', '0963220467', '2020-01-23 19:49:57', '2020-01-23 19:49:59'),
(1128, 1128, 123, '', '37451150', '2388740710', '0962938558', '2020-01-24 08:34:36', '2020-01-24 08:34:38'),
(1129, 1129, 123, '', '37476535', '2390384440', '0999793417', '2020-01-24 21:24:25', '2020-01-24 21:24:27'),
(1130, 1130, 122, '', '30119439', '3317251697', '0985308590', '2020-01-25 15:09:47', '2020-01-25 15:09:49'),
(1131, 1131, 121, '', '30120888', '67300342', '000760050302', '2020-01-25 15:43:15', '2020-01-25 15:43:16'),
(1132, 1132, 124, '', '37498312', '2391649630', '0983188856', '2020-01-25 19:14:07', '2020-01-25 19:14:09'),
(1133, 1133, 123, '', '37499052', '2391686700', '0995164452', '2020-01-25 19:37:21', '2020-01-25 19:37:23'),
(1134, 1134, 122, '117', '30132997', '3317377309', '0991994504', '2020-01-25 19:37:54', '2020-01-25 19:37:57'),
(1135, 1135, 121, '', '30134320', '67316552', '000262693039', '2020-01-25 20:01:09', '2020-01-25 20:01:11'),
(1136, 1136, 123, 'BM3', '37516709', '2392608290', '0999841789', '2020-01-26 18:54:40', '2020-01-26 18:54:42'),
(1137, 1137, 122, '117', '30161903', '3317694105', '0982632768', '2020-01-26 18:57:09', '2020-01-26 18:57:12'),
(1138, 1138, 123, 'BM5', '37517503', '2392647630', '0987387709', '2020-01-26 19:24:10', '2020-01-26 19:24:12'),
(1139, 1139, 119, '', '30166169', '90712722', '0961162779', '2020-01-26 20:45:12', '2020-01-26 20:45:14'),
(1140, 1140, 123, '', '37519312', '2392737010', '0979252160', '2020-01-26 20:49:30', '2020-01-26 20:49:32'),
(1141, 1141, 119, '', '30169535', '90716512', '0961315644', '2020-01-27 07:39:13', '2020-01-27 07:39:15'),
(1142, 1142, 123, '', '37521935', '2392856560', '0962938558', '2020-01-27 07:49:41', '2020-01-27 07:49:44'),
(1143, 1143, 121, '', '30190692', '67371698', '000673943825', '2020-01-27 14:43:44', '2020-01-27 14:43:46'),
(1144, 1144, 122, '', '30200896', '3318098585', '0968324095', '2020-01-27 18:16:23', '2020-01-27 18:16:25'),
(1145, 1145, 124, '', '37544746', '2394559550', '0963122430', '2020-01-27 18:31:57', '2020-01-27 18:31:59'),
(1146, 1146, 121, '', '30234597', '67412087', '000691867931', '2020-01-28 15:13:31', '2020-01-28 15:13:33'),
(1148, 1148, 121, '', '30236021', '67413088', '000738862499', '2020-01-28 15:49:15', '2020-01-28 15:49:20'),
(1149, 1149, 121, '', '30236037', '67413154', '000738862499', '2020-01-28 15:49:41', '2020-01-28 15:50:04'),
(1150, 1150, 121, '', '30241918', '67418325', '000692106438', '2020-01-28 17:55:14', '2020-01-28 17:55:16'),
(1151, 1151, 121, '', '30243182', '67419844', '000872330345', '2020-01-28 18:18:28', '2020-01-28 18:18:30'),
(1152, 1152, 121, '', '30245708', '67423566', '000252695267', '2020-01-28 19:04:43', '2020-01-28 19:04:44'),
(1153, 1153, 122, '117', '30248250', '3318533599', '0982632768', '2020-01-28 19:50:00', '2020-01-28 19:50:03'),
(1154, 1154, 123, 'BM3', '37587451', '2397358700', '0987205337', '2020-01-29 12:47:34', '2020-01-29 12:47:36'),
(1155, 1155, 123, '', '37597044', '2398043110', '0983274153', '2020-01-29 18:19:46', '2020-01-29 18:19:48'),
(1156, 1156, 123, '', '37598025', '2398107820', '0992932360', '2020-01-29 18:48:40', '2020-01-29 18:48:42'),
(1157, 1157, 122, '117', '30288694', '3318885497', '0988740078', '2020-01-29 18:57:46', '2020-01-29 18:57:49'),
(1158, 1158, 121, '', '30294914', '67483785', '001163293366', '2020-01-29 20:01:52', '2020-01-29 20:01:54'),
(1159, 1159, 122, '119', '30294966', '3318918206', '0981740467', '2020-01-29 20:02:49', '2020-01-29 20:02:52'),
(1160, 1160, 122, '117', '30299340', '3318952687', '0967151092', '2020-01-29 22:17:55', '2020-01-29 22:17:58'),
(1161, 1161, 123, '', '37617881', '2399347920', '0983330924', '2020-01-30 15:17:20', '2020-01-30 15:17:22'),
(1162, 1162, 121, '', '30327960', '67509876', '000775173305', '2020-01-30 17:39:32', '2020-01-30 17:39:34'),
(1163, 1163, 121, '', '30327986', '67509946', '000240589499', '2020-01-30 17:40:01', '2020-01-30 17:40:03'),
(1164, 1164, 122, '', '30328024', '3319234341', '0982617148', '2020-01-30 17:40:41', '2020-01-30 17:40:43'),
(1165, 1165, 121, '', '30330966', '67514052', '000719871097', '2020-01-30 18:39:24', '2020-01-30 18:39:26'),
(1166, 1166, 121, '', '30332833', '67517146', '000673769394', '2020-01-30 19:11:44', '2020-01-30 19:11:45'),
(1167, 1167, 123, 'BM5', '37626290', '2399889180', '0979332990', '2020-01-30 19:44:56', '2020-01-30 19:45:00'),
(1168, 1168, 122, '124', '30340232', '3319348397', '0989152598', '2020-01-31 06:39:52', '2020-01-31 06:39:54'),
(1169, 1169, 122, '117', '30341884', '3319369719', '0967436229', '2020-01-31 07:57:00', '2020-01-31 07:57:03'),
(1170, 1170, 122, '117', '30358209', '3319532487', '0988101535', '2020-01-31 13:30:20', '2020-01-31 13:30:24'),
(1171, 1171, 122, '', '30360189', '3319552014', '0989537658', '2020-01-31 14:13:25', '2020-01-31 14:13:27'),
(1172, 1172, 124, '', '37651670', '2401541070', '0978818696', '2020-01-31 18:11:41', '2020-01-31 18:11:44'),
(1173, 1173, 124, '', '37654373', '2401692730', '0963122430', '2020-01-31 19:10:33', '2020-01-31 19:10:36'),
(1174, 1174, 119, '', '30413231', '90990968', '0961656679', '2020-02-01 16:03:21', '2020-02-01 16:03:23'),
(1175, 1175, 124, '', '37679031', '2403184420', '0979371956', '2020-02-01 17:43:06', '2020-02-01 17:43:09'),
(1178, 1178, 124, '', '37689843', '2403779310', '0978758238', '2020-02-02 10:26:32', '2020-02-02 10:26:35'),
(1179, 1179, 122, '117', '30458098', '3320476808', '0982632768', '2020-02-02 17:34:32', '2020-02-02 17:34:35'),
(1181, 1181, 122, '117', '30463049', '3320514033', '0997077711', '2020-02-02 19:10:50', '2020-02-02 19:10:52'),
(1182, 1182, 123, '', '37702934', '2404552030', '0995164452', '2020-02-02 20:18:34', '2020-02-02 20:18:37'),
(1183, 1183, 122, '', '30467257', '3320543778', '0991994504', '2020-02-02 20:19:42', '2020-02-02 20:19:45'),
(1184, 1184, 122, '117', '30467317', '3320544206', '0991994504', '2020-02-02 20:20:46', '2020-02-02 20:20:49'),
(1185, 1185, 123, '', '37703363', '2404580610', '0987356229', '2020-02-02 20:45:24', '2020-02-02 20:45:26'),
(1189, 1189, 124, 'BT5', '37725483', '2406293020', '0978946079', '2020-02-03 16:21:07', '2020-02-03 16:21:09'),
(1193, 1193, 121, '', '30514983', '67656901', '001161506900', '2020-02-03 17:52:25', '2020-02-03 17:52:27'),
(1196, 1196, 121, '', '30523996', '67667334', '000774780514', '2020-02-03 19:36:54', '2020-02-03 19:36:56'),
(1197, 1197, 121, '', '30524593', '67668175', '000717186506', '2020-02-03 19:44:31', '2020-02-03 19:44:32'),
(1199, 1199, 123, '', '37738223', '2407217030', '0995070150', '2020-02-04 08:21:09', '2020-02-04 08:21:10'),
(1201, 1201, 121, '', '30537345', '67680150', '000247512353', '2020-02-04 09:00:36', '2020-02-04 09:00:37');

-- --------------------------------------------------------

--
-- Estructura de tabla para la tabla `pagos_venezuela`
--

CREATE TABLE `pagos_venezuela` (
  `id` int(10) UNSIGNED NOT NULL,
  `pagos_id` int(10) UNSIGNED DEFAULT NULL COMMENT 'Id en tabla Pagos',
  `servicio_id` int(5) UNSIGNED DEFAULT NULL COMMENT 'id en tabla emp_servicios',
  `destino` varchar(50) DEFAULT NULL,
  `remitente` varchar(100) DEFAULT NULL,
  `cedula` varchar(20) DEFAULT NULL,
  `beneficiario` varchar(100) DEFAULT NULL,
  `created_at` timestamp NULL DEFAULT NULL,
  `updated_at` timestamp NULL DEFAULT NULL
) ENGINE=InnoDB DEFAULT CHARSET=utf8mb4;

--
-- Volcado de datos para la tabla `pagos_venezuela`
--

INSERT INTO `pagos_venezuela` (`id`, `pagos_id`, `servicio_id`, `destino`, `remitente`, `cedula`, `beneficiario`, `created_at`, `updated_at`) VALUES
(1, 1204, 160, 'Venezuela', 'Julio lobo', '4586962358', 'Roberto Gómez', '2020-02-07 17:24:40', '2020-02-07 17:24:40'),
(2, 1205, 160, 'Venezuela', 'Julio lobo', '4586962358', 'Roberto Gómez', '2020-02-07 17:32:40', '2020-02-07 17:32:40'),
(3, 1206, 160, 'Venezuela', 'Julio lobo', '4586962358', 'Roberto Gómez', '2020-02-13 18:04:41', '2020-02-13 18:04:41');

-- --------------------------------------------------------

--
-- Estructura de tabla para la tabla `parametros`
--

CREATE TABLE `parametros` (
  `id` int(10) NOT NULL,
  `clave` varchar(45) NOT NULL,
  `valor` varchar(255) NOT NULL,
  `explica` varchar(255) DEFAULT NULL,
  `created_at` timestamp NOT NULL DEFAULT '0000-00-00 00:00:00',
  `updated_at` timestamp NOT NULL DEFAULT '0000-00-00 00:00:00'
) ENGINE=InnoDB DEFAULT CHARSET=utf8mb4 ROW_FORMAT=COMPACT;

--
-- Volcado de datos para la tabla `parametros`
--

INSERT INTO `parametros` (`id`, `clave`, `valor`, `explica`, `created_at`, `updated_at`) VALUES
(1, 'E_CORREO_OFICIAL', 'info@redmultipago.com', 'Correo oficial o por defecto al que se dirigirán todos los mensajes en ausencia de otra dirección', '0000-00-00 00:00:00', '2019-08-20 15:32:07'),
(2, 'E_CORREO_VENTAS', 'acreditaciones@redmultipago.com', 'Dirección de correos del vendedor o departamento de ventas', '0000-00-00 00:00:00', '2019-09-03 16:05:26'),
(3, 'E_CORREO_DIRECCION', 'info@redmultipago.com', 'Correo relativo al director de la empresa o proyecto', '0000-00-00 00:00:00', '2019-08-20 15:33:27'),
(4, 'E_CORREO_WEBMASTER', 'webmaster@latinex.us', 'Correo del webmaster del sitio', '0000-00-00 00:00:00', '0000-00-00 00:00:00'),
(5, 'E_CORREO_SERVIDOR', 'mail.multipagosecuador.com', 'Nombre del servidor de correos desde donde se emitirán los correos del sitio', '0000-00-00 00:00:00', '2019-08-22 22:06:44'),
(6, 'E_CORREO_PUERTO', '465', 'Puerto de envío de correos SMTP', '0000-00-00 00:00:00', '2019-08-20 16:50:31'),
(7, 'E_CORREO_USUARIO', 'noreply@multipagosecuador.com', 'Dirección de correo origen de los correos a enviar (SMTP)', '0000-00-00 00:00:00', '2019-08-22 22:03:49'),
(8, 'E_CORREO_CLAVE', '(yT((q}2=(Mp86L9)o', 'Contraseña para el envíos de correo SMTP', '0000-00-00 00:00:00', '2019-08-22 22:04:15'),
(9, 'E_CONT_UPLOAD_DIR', 'public/up/', 'Carpeta a donde se suben las imágenes y archivos vinculados a los contenidos del sitio', '0000-00-00 00:00:00', '0000-00-00 00:00:00'),
(10, 'E_PESO_ARCHIVO', '5242880', 'El peso máximo del archivo a subir, expresado en bytes (5242880 bytes = 5 Mb)', '0000-00-00 00:00:00', '0000-00-00 00:00:00'),
(11, 'E_TOTAL_FOTOS', '9', 'Total de fotos que se podrá subir para una sola entrada o contenido', '0000-00-00 00:00:00', '0000-00-00 00:00:00'),
(12, 'E_LANG', 'es', 'Idioma por defecto', '0000-00-00 00:00:00', '0000-00-00 00:00:00'),
(13, 'E_LANG_OTROS', 'en', 'Otros diomas presentes en el sistema', '0000-00-00 00:00:00', '0000-00-00 00:00:00'),
(14, 'E_TELEFONOS', '09 9295 0078, 09 8400 8290, (04) 504 0668', 'Teléfonos de contacto', '0000-00-00 00:00:00', '0000-00-00 00:00:00'),
(15, 'E_KEYWORDS', 'pagos, remesas, recargas, operaciones bancarias', 'Keywords general para el sitio', '2018-05-25 00:17:30', '2019-08-20 16:26:17'),
(16, 'E_DESCRIPTION', 'Sitio web creado especialmente para usted', 'Descripción del sitio web', '2018-05-25 00:18:17', '2018-05-25 00:18:17'),
(17, 'E_DOM_CORREO', 'rmp.com', 'Es el falso dominio que se le ponrá a los correos de los usuarios', '2019-09-10 01:51:20', '2019-09-10 01:51:20');

-- --------------------------------------------------------

--
-- Estructura de tabla para la tabla `persistences`
--

CREATE TABLE `persistences` (
  `id` int(10) UNSIGNED NOT NULL,
  `user_id` int(10) UNSIGNED NOT NULL,
  `code` varchar(255) CHARACTER SET utf8 NOT NULL,
  `created_at` timestamp NOT NULL DEFAULT '0000-00-00 00:00:00',
  `updated_at` timestamp NOT NULL DEFAULT '0000-00-00 00:00:00'
) ENGINE=InnoDB DEFAULT CHARSET=utf8mb4;

--
-- Volcado de datos para la tabla `persistences`
--

INSERT INTO `persistences` (`id`, `user_id`, `code`, `created_at`, `updated_at`) VALUES
(758, 45, 'Eu1SGxsS4bDd2FWyysNGlSHo4DyyPfOc', '2019-10-26 09:30:19', '2019-10-26 09:30:19'),
(935, 41, 'XmdHvRwz0dJbZGhCbWF6xQQJEkz24gAi', '2019-11-07 18:06:32', '2019-11-07 18:06:32'),
(1038, 52, '5T4ZQd24eZU3DKCxMFBH1K5Z2x0vLJrt', '2019-11-12 07:36:58', '2019-11-12 07:36:58'),
(1045, 52, '4y7VewjCr8udc2827UWL9TkToPuln2dl', '2019-11-12 08:23:30', '2019-11-12 08:23:30'),
(1064, 52, 'Azm2NgvPTNqv9MFcBPCUzHNxgzCoB0rC', '2019-11-12 16:35:21', '2019-11-12 16:35:21'),
(1070, 52, 'ohzisbS66YaSjtaBEpyOUcf3MGUcI3Vp', '2019-11-12 18:47:58', '2019-11-12 18:47:58'),
(1074, 52, 'jWsbRu2jpqbDXTn03ZcFvKq9AOWX9pEZ', '2019-11-13 07:16:37', '2019-11-13 07:16:37'),
(1078, 52, 'Tmcrx3oBi8OE3ypqeFDcHsP9XF7OLo60', '2019-11-13 08:57:45', '2019-11-13 08:57:45'),
(1081, 52, 'xm7RVrf4zbbF8m7zqBsXDEfFKhp1XpB6', '2019-11-13 14:36:18', '2019-11-13 14:36:18'),
(1084, 52, 'jMJp6KJWTmQwH6RrMu5Zq6RQIoC4nKrH', '2019-11-14 07:51:55', '2019-11-14 07:51:55'),
(1087, 52, 'r2E89EsDMXirOkuMCcP7PmS9N4JIAXVK', '2019-11-14 09:37:24', '2019-11-14 09:37:24'),
(1096, 52, 'IHxfV8wjkfxOTmmYzeYxgGRNN53weu3o', '2019-11-15 07:11:05', '2019-11-15 07:11:05'),
(1099, 52, 'tLRtj6QE02C3iA0DpjgFCNmYxTb3QC5s', '2019-11-15 10:53:51', '2019-11-15 10:53:51'),
(1104, 52, 'GBMoYBNxlNS3yCqVmHw3s88UDNscGPfS', '2019-11-15 16:48:02', '2019-11-15 16:48:02'),
(1105, 52, 'vPZZiMaiLGudUdwL8nWRhtya5hHI1Se5', '2019-11-15 17:18:28', '2019-11-15 17:18:28'),
(1106, 52, 'QYn02VTvTharYqfbK9BMYoX4PxzGFNse', '2019-11-16 07:02:15', '2019-11-16 07:02:15'),
(1107, 52, 'JmYumYWKFEjx3qZZMP7Y5cWKr7JzW5wi', '2019-11-16 07:14:52', '2019-11-16 07:14:52'),
(1109, 52, 'mnr7btovLm0u0idBgH0ooS5xKNJfTie1', '2019-11-16 07:19:40', '2019-11-16 07:19:40'),
(1126, 52, 'VoLHl3DL42ipMUy2mv3W3zYuJRdtDjKQ', '2019-11-16 12:51:14', '2019-11-16 12:51:14'),
(1129, 52, 'jwMksDdWrm286HgzAXVKaCat9zvBZvZQ', '2019-11-16 19:00:00', '2019-11-16 19:00:00'),
(1130, 52, 'sTgRcGtvRdnDPTmYJm4OED2mQpmBfWhY', '2019-11-17 06:58:57', '2019-11-17 06:58:57'),
(1133, 52, 'c4ZA1y8kcCo7EfmpPqyOklHkvltxUrgk', '2019-11-17 11:02:42', '2019-11-17 11:02:42'),
(1135, 52, 'IYBD0i6HGo5NTV5yVO9XHkCjREBEzvsZ', '2019-11-17 11:54:41', '2019-11-17 11:54:41'),
(1141, 52, 'qRl1lUJzUPWlVdF9aPGPQg89DwOqsj5Q', '2019-11-18 06:57:58', '2019-11-18 06:57:58'),
(1148, 52, 'PYBdbIL53X6EXXcE6ABLYAIgbbqAfOQB', '2019-11-18 09:20:35', '2019-11-18 09:20:35'),
(1199, 52, 'CR9qJTvGGPYxvIeP1KQTpmUoKOYpkglO', '2019-11-19 18:06:16', '2019-11-19 18:06:16'),
(1215, 52, 'R9iMsMBN415XFqW3QFyFsut9js70e0sQ', '2019-11-20 15:19:39', '2019-11-20 15:19:39'),
(1252, 52, '7aWN594FWSp90BJdVEy9LaILkF80rSi3', '2019-11-21 17:41:55', '2019-11-21 17:41:55'),
(1274, 52, '0Hzg54Qh5JI094PhIw8mDbnzAHLbd65k', '2019-11-23 09:04:18', '2019-11-23 09:04:18'),
(1285, 52, 'NGCn613WrNNWaeteds0mJ0vULpyqVK2P', '2019-11-23 22:23:32', '2019-11-23 22:23:32'),
(1286, 52, 'cJ0fRrrUS2e9zwIW1twvBCMIrt4uns3T', '2019-11-24 07:58:31', '2019-11-24 07:58:31'),
(1288, 52, 'd4V8JUP51b3S23RDKAKiqtnEE4IvMnLx', '2019-11-24 12:02:33', '2019-11-24 12:02:33'),
(1313, 52, 'RUTB2SOz8cJq618g1dTmESwsY1EJLTVV', '2019-11-26 08:59:07', '2019-11-26 08:59:07'),
(1368, 52, 'JQCqU82234Xn72292BtuFQ2WhsoOW2kz', '2019-11-29 07:33:51', '2019-11-29 07:33:51'),
(1383, 52, '0K0U7xgKSIlIyg5eRxqbKXGdyOkurCeA', '2019-11-29 13:37:05', '2019-11-29 13:37:05'),
(1475, 52, '9enT36RWwPWd0Rz4yh57ndVZ3MmxUKqQ', '2019-12-05 14:27:31', '2019-12-05 14:27:31'),
(1482, 52, '3FywFudm039UK44qtwxcOdL0CUlJNYEM', '2019-12-05 20:01:29', '2019-12-05 20:01:29'),
(1503, 52, 'cXkbeI2orCR2riUboL3ouMmDqJOgbCar', '2019-12-07 08:38:43', '2019-12-07 08:38:43'),
(1504, 52, 'PFkOnuIkTdAlhGcvHU47yf2P8puW7ss2', '2019-12-07 08:41:49', '2019-12-07 08:41:49'),
(1507, 52, '1yzOWF2bAgdpKwvRyxdj4XgmeVBqiu9S', '2019-12-07 09:29:01', '2019-12-07 09:29:01'),
(1520, 52, 'slj9OlOjF9QCHVozvryXpknyymOsNgqZ', '2019-12-07 15:21:16', '2019-12-07 15:21:16'),
(1525, 52, 'YJUfYhvU1x5dlZog5gaq67bUR6ExZWVn', '2019-12-08 06:39:11', '2019-12-08 06:39:11'),
(1526, 52, 'F4XQdM2KljQ6iuyq2DZiQUL5JWb23twu', '2019-12-08 06:47:12', '2019-12-08 06:47:12'),
(1541, 52, 'wf4mYNNwMoVZi2imAbdtjYVAP2xc7tiK', '2019-12-09 10:13:12', '2019-12-09 10:13:12'),
(1552, 52, 'UtawA76CLss5LfguNolPK2xOTaXL0Nz3', '2019-12-09 21:18:20', '2019-12-09 21:18:20'),
(1564, 52, '2lHG3w2KaAElAm7zfxdzLBnQbkF4bixK', '2019-12-10 21:09:12', '2019-12-10 21:09:12'),
(1603, 52, 'Qs6KybKmmNEw0oqCm4n3V8AaIKHskqwv', '2019-12-12 11:47:55', '2019-12-12 11:47:55'),
(1622, 52, '8m7mNsYk0W0q3ngl1arO40rq0AXygy1x', '2019-12-13 10:04:05', '2019-12-13 10:04:05'),
(1669, 52, '0mQejoulMwmNX2kv5Jfk1t3084Vz4QhI', '2019-12-16 16:22:58', '2019-12-16 16:22:58'),
(1684, 52, 'UzP0WoKCW0ESlx4J1JNZBM33f3Y4XUDe', '2019-12-16 20:17:45', '2019-12-16 20:17:45'),
(1708, 52, 'ZwBgPTpCd9GZ2y0iGYNgAtF4WkmxXHph', '2019-12-19 07:12:17', '2019-12-19 07:12:17'),
(1718, 51, '02j5zPS4XVt5I5zrqmHu5XGX1DdvF2AL', '2019-12-19 22:43:17', '2019-12-19 22:43:17'),
(1721, 51, 'vfsBA9PKSH5pKrFGYTJb154eE31NbHv0', '2019-12-20 14:47:15', '2019-12-20 14:47:15'),
(1723, 51, 'sVvjVOdwjsAakOiWIHazEBJijGUXNRak', '2019-12-20 20:46:35', '2019-12-20 20:46:35'),
(1725, 52, '2cUJFeAddWzYLhXfpuKrmbjhVDh4xm1B', '2019-12-21 07:45:20', '2019-12-21 07:45:20'),
(1727, 51, '7lS09ufija5bmwAM6ZhgPqjEwecZHdJ2', '2019-12-21 09:05:29', '2019-12-21 09:05:29'),
(1730, 52, 'VWDdLBkJkLoKWn6gf4NwBgPestUrsu01', '2019-12-21 15:25:29', '2019-12-21 15:25:29'),
(1733, 51, 'OubweUwG6dDoWxFnpLl19L7JfriyQ9Ci', '2019-12-21 18:59:23', '2019-12-21 18:59:23'),
(1734, 52, '8T9chfkEIt2bgyudAueFy7kUiruFEyJy', '2019-12-22 10:18:59', '2019-12-22 10:18:59'),
(1737, 51, 'nGfjyI2KCtDjLEoEJZO8ePVTqOqulVxo', '2019-12-22 14:00:50', '2019-12-22 14:00:50'),
(1741, 51, 'ig99RS1J7iJkgoRH399kS9e4OGsW7npp', '2019-12-22 16:34:43', '2019-12-22 16:34:43'),
(1742, 52, 'kSzKH8JwLTo8VLMRPxiQnXlMU0lZra8t', '2019-12-22 17:09:02', '2019-12-22 17:09:02'),
(1745, 51, 'O7NxmwgUN7OaS6S1lVFOdLl99UsejUIP', '2019-12-23 07:12:16', '2019-12-23 07:12:16'),
(1750, 52, 'VosSJY0bGB6wsCNkfGVzDkOe0fop7UaX', '2019-12-23 13:33:21', '2019-12-23 13:33:21'),
(1754, 51, 'ntSv5p9nRsRcBjzVTutB5vvOKI93DSsX', '2019-12-23 20:27:02', '2019-12-23 20:27:02'),
(1756, 51, 'R25EYsv9w0yjqe7tg7KB4g0y1MeJPqkp', '2019-12-24 07:28:52', '2019-12-24 07:28:52'),
(1757, 52, 'rkARvT1iLb4b0S77Mjw2WBmcGwdYrvfl', '2019-12-24 09:19:24', '2019-12-24 09:19:24'),
(1769, 52, 'swd8sHjErdK1CJkYvoAoCLUZFQrwD2xn', '2019-12-24 19:56:53', '2019-12-24 19:56:53'),
(1770, 51, 'o5y37GbfEmXakSMPp1DxcL6qGmioNq6F', '2019-12-24 20:00:16', '2019-12-24 20:00:16'),
(1772, 51, '907TTIRNhLTokHkTbi93qQ96q014QJuH', '2019-12-24 22:55:19', '2019-12-24 22:55:19'),
(1773, 51, 'YETxr3dNm3YDa14EHN5jsMyiNVN0WZrT', '2019-12-25 06:17:43', '2019-12-25 06:17:43'),
(1779, 51, 'gfaNNU1S6vomDz5lm6TeIkRO6xpcrEW5', '2019-12-25 17:47:36', '2019-12-25 17:47:36'),
(1780, 51, 'doe7WvdcoVDNsEmurnwKzyTA7NvlCUgx', '2019-12-25 19:11:13', '2019-12-25 19:11:13'),
(1788, 51, 'wKiuYuPY6G0Jm6g6VFaWcd94MuXrzk0k', '2019-12-27 07:11:05', '2019-12-27 07:11:05'),
(1795, 52, 'yoTi7prbFyfjjBjJHdxs2Q6itsRu192i', '2019-12-27 21:19:15', '2019-12-27 21:19:15'),
(1806, 51, '4KxGfByxa20QDb9Fw87PD9XsG4HOUb3S', '2019-12-29 18:43:05', '2019-12-29 18:43:05'),
(1808, 51, 'pId6Kiiz0cMeilGLjYNlSuu6QIp1ptiP', '2019-12-29 20:00:33', '2019-12-29 20:00:33'),
(1810, 51, 'N9wMYJr4Vy9XfP4h65tYmKZ82UoacFuT', '2019-12-30 09:51:51', '2019-12-30 09:51:51'),
(1821, 51, 'TvNBwiGrDNbHmIUEftARTPNKKQyy9H23', '2019-12-31 12:33:43', '2019-12-31 12:33:43'),
(1825, 51, 'RTz6a2lltMQP29EY9z5pOpsDTuOnIaVa', '2019-12-31 18:27:22', '2019-12-31 18:27:22'),
(1826, 51, 'I85CnqKd61XyMRVkKNDl7ufYf6GQhg8N', '2019-12-31 18:37:38', '2019-12-31 18:37:38'),
(1836, 51, 'L1YP3gACzZYcCMbe42yuiRCItDRjKRJy', '2020-01-01 16:37:39', '2020-01-01 16:37:39'),
(1838, 51, 'Rkvpl5ObrgDNNYM4ge54DlbknksvcLCo', '2020-01-01 17:56:20', '2020-01-01 17:56:20'),
(1842, 51, 'L3hlwrY6WAkPRhcFnlqRqMuM9P9UWjW1', '2020-01-02 13:46:26', '2020-01-02 13:46:26'),
(1847, 51, 'srav25Uf5PA8GEcfvkXOMbSfYCk3oUz9', '2020-01-02 20:50:05', '2020-01-02 20:50:05'),
(1854, 51, 'mev2GqQZnJxljEPF2ynfzMYZfZvG4blC', '2020-01-03 16:24:18', '2020-01-03 16:24:18'),
(1860, 51, 'ZmEcp8HWjEt62Th54sg7HB0QJtYmaC8s', '2020-01-04 19:31:28', '2020-01-04 19:31:28'),
(1861, 52, 'hoBqe6GGMinNjLP3S7g0Pshdv1VKop6K', '2020-01-05 07:13:03', '2020-01-05 07:13:03'),
(1865, 51, 'BbIhxIv6wUpZNeXHIyzKpdvgGOgVOIwe', '2020-01-05 18:17:53', '2020-01-05 18:17:53'),
(1867, 51, 'daR8UiYHCiKjLwlF0iY6T7gur62eTyc2', '2020-01-06 07:04:56', '2020-01-06 07:04:56'),
(1879, 51, 'vOLnW1B4APhNuS0sKTfNcGAsLCK5PfjW', '2020-01-06 20:12:27', '2020-01-06 20:12:27'),
(1881, 51, 'y6lt4q84SwNnQyT5FPWm8bT7G6HVE0mN', '2020-01-07 08:08:07', '2020-01-07 08:08:07'),
(1884, 51, 'UP8hhmh1AVuXJ1uTu8RqS9f3aDEZql5k', '2020-01-07 18:23:13', '2020-01-07 18:23:13'),
(1910, 51, '4NKStddqZZlKlT0ZiVEyQK6E7k3dYj5p', '2020-01-08 18:59:42', '2020-01-08 18:59:42'),
(1916, 51, 'vrbROTa3ta4uOxZWhFjObkrq38pnpB01', '2020-01-09 06:08:47', '2020-01-09 06:08:47'),
(1924, 52, 'qxcavJXk0dUYOaNKjwuQeWOkWFlV1MSK', '2020-01-09 13:44:27', '2020-01-09 13:44:27'),
(1927, 47, 'ejiUaG3v0AsJkUFYx8hrnLHlHyZF2zpX', '2020-01-09 16:17:13', '2020-01-09 16:17:13'),
(1934, 51, 'eYj4L1S7GSwmWMNhLMW8LgPqs0mJ349t', '2020-01-10 05:47:27', '2020-01-10 05:47:27'),
(1937, 51, 'qcG6hMTE2P6tNgTcSCu57jsi4XBW6SUl', '2020-01-10 11:45:58', '2020-01-10 11:45:58'),
(1942, 51, 'PuVgACWrvvsL8PiXuB3iqPbLJl6Q7ugP', '2020-01-10 18:32:42', '2020-01-10 18:32:42'),
(1952, 47, '3kD7zpwLaff0zXYUxGIg5II2shAdGths', '2020-01-11 10:36:23', '2020-01-11 10:36:23'),
(1967, 51, 'HqJ6G73oUkop5eEQMQwsqIPNjKoUBufj', '2020-01-11 17:49:45', '2020-01-11 17:49:45'),
(1978, 51, '519nTVaEyWFD9kKMrDVLNANbzHkYKuPV', '2020-01-12 15:06:55', '2020-01-12 15:06:55'),
(2015, 51, 'AEZvcQZJibk5XAkTopsKEhXpNpTGkyvo', '2020-01-14 17:52:50', '2020-01-14 17:52:50'),
(2018, 51, 'KCsnlotQpQrEzDrT1XUKHmzEx5VAIOEu', '2020-01-14 20:17:25', '2020-01-14 20:17:25'),
(2023, 51, 'IqaPQd1Om2xnM3L439lsfZ31A0xQF9MD', '2020-01-15 13:36:12', '2020-01-15 13:36:12'),
(2024, 51, 'OuXP3xV0LvdIn4IkI7clEYrNfHr9DXOO', '2020-01-15 13:39:13', '2020-01-15 13:39:13'),
(2040, 51, 'YyBJo3NfVHp6rerupQ23AzlgV60yzdOu', '2020-01-16 18:16:31', '2020-01-16 18:16:31'),
(2042, 51, 'rrj6sXmgdRNPQXiwRPQtTrusFJy8AnMN', '2020-01-16 21:01:54', '2020-01-16 21:01:54'),
(2046, 51, 'e0I1mnkpPI3jDvZVBseAZmx8cWMJ3pNe', '2020-01-17 12:33:55', '2020-01-17 12:33:55'),
(2061, 51, 'BBC2XamVz31EGTlfIq2gmhBW5xUY5Ty8', '2020-01-19 12:22:07', '2020-01-19 12:22:07'),
(2065, 51, 'VeAgNl51qJ3D0XdUbIkClDruj7I4acS0', '2020-01-19 20:40:23', '2020-01-19 20:40:23'),
(2067, 53, 'xU07FQmyLpvBsr9gcBTtICzd5aNryqPc', '2020-01-20 19:40:56', '2020-01-20 19:40:56'),
(2068, 51, 'kAAYI8fdSGGxsv1v2ClHbHTNploRovto', '2020-01-20 21:14:49', '2020-01-20 21:14:49'),
(2069, 51, 's3HIIBz27s0X2JVE24Fuil7tKPdNAn0S', '2020-01-21 05:36:50', '2020-01-21 05:36:50'),
(2070, 51, 'KFJT9jFx2JOz5atI1jIu05hsxiCxnekK', '2020-01-21 08:00:25', '2020-01-21 08:00:25'),
(2071, 51, 'JQb5zMHG5lLytbhE4ZsZkTRrPwOgTiR9', '2020-01-21 08:01:38', '2020-01-21 08:01:38'),
(2072, 51, 'mrOCPvMpFrzKg70CdoH3sD09e77yOE9C', '2020-01-21 08:02:44', '2020-01-21 08:02:44'),
(2081, 53, 'ak9d1zSCKiLI4u8Ps0au2ZIlruSe3sZ5', '2020-01-21 13:05:37', '2020-01-21 13:05:37'),
(2083, 48, '3W55Feq05ZipzOSsmZHXQdZYTADQZsCU', '2020-01-21 13:12:57', '2020-01-21 13:12:57'),
(2085, 48, 'ZzGcR8vH7NlEfvHTl9gNsU6hL05Jotnn', '2020-01-21 14:56:37', '2020-01-21 14:56:37'),
(2089, 48, 'XANK2F5oiyKpWXBLenzFOk7VIziJFFve', '2020-01-21 18:39:32', '2020-01-21 18:39:32'),
(2090, 53, 'hcoXKazkC63PHP2KU37bRM7oHYKppYXr', '2020-01-21 19:29:29', '2020-01-21 19:29:29'),
(2091, 51, 'MtR6N3D69ai0JzjcO51SXgdLie7KQv5N', '2020-01-21 20:00:24', '2020-01-21 20:00:24'),
(2092, 53, 'gUehsDKYixgZxVOgYCU1RNSS9GIAKqSh', '2020-01-21 20:07:58', '2020-01-21 20:07:58'),
(2095, 51, 'aZLyp8QLCrvggdlN5WFyI7dPT3ZLKgvy', '2020-01-22 08:11:32', '2020-01-22 08:11:32'),
(2097, 53, 'MrWtX1TiUnQ4tvzBTBEbwAGzU1GSxcXV', '2020-01-22 09:47:09', '2020-01-22 09:47:09'),
(2101, 53, 'GB2Hg195YcMafDaowlE3xqXpa9oQ8Nd5', '2020-01-22 16:31:06', '2020-01-22 16:31:06'),
(2106, 51, 'bTgTPJqe218qmE5TTr6rWS2luE4WuVP5', '2020-01-23 07:14:56', '2020-01-23 07:14:56'),
(2115, 53, '3efj3WBmCYmUJXMPtugDMPmB0HIwWsxC', '2020-01-23 17:58:12', '2020-01-23 17:58:12'),
(2117, 51, 'OdpQbOxv5a3sFSDsB8MfzuXcpLD4oYBG', '2020-01-23 19:40:36', '2020-01-23 19:40:36'),
(2119, 51, 'SLZfjpoMzc9Ukn28Lxhn6P6b9IQvXldS', '2020-01-24 08:33:49', '2020-01-24 08:33:49'),
(2137, 51, 'cTTZTvXNae8iEKm3H0qnI63TQBIE2Hno', '2020-01-24 21:23:30', '2020-01-24 21:23:30'),
(2146, 48, 'WBhYUIo3cK2i8x9S1hhJBzxO5qEni9ZA', '2020-01-25 15:42:30', '2020-01-25 15:42:30'),
(2148, 51, '8m3kt4QTdxmW00WqwcOxDjvcd55sK9yy', '2020-01-25 19:13:24', '2020-01-25 19:13:24'),
(2149, 51, 'NRwgIqutTMgOyjInVYSLQ1uMWqGP4MC6', '2020-01-25 19:36:38', '2020-01-25 19:36:38'),
(2152, 51, 'xgOMSnIFha8cXvPHhg8Mi77U7MnaULKp', '2020-01-26 18:53:30', '2020-01-26 18:53:30'),
(2153, 51, 'hHDkeB4MGBQ6ZAG6wlTgxpZWVbCDlXnN', '2020-01-26 20:44:41', '2020-01-26 20:44:41'),
(2154, 51, 'gXty5WWxYWYEpS9rmlOAmHwYDar4yndN', '2020-01-27 07:38:23', '2020-01-27 07:38:23'),
(2155, 51, 'e7uLivNcUw06bzoZJSolIzOaIDB48kYx', '2020-01-27 07:48:28', '2020-01-27 07:48:28'),
(2160, 48, '63PFVnaPcDWOzLlxfp7zRxVCpSinrGXN', '2020-01-27 14:42:45', '2020-01-27 14:42:45'),
(2162, 51, 'ZTtKkPeP0lPfz8f6AisaYP4tG9nUkyyk', '2020-01-27 18:14:57', '2020-01-27 18:14:57'),
(2172, 48, 'HzTLXHvla1vyOIBBcQy3IeGsePDUnGWz', '2020-01-28 15:12:44', '2020-01-28 15:12:44'),
(2173, 48, '716VGptsbRRihey5cRPdbBPcVtdoGMWn', '2020-01-28 17:54:32', '2020-01-28 17:54:32'),
(2174, 51, 'QOxfPiLKKWTDESaieI7Twc33TxwJLjOM', '2020-01-28 19:49:08', '2020-01-28 19:49:08'),
(2178, 48, 'DJDrcO2K5IGwNrxe6636fBqBGgFFwvMN', '2020-01-29 12:46:59', '2020-01-29 12:46:59'),
(2182, 48, 'yucWqXlzYYwx1ZcFur1uPZnC0kuvsiv8', '2020-01-29 17:28:47', '2020-01-29 17:28:47'),
(2184, 51, 'LmI8sX39xRZ79cKLnUDeV0Ok5FfzWv1r', '2020-01-29 18:19:10', '2020-01-29 18:19:10'),
(2185, 51, 'RRJFWyGO2d7mz7CufUvDOIaSJccWutxW', '2020-01-29 18:47:34', '2020-01-29 18:47:34'),
(2186, 48, 'OpyYcyO18AHiKzMSdRSosTfSEyuJXnLa', '2020-01-29 20:01:16', '2020-01-29 20:01:16'),
(2193, 51, 'IhMmsrw8vKTogrNQcRkwxsV5EOjqVP33', '2020-01-30 15:16:44', '2020-01-30 15:16:44'),
(2194, 48, 'mu7vhpA68FTbnQ7cn3EyTrH8LJnGaO5A', '2020-01-30 17:38:44', '2020-01-30 17:38:44'),
(2196, 48, '0IrzttInXwX1OtO4m1YwnjXKAzX6HkqK', '2020-01-30 18:38:43', '2020-01-30 18:38:43'),
(2197, 51, 'iTgqHyZcUXi3tIbemaTVWQZZWd0G0ywt', '2020-01-30 19:43:57', '2020-01-30 19:43:57'),
(2199, 51, 'nkTds0C0aaDafgWvB0HwZ1MRkaA2UNui', '2020-01-31 06:38:42', '2020-01-31 06:38:42'),
(2204, 48, 'DF5CLOAigRU8IVRqB1J1o8LKQqgA2pv6', '2020-01-31 13:29:17', '2020-01-31 13:29:17'),
(2205, 51, 'nOgBOTSGD4gjDLidnGQKQsMn3iUxOzia', '2020-01-31 18:08:24', '2020-01-31 18:08:24'),
(2208, 51, 'ICCaZd3BIJ58yJzr5ABJSWTKw7orUSC9', '2020-01-31 22:20:18', '2020-01-31 22:20:18'),
(2210, 51, '3n9UajwXiBhXqJCwGtZnt29rwxE5hwJI', '2020-02-01 08:30:59', '2020-02-01 08:30:59'),
(2212, 51, 'EMSgEQ9p2fEH8Mqvsp9m6Qew0QGWM8qB', '2020-02-01 16:02:24', '2020-02-01 16:02:24'),
(2213, 51, 'KBLtuyS76dfvxJKx0mohBcELeC3Z6xPY', '2020-02-01 17:41:49', '2020-02-01 17:41:49'),
(2215, 51, 'biKCyE561rOPonq1Sg0KH5MnOfKEonos', '2020-02-01 22:28:22', '2020-02-01 22:28:22'),
(2219, 51, 'dLurPBflPsBiaWCRtHBJcGCuaeee2Hv5', '2020-02-02 10:26:00', '2020-02-02 10:26:00'),
(2220, 49, 'mzBTk0hyZV0PrRcblgcWpQXg5mbpSb9z', '2020-02-02 10:45:42', '2020-02-02 10:45:42'),
(2222, 51, 'aErjJIs1JoQKFVc95C4vstxt7cuNT9It', '2020-02-02 17:33:37', '2020-02-02 17:33:37'),
(2223, 51, 'JKgaKXpMVBJqCCFE3VPGL3Dz9Med6P5h', '2020-02-02 19:08:58', '2020-02-02 19:08:58'),
(2224, 51, 'P5lyqpsUi1HdlZ8HQM1hZWMpA5pAOfxz', '2020-02-02 20:17:42', '2020-02-02 20:17:42'),
(2225, 51, 'EgXFJiyojuadV2Li0GmWBsRvaVQG6EVk', '2020-02-02 20:44:41', '2020-02-02 20:44:41'),
(2226, 52, 'pMujfUAvlvLWpqm7zCHbEXJ8gvbx8jdp', '2020-02-03 07:21:12', '2020-02-03 07:21:12'),
(2228, 48, '3cLYV6xG88vSaaiRaNlRLJjyLNduTGFT', '2020-02-03 08:48:29', '2020-02-03 08:48:29'),
(2233, 51, 'ksROlJiW8lEmeFbqaJmKxENfsmbajqYu', '2020-02-03 16:03:57', '2020-02-03 16:03:57'),
(2234, 51, 'VxEpmBGsXhHTojY8d2o7lXdJOD0QIuVU', '2020-02-03 16:20:16', '2020-02-03 16:20:16'),
(2235, 51, 'gk44bkSKcMyHrWV123o0aWnoot7lLrJl', '2020-02-03 17:24:22', '2020-02-03 17:24:22'),
(2236, 51, 'P8ZqE3dnJDj6SCUEoy7VGV9QE4MTZify', '2020-02-03 17:28:31', '2020-02-03 17:28:31'),
(2237, 48, '58CpbQB6GM3Xwq0BL4ZiYfky4Z0O614V', '2020-02-03 17:51:18', '2020-02-03 17:51:18'),
(2238, 51, 'iyxTMrzWKYv1UjlfBR5ffsl46wE7VyI6', '2020-02-03 18:28:28', '2020-02-03 18:28:28'),
(2240, 51, 'iTxFhpCu3cH0xFSblZVeDuLSUWPs45CI', '2020-02-03 19:06:58', '2020-02-03 19:06:58'),
(2249, 48, 'WhWNO2NOiuzCFqH0T6MWHFymxp2e1bfh', '2020-02-04 08:12:57', '2020-02-04 08:12:57'),
(2250, 51, 'm4g4q4iRSjkO2eHBjylVXnTEBYM6MJm2', '2020-02-04 08:17:44', '2020-02-04 08:17:44'),
(2254, 48, 'HqKve4hFKqJ5zSO2tqDLxvCLHRM6t3oz', '2020-02-04 08:59:42', '2020-02-04 08:59:42'),
(2256, 55, 'IWksDIiLSf8Y2O4tkQ8y9qaWUBQo8Di5', '2020-02-04 12:57:44', '2020-02-04 12:57:44'),
(2257, 55, '2EWBQgjyJA1XaYtu8pa4t9QtVSKHisEL', '2020-02-04 14:03:12', '2020-02-04 14:03:12'),
(2260, 42, 'SIyugRTWvdjs4guVYfaPS30sa4UTXgl9', '2020-02-06 00:58:28', '2020-02-06 00:58:28'),
(2261, 42, 'Uv2etPGoSrrLdqypQD1uS0p49BOQSqen', '2020-02-06 12:30:05', '2020-02-06 12:30:05'),
(2262, 42, 'BZdHNJUoy4EiaNSZ5ZXtlM9HC6aJaHzT', '2020-02-07 14:26:46', '2020-02-07 14:26:46'),
(2263, 42, 'Ajd2rmdrdLt561bcfbihfgrmkV9R9A7L', '2020-02-13 17:33:42', '2020-02-13 17:33:42'),
(2264, 1, 'XWZ1DNO6VT0jKDWJubFy2JbmT0nG5sWm', '2020-02-19 15:09:00', '2020-02-19 15:09:00'),
(2265, 42, 'izUK6eS8GKbES693YIESz9Xc5xEGgcqK', '2020-02-26 01:24:55', '2020-02-26 01:24:55'),
(2266, 42, 'wLoSeqtiMFOzRbWTiZnl52kkpGG3vA5Y', '2020-03-04 00:49:24', '2020-03-04 00:49:24');

-- --------------------------------------------------------

--
-- Estructura de tabla para la tabla `reminders`
--

CREATE TABLE `reminders` (
  `id` int(10) UNSIGNED NOT NULL,
  `user_id` int(10) UNSIGNED NOT NULL,
  `code` varchar(255) NOT NULL,
  `completed` tinyint(1) NOT NULL DEFAULT 0,
  `completed_at` timestamp NULL DEFAULT NULL,
  `created_at` timestamp NOT NULL DEFAULT '0000-00-00 00:00:00',
  `updated_at` timestamp NOT NULL DEFAULT '0000-00-00 00:00:00'
) ENGINE=InnoDB DEFAULT CHARSET=utf8mb4;

-- --------------------------------------------------------

--
-- Estructura de tabla para la tabla `roles`
--

CREATE TABLE `roles` (
  `id` int(10) UNSIGNED NOT NULL,
  `slug` varchar(255) CHARACTER SET utf8 NOT NULL,
  `name` varchar(255) NOT NULL,
  `permissions` text CHARACTER SET utf8 COLLATE utf8_unicode_ci DEFAULT NULL,
  `created_at` timestamp NOT NULL DEFAULT '0000-00-00 00:00:00',
  `updated_at` timestamp NOT NULL DEFAULT '0000-00-00 00:00:00'
) ENGINE=InnoDB DEFAULT CHARSET=utf8mb4;

--
-- Volcado de datos para la tabla `roles`
--

INSERT INTO `roles` (`id`, `slug`, `name`, `permissions`, `created_at`, `updated_at`) VALUES
(1, 'Master', 'Administradores Studio Q-Atro', NULL, '0000-00-00 00:00:00', '0000-00-00 00:00:00'),
(2, 'Administrador', 'Administradores del sistema', NULL, '0000-00-00 00:00:00', '0000-00-00 00:00:00'),
(3, 'Usuario', 'Usuario del sistema', NULL, '0000-00-00 00:00:00', '2018-01-30 06:28:49'),
(4, 'Publico', 'Visitante', NULL, '0000-00-00 00:00:00', '0000-00-00 00:00:00'),
(5, 'UsuarioAdmin', 'Es un supervisor del lado de los clientes y tendrá alcance para hacer reversas de operaciones', NULL, '2019-07-19 13:36:27', '2019-07-19 13:36:27'),
(6, 'Operador', 'Encargado de administrar las acreditaciones', NULL, '2019-09-10 18:30:52', '2019-09-10 18:30:52'),
(7, 'Mayorista', 'Comprador de servicios mayorista', NULL, '2019-09-10 18:31:22', '2019-09-10 18:31:22');

-- --------------------------------------------------------

--
-- Estructura de tabla para la tabla `role_users`
--

CREATE TABLE `role_users` (
  `user_id` int(10) UNSIGNED NOT NULL,
  `role_id` int(10) UNSIGNED NOT NULL,
  `created_at` timestamp NULL DEFAULT NULL,
  `updated_at` timestamp NULL DEFAULT NULL
) ENGINE=InnoDB DEFAULT CHARSET=utf8mb4;

--
-- Volcado de datos para la tabla `role_users`
--

INSERT INTO `role_users` (`user_id`, `role_id`, `created_at`, `updated_at`) VALUES
(1, 1, '2019-09-03 21:57:02', '2019-09-03 21:57:02'),
(11, 2, '2019-11-06 09:15:14', '2019-11-06 09:15:14'),
(32, 2, '2019-09-10 02:32:40', '2019-09-10 02:32:40'),
(34, 5, '2019-09-11 13:16:33', '2019-09-11 13:16:33'),
(41, 5, '2019-09-16 01:53:15', '2019-09-16 01:53:15'),
(42, 3, '2019-09-16 01:57:09', '2019-09-16 01:57:09'),
(43, 3, '2019-09-16 02:44:44', '2019-09-16 02:44:44'),
(44, 3, '2019-09-16 11:26:53', '2019-09-16 11:26:53'),
(45, 5, '2019-10-22 11:04:36', '2019-10-22 11:04:36'),
(46, 3, '2019-10-29 18:30:14', '2019-10-29 18:30:14'),
(47, 5, '2019-11-04 15:19:03', '2019-11-04 15:19:03'),
(48, 5, '2019-11-05 12:50:01', '2019-11-05 12:50:01'),
(49, 5, '2019-12-19 14:56:29', '2019-12-19 14:56:29'),
(50, 5, '2019-11-06 08:23:44', '2019-11-06 08:23:44'),
(51, 5, '2019-11-08 15:36:54', '2019-11-08 15:36:54'),
(52, 5, '2019-11-11 08:06:44', '2019-11-11 08:06:44'),
(53, 5, '2019-11-17 12:21:35', '2019-11-17 12:21:35'),
(54, 2, '2019-11-21 15:52:43', '2019-11-21 15:52:43'),
(55, 3, '2019-12-12 14:35:00', '2019-12-12 14:35:00');

-- --------------------------------------------------------

--
-- Estructura de tabla para la tabla `textos`
--

CREATE TABLE `textos` (
  `id` int(10) UNSIGNED NOT NULL,
  `tema_id` int(5) UNSIGNED DEFAULT NULL,
  `categoria_id` int(5) UNSIGNED DEFAULT NULL,
  `imagen` text DEFAULT NULL,
  `video` text DEFAULT NULL,
  `alt` text DEFAULT NULL,
  `origen` varchar(200) DEFAULT NULL,
  `notas` text DEFAULT NULL,
  `created_at` timestamp NOT NULL DEFAULT '0000-00-00 00:00:00',
  `updated_at` timestamp NOT NULL DEFAULT '0000-00-00 00:00:00'
) ENGINE=InnoDB DEFAULT CHARSET=utf8mb4 ROW_FORMAT=COMPACT;

-- --------------------------------------------------------

--
-- Estructura de tabla para la tabla `textos_categorias`
--

CREATE TABLE `textos_categorias` (
  `id` int(5) UNSIGNED NOT NULL,
  `nombre` varchar(100) NOT NULL,
  `imagen` varchar(100) DEFAULT NULL,
  `explica` varchar(255) DEFAULT NULL
) ENGINE=InnoDB DEFAULT CHARSET=utf8mb4 ROW_FORMAT=COMPACT;

-- --------------------------------------------------------

--
-- Estructura de tabla para la tabla `textos_en`
--

CREATE TABLE `textos_en` (
  `id` int(10) UNSIGNED NOT NULL,
  `textos_id` int(10) UNSIGNED DEFAULT NULL,
  `titulo` varchar(250) NOT NULL,
  `texto` text DEFAULT NULL
) ENGINE=InnoDB DEFAULT CHARSET=utf8mb4 ROW_FORMAT=COMPACT;

-- --------------------------------------------------------

--
-- Estructura de tabla para la tabla `textos_es`
--

CREATE TABLE `textos_es` (
  `id` int(10) UNSIGNED NOT NULL,
  `textos_id` int(10) UNSIGNED DEFAULT NULL,
  `titulo` varchar(250) NOT NULL,
  `texto` text DEFAULT NULL
) ENGINE=InnoDB DEFAULT CHARSET=utf8mb4 ROW_FORMAT=COMPACT;

-- --------------------------------------------------------

--
-- Estructura de tabla para la tabla `textos_temas`
--

CREATE TABLE `textos_temas` (
  `id` int(5) UNSIGNED NOT NULL,
  `textos_categorias_id` int(5) UNSIGNED DEFAULT NULL,
  `nombre` varchar(100) NOT NULL,
  `imagen` varchar(100) DEFAULT NULL,
  `explica` varchar(255) DEFAULT NULL
) ENGINE=InnoDB DEFAULT CHARSET=utf8mb4 ROW_FORMAT=COMPACT;

-- --------------------------------------------------------

--
-- Estructura de tabla para la tabla `throttle`
--

CREATE TABLE `throttle` (
  `id` int(10) UNSIGNED NOT NULL,
  `user_id` int(10) UNSIGNED DEFAULT NULL,
  `type` varchar(255) CHARACTER SET utf8 NOT NULL,
  `ip` varchar(255) CHARACTER SET utf8 DEFAULT NULL,
  `created_at` timestamp NOT NULL DEFAULT '0000-00-00 00:00:00',
  `updated_at` timestamp NOT NULL DEFAULT '0000-00-00 00:00:00'
) ENGINE=InnoDB DEFAULT CHARSET=utf8mb4;

--
-- Volcado de datos para la tabla `throttle`
--

INSERT INTO `throttle` (`id`, `user_id`, `type`, `ip`, `created_at`, `updated_at`) VALUES
(28, 11, 'user', NULL, '2019-07-09 19:52:35', '2019-07-09 19:52:35'),
(127, NULL, 'global', NULL, '2019-09-03 20:18:39', '2019-09-03 20:18:39'),
(128, NULL, 'ip', '200.107.20.251', '2019-09-03 20:18:39', '2019-09-03 20:18:39'),
(129, NULL, 'global', NULL, '2019-09-03 22:46:30', '2019-09-03 22:46:30'),
(130, NULL, 'ip', '200.107.20.251', '2019-09-03 22:46:30', '2019-09-03 22:46:30'),
(131, 11, 'user', NULL, '2019-09-03 22:46:30', '2019-09-03 22:46:30'),
(132, NULL, 'global', NULL, '2019-09-03 22:46:54', '2019-09-03 22:46:54'),
(133, NULL, 'ip', '200.107.20.251', '2019-09-03 22:46:54', '2019-09-03 22:46:54'),
(134, 11, 'user', NULL, '2019-09-03 22:46:54', '2019-09-03 22:46:54'),
(135, NULL, 'global', NULL, '2019-09-03 22:51:11', '2019-09-03 22:51:11'),
(136, NULL, 'ip', '200.107.20.251', '2019-09-03 22:51:11', '2019-09-03 22:51:11'),
(137, 11, 'user', NULL, '2019-09-03 22:51:11', '2019-09-03 22:51:11'),
(138, NULL, 'global', NULL, '2019-09-04 08:57:19', '2019-09-04 08:57:19'),
(139, NULL, 'ip', '200.107.20.251', '2019-09-04 08:57:19', '2019-09-04 08:57:19'),
(140, NULL, 'global', NULL, '2019-09-05 20:34:10', '2019-09-05 20:34:10'),
(141, NULL, 'ip', '200.125.249.74', '2019-09-05 20:34:10', '2019-09-05 20:34:10'),
(142, NULL, 'global', NULL, '2019-09-06 16:13:26', '2019-09-06 16:13:26'),
(143, NULL, 'ip', '157.100.53.139', '2019-09-06 16:13:26', '2019-09-06 16:13:26'),
(144, NULL, 'global', NULL, '2019-09-06 16:14:28', '2019-09-06 16:14:28'),
(145, NULL, 'ip', '157.100.53.139', '2019-09-06 16:14:28', '2019-09-06 16:14:28'),
(146, NULL, 'global', NULL, '2019-09-06 16:19:28', '2019-09-06 16:19:28'),
(147, NULL, 'ip', '157.100.53.139', '2019-09-06 16:19:28', '2019-09-06 16:19:28'),
(148, NULL, 'global', NULL, '2019-09-06 16:19:54', '2019-09-06 16:19:54'),
(149, NULL, 'ip', '157.100.53.139', '2019-09-06 16:19:54', '2019-09-06 16:19:54'),
(150, NULL, 'global', NULL, '2019-09-06 16:20:27', '2019-09-06 16:20:27'),
(151, NULL, 'ip', '157.100.53.139', '2019-09-06 16:20:27', '2019-09-06 16:20:27'),
(152, NULL, 'global', NULL, '2019-09-07 09:47:59', '2019-09-07 09:47:59'),
(153, NULL, 'ip', '200.107.21.253', '2019-09-07 09:47:59', '2019-09-07 09:47:59'),
(155, NULL, 'global', NULL, '2019-09-07 09:48:35', '2019-09-07 09:48:35'),
(156, NULL, 'ip', '200.107.21.253', '2019-09-07 09:48:35', '2019-09-07 09:48:35'),
(158, NULL, 'global', NULL, '2019-09-07 10:48:49', '2019-09-07 10:48:49'),
(159, NULL, 'ip', '200.107.21.253', '2019-09-07 10:48:49', '2019-09-07 10:48:49'),
(160, NULL, 'global', NULL, '2019-09-07 10:56:01', '2019-09-07 10:56:01'),
(161, NULL, 'ip', '200.107.21.253', '2019-09-07 10:56:01', '2019-09-07 10:56:01'),
(162, 11, 'user', NULL, '2019-09-07 10:56:01', '2019-09-07 10:56:01'),
(163, NULL, 'global', NULL, '2019-09-07 10:56:13', '2019-09-07 10:56:13'),
(164, NULL, 'ip', '200.107.21.253', '2019-09-07 10:56:13', '2019-09-07 10:56:13'),
(165, 11, 'user', NULL, '2019-09-07 10:56:13', '2019-09-07 10:56:13'),
(166, NULL, 'global', NULL, '2019-09-09 10:40:40', '2019-09-09 10:40:40'),
(167, NULL, 'ip', '190.11.5.103', '2019-09-09 10:40:40', '2019-09-09 10:40:40'),
(168, NULL, 'global', NULL, '2019-09-09 12:47:13', '2019-09-09 12:47:13'),
(169, NULL, 'ip', '200.125.228.126', '2019-09-09 12:47:13', '2019-09-09 12:47:13'),
(170, 11, 'user', NULL, '2019-09-09 12:47:13', '2019-09-09 12:47:13'),
(171, NULL, 'global', NULL, '2019-09-10 01:57:38', '2019-09-10 01:57:38'),
(172, NULL, 'ip', '157.100.53.139', '2019-09-10 01:57:38', '2019-09-10 01:57:38'),
(173, NULL, 'global', NULL, '2019-09-10 01:58:06', '2019-09-10 01:58:06'),
(174, NULL, 'ip', '157.100.53.139', '2019-09-10 01:58:06', '2019-09-10 01:58:06'),
(175, NULL, 'global', NULL, '2019-09-10 08:09:29', '2019-09-10 08:09:29'),
(176, NULL, 'ip', '200.125.228.126', '2019-09-10 08:09:29', '2019-09-10 08:09:29'),
(177, NULL, 'global', NULL, '2019-09-10 08:09:42', '2019-09-10 08:09:42'),
(178, NULL, 'ip', '200.125.228.126', '2019-09-10 08:09:42', '2019-09-10 08:09:42'),
(179, NULL, 'global', NULL, '2019-09-10 08:09:55', '2019-09-10 08:09:55'),
(180, NULL, 'ip', '200.125.228.126', '2019-09-10 08:09:55', '2019-09-10 08:09:55'),
(181, NULL, 'global', NULL, '2019-09-10 12:47:11', '2019-09-10 12:47:11'),
(182, NULL, 'ip', '200.125.228.126', '2019-09-10 12:47:11', '2019-09-10 12:47:11'),
(183, NULL, 'global', NULL, '2019-09-10 12:47:29', '2019-09-10 12:47:29'),
(184, NULL, 'ip', '200.125.228.126', '2019-09-10 12:47:29', '2019-09-10 12:47:29'),
(185, NULL, 'global', NULL, '2019-09-10 12:48:02', '2019-09-10 12:48:02'),
(186, NULL, 'ip', '200.125.228.126', '2019-09-10 12:48:02', '2019-09-10 12:48:02'),
(187, NULL, 'global', NULL, '2019-09-11 13:18:24', '2019-09-11 13:18:24'),
(188, NULL, 'ip', '200.125.228.110', '2019-09-11 13:18:24', '2019-09-11 13:18:24'),
(189, NULL, 'global', NULL, '2019-09-11 13:18:25', '2019-09-11 13:18:25'),
(190, NULL, 'ip', '200.125.228.110', '2019-09-11 13:18:25', '2019-09-11 13:18:25'),
(191, NULL, 'global', NULL, '2019-09-11 13:18:38', '2019-09-11 13:18:38'),
(192, NULL, 'ip', '200.125.228.110', '2019-09-11 13:18:38', '2019-09-11 13:18:38'),
(193, NULL, 'global', NULL, '2019-09-11 13:19:55', '2019-09-11 13:19:55'),
(194, NULL, 'ip', '200.125.228.110', '2019-09-11 13:19:55', '2019-09-11 13:19:55'),
(195, NULL, 'global', NULL, '2019-09-11 13:22:15', '2019-09-11 13:22:15'),
(196, NULL, 'ip', '200.125.228.110', '2019-09-11 13:22:15', '2019-09-11 13:22:15'),
(197, NULL, 'global', NULL, '2019-09-11 13:23:17', '2019-09-11 13:23:17'),
(198, NULL, 'ip', '200.125.228.110', '2019-09-11 13:23:17', '2019-09-11 13:23:17'),
(199, NULL, 'global', NULL, '2019-09-11 13:41:56', '2019-09-11 13:41:56'),
(200, NULL, 'ip', '200.125.228.110', '2019-09-11 13:41:56', '2019-09-11 13:41:56'),
(201, NULL, 'global', NULL, '2019-09-11 13:42:53', '2019-09-11 13:42:53'),
(202, NULL, 'ip', '200.125.228.110', '2019-09-11 13:42:53', '2019-09-11 13:42:53'),
(203, NULL, 'global', NULL, '2019-09-11 13:50:16', '2019-09-11 13:50:16'),
(204, NULL, 'ip', '200.125.228.110', '2019-09-11 13:50:16', '2019-09-11 13:50:16'),
(205, NULL, 'global', NULL, '2019-09-11 13:56:38', '2019-09-11 13:56:38'),
(206, NULL, 'ip', '200.125.228.110', '2019-09-11 13:56:38', '2019-09-11 13:56:38'),
(207, NULL, 'global', NULL, '2019-09-11 18:29:34', '2019-09-11 18:29:34'),
(208, NULL, 'ip', '200.125.228.110', '2019-09-11 18:29:34', '2019-09-11 18:29:34'),
(209, NULL, 'global', NULL, '2019-09-11 18:29:45', '2019-09-11 18:29:45'),
(210, NULL, 'ip', '200.125.228.110', '2019-09-11 18:29:45', '2019-09-11 18:29:45'),
(211, NULL, 'global', NULL, '2019-09-11 23:40:27', '2019-09-11 23:40:27'),
(212, NULL, 'ip', '157.100.53.139', '2019-09-11 23:40:27', '2019-09-11 23:40:27'),
(213, 32, 'user', NULL, '2019-09-11 23:40:27', '2019-09-11 23:40:27'),
(214, NULL, 'global', NULL, '2019-09-12 14:44:27', '2019-09-12 14:44:27'),
(215, NULL, 'ip', '200.125.228.110', '2019-09-12 14:44:27', '2019-09-12 14:44:27'),
(216, NULL, 'global', NULL, '2019-09-12 14:51:30', '2019-09-12 14:51:30'),
(217, NULL, 'ip', '200.125.228.110', '2019-09-12 14:51:30', '2019-09-12 14:51:30'),
(218, NULL, 'global', NULL, '2019-09-12 14:51:41', '2019-09-12 14:51:41'),
(219, NULL, 'ip', '200.125.228.110', '2019-09-12 14:51:41', '2019-09-12 14:51:41'),
(220, NULL, 'global', NULL, '2019-09-12 14:52:01', '2019-09-12 14:52:01'),
(221, NULL, 'ip', '200.125.228.110', '2019-09-12 14:52:01', '2019-09-12 14:52:01'),
(222, NULL, 'global', NULL, '2019-09-12 14:52:13', '2019-09-12 14:52:13'),
(223, NULL, 'ip', '200.125.228.110', '2019-09-12 14:52:13', '2019-09-12 14:52:13'),
(224, NULL, 'global', NULL, '2019-09-12 20:23:20', '2019-09-12 20:23:20'),
(225, NULL, 'ip', '200.125.228.110', '2019-09-12 20:23:20', '2019-09-12 20:23:20'),
(226, NULL, 'global', NULL, '2019-09-13 09:31:59', '2019-09-13 09:31:59'),
(227, NULL, 'ip', '200.125.228.123', '2019-09-13 09:31:59', '2019-09-13 09:31:59'),
(228, NULL, 'global', NULL, '2019-09-13 15:36:31', '2019-09-13 15:36:31'),
(229, NULL, 'ip', '200.125.228.123', '2019-09-13 15:36:31', '2019-09-13 15:36:31'),
(230, NULL, 'global', NULL, '2019-09-13 15:40:34', '2019-09-13 15:40:34'),
(231, NULL, 'ip', '200.125.228.123', '2019-09-13 15:40:34', '2019-09-13 15:40:34'),
(232, NULL, 'global', NULL, '2019-09-14 08:38:53', '2019-09-14 08:38:53'),
(233, NULL, 'ip', '200.125.228.123', '2019-09-14 08:38:53', '2019-09-14 08:38:53'),
(234, NULL, 'global', NULL, '2019-09-15 18:14:24', '2019-09-15 18:14:24'),
(235, NULL, 'ip', '200.125.229.76', '2019-09-15 18:14:24', '2019-09-15 18:14:24'),
(236, NULL, 'global', NULL, '2019-09-16 02:46:24', '2019-09-16 02:46:24'),
(237, NULL, 'ip', '157.100.53.139', '2019-09-16 02:46:24', '2019-09-16 02:46:24'),
(238, NULL, 'global', NULL, '2019-09-16 07:32:50', '2019-09-16 07:32:50'),
(239, NULL, 'ip', '200.107.21.134', '2019-09-16 07:32:50', '2019-09-16 07:32:50'),
(240, NULL, 'global', NULL, '2019-09-16 12:27:22', '2019-09-16 12:27:22'),
(241, NULL, 'ip', '200.107.21.134', '2019-09-16 12:27:22', '2019-09-16 12:27:22'),
(242, NULL, 'global', NULL, '2019-09-16 12:27:24', '2019-09-16 12:27:24'),
(243, NULL, 'ip', '200.107.21.134', '2019-09-16 12:27:24', '2019-09-16 12:27:24'),
(244, NULL, 'global', NULL, '2019-09-16 21:14:44', '2019-09-16 21:14:44'),
(245, NULL, 'ip', '200.107.21.134', '2019-09-16 21:14:44', '2019-09-16 21:14:44'),
(246, 11, 'user', NULL, '2019-09-16 21:14:44', '2019-09-16 21:14:44'),
(247, NULL, 'global', NULL, '2019-09-17 18:01:56', '2019-09-17 18:01:56'),
(248, NULL, 'ip', '200.107.21.134', '2019-09-17 18:01:56', '2019-09-17 18:01:56'),
(249, 44, 'user', NULL, '2019-09-17 18:01:56', '2019-09-17 18:01:56'),
(250, NULL, 'global', NULL, '2019-09-17 20:11:50', '2019-09-17 20:11:50'),
(251, NULL, 'ip', '200.125.248.64', '2019-09-17 20:11:50', '2019-09-17 20:11:50'),
(252, NULL, 'global', NULL, '2019-09-19 08:07:25', '2019-09-19 08:07:25'),
(253, NULL, 'ip', '186.101.139.45', '2019-09-19 08:07:25', '2019-09-19 08:07:25'),
(254, 44, 'user', NULL, '2019-09-19 08:07:25', '2019-09-19 08:07:25'),
(255, NULL, 'global', NULL, '2019-09-20 08:41:17', '2019-09-20 08:41:17'),
(256, NULL, 'ip', '186.101.139.45', '2019-09-20 08:41:17', '2019-09-20 08:41:17'),
(257, NULL, 'global', NULL, '2019-09-20 11:39:45', '2019-09-20 11:39:45'),
(258, NULL, 'ip', '200.125.248.98', '2019-09-20 11:39:45', '2019-09-20 11:39:45'),
(259, NULL, 'global', NULL, '2019-09-24 12:45:22', '2019-09-24 12:45:22'),
(260, NULL, 'ip', '200.125.228.192', '2019-09-24 12:45:22', '2019-09-24 12:45:22'),
(261, 11, 'user', NULL, '2019-09-24 12:45:22', '2019-09-24 12:45:22'),
(262, NULL, 'global', NULL, '2019-09-26 19:16:15', '2019-09-26 19:16:15'),
(263, NULL, 'ip', '190.63.126.225', '2019-09-26 19:16:15', '2019-09-26 19:16:15'),
(264, NULL, 'global', NULL, '2019-09-29 14:30:27', '2019-09-29 14:30:27'),
(265, NULL, 'ip', '186.4.253.220', '2019-09-29 14:30:27', '2019-09-29 14:30:27'),
(266, 44, 'user', NULL, '2019-09-29 14:30:27', '2019-09-29 14:30:27'),
(267, NULL, 'global', NULL, '2019-10-02 15:16:36', '2019-10-02 15:16:36'),
(268, NULL, 'ip', '186.46.215.92', '2019-10-02 15:16:36', '2019-10-02 15:16:36'),
(269, NULL, 'global', NULL, '2019-10-02 20:08:44', '2019-10-02 20:08:44'),
(270, NULL, 'ip', '200.107.20.222', '2019-10-02 20:08:44', '2019-10-02 20:08:44'),
(271, NULL, 'global', NULL, '2019-10-04 08:12:05', '2019-10-04 08:12:05'),
(272, NULL, 'ip', '200.107.21.210', '2019-10-04 08:12:05', '2019-10-04 08:12:05'),
(273, NULL, 'global', NULL, '2019-10-08 13:00:23', '2019-10-08 13:00:23'),
(274, NULL, 'ip', '200.107.20.35', '2019-10-08 13:00:23', '2019-10-08 13:00:23'),
(275, 44, 'user', NULL, '2019-10-08 13:00:23', '2019-10-08 13:00:23'),
(276, NULL, 'global', NULL, '2019-10-10 13:37:06', '2019-10-10 13:37:06'),
(277, NULL, 'ip', '190.152.184.190', '2019-10-10 13:37:06', '2019-10-10 13:37:06'),
(278, NULL, 'global', NULL, '2019-10-12 19:48:04', '2019-10-12 19:48:04'),
(279, NULL, 'ip', '200.125.228.197', '2019-10-12 19:48:04', '2019-10-12 19:48:04'),
(280, NULL, 'global', NULL, '2019-10-16 07:12:34', '2019-10-16 07:12:34'),
(281, NULL, 'ip', '200.107.20.115', '2019-10-16 07:12:34', '2019-10-16 07:12:34'),
(282, NULL, 'global', NULL, '2019-10-22 12:18:56', '2019-10-22 12:18:56'),
(283, NULL, 'ip', '200.107.20.229', '2019-10-22 12:18:56', '2019-10-22 12:18:56'),
(284, 44, 'user', NULL, '2019-10-22 12:18:56', '2019-10-22 12:18:56'),
(285, NULL, 'global', NULL, '2019-10-22 13:15:40', '2019-10-22 13:15:40'),
(286, NULL, 'ip', '200.107.20.229', '2019-10-22 13:15:40', '2019-10-22 13:15:40'),
(287, NULL, 'global', NULL, '2019-10-22 13:15:53', '2019-10-22 13:15:53'),
(288, NULL, 'ip', '200.107.20.229', '2019-10-22 13:15:53', '2019-10-22 13:15:53'),
(289, 44, 'user', NULL, '2019-10-22 13:15:53', '2019-10-22 13:15:53'),
(290, NULL, 'global', NULL, '2019-10-22 18:12:13', '2019-10-22 18:12:13'),
(291, NULL, 'ip', '167.250.180.98', '2019-10-22 18:12:13', '2019-10-22 18:12:13'),
(292, NULL, 'global', NULL, '2019-10-23 06:58:16', '2019-10-23 06:58:16'),
(293, NULL, 'ip', '200.107.20.229', '2019-10-23 06:58:16', '2019-10-23 06:58:16'),
(294, NULL, 'global', NULL, '2019-10-23 06:58:35', '2019-10-23 06:58:35'),
(295, NULL, 'ip', '200.107.20.229', '2019-10-23 06:58:35', '2019-10-23 06:58:35'),
(296, 44, 'user', NULL, '2019-10-23 06:58:35', '2019-10-23 06:58:35'),
(297, NULL, 'global', NULL, '2019-10-23 19:55:44', '2019-10-23 19:55:44'),
(298, NULL, 'ip', '200.107.20.229', '2019-10-23 19:55:44', '2019-10-23 19:55:44'),
(299, NULL, 'global', NULL, '2019-10-23 19:55:50', '2019-10-23 19:55:50'),
(300, NULL, 'ip', '200.107.20.229', '2019-10-23 19:55:50', '2019-10-23 19:55:50'),
(301, NULL, 'global', NULL, '2019-10-23 19:55:54', '2019-10-23 19:55:54'),
(302, NULL, 'ip', '200.107.20.229', '2019-10-23 19:55:54', '2019-10-23 19:55:54'),
(303, NULL, 'global', NULL, '2019-10-23 19:55:55', '2019-10-23 19:55:55'),
(304, NULL, 'ip', '200.107.20.229', '2019-10-23 19:55:55', '2019-10-23 19:55:55'),
(305, NULL, 'global', NULL, '2019-10-23 19:55:57', '2019-10-23 19:55:57'),
(306, NULL, 'ip', '200.107.20.229', '2019-10-23 19:55:57', '2019-10-23 19:55:57'),
(307, NULL, 'global', NULL, '2019-10-23 19:55:58', '2019-10-23 19:55:58'),
(308, NULL, 'ip', '200.107.20.229', '2019-10-23 19:55:58', '2019-10-23 19:55:58'),
(309, NULL, 'global', NULL, '2019-10-24 17:29:21', '2019-10-24 17:29:21'),
(310, NULL, 'ip', '186.46.215.92', '2019-10-24 17:29:21', '2019-10-24 17:29:21'),
(311, NULL, 'global', NULL, '2019-10-25 17:51:17', '2019-10-25 17:51:17'),
(312, NULL, 'ip', '190.63.254.131', '2019-10-25 17:51:17', '2019-10-25 17:51:17'),
(313, 44, 'user', NULL, '2019-10-25 17:51:17', '2019-10-25 17:51:17'),
(314, NULL, 'global', NULL, '2019-10-25 19:45:31', '2019-10-25 19:45:31'),
(315, NULL, 'ip', '200.107.21.146', '2019-10-25 19:45:31', '2019-10-25 19:45:31'),
(316, 44, 'user', NULL, '2019-10-25 19:45:31', '2019-10-25 19:45:31'),
(317, NULL, 'global', NULL, '2019-10-25 19:45:35', '2019-10-25 19:45:35'),
(318, NULL, 'ip', '200.107.21.146', '2019-10-25 19:45:35', '2019-10-25 19:45:35'),
(319, 44, 'user', NULL, '2019-10-25 19:45:35', '2019-10-25 19:45:35'),
(320, NULL, 'global', NULL, '2019-10-26 07:58:13', '2019-10-26 07:58:13'),
(321, NULL, 'ip', '200.125.228.223', '2019-10-26 07:58:13', '2019-10-26 07:58:13'),
(322, 44, 'user', NULL, '2019-10-26 07:58:13', '2019-10-26 07:58:13'),
(323, NULL, 'global', NULL, '2019-10-26 10:57:07', '2019-10-26 10:57:07'),
(324, NULL, 'ip', '200.125.228.223', '2019-10-26 10:57:07', '2019-10-26 10:57:07'),
(325, NULL, 'global', NULL, '2019-10-28 10:35:46', '2019-10-28 10:35:46'),
(326, NULL, 'ip', '181.199.52.106', '2019-10-28 10:35:46', '2019-10-28 10:35:46'),
(327, NULL, 'global', NULL, '2019-10-28 16:29:10', '2019-10-28 16:29:10'),
(328, NULL, 'ip', '157.100.53.139', '2019-10-28 16:29:10', '2019-10-28 16:29:10'),
(329, 42, 'user', NULL, '2019-10-28 16:29:10', '2019-10-28 16:29:10'),
(330, NULL, 'global', NULL, '2019-10-30 09:44:25', '2019-10-30 09:44:25'),
(331, NULL, 'ip', '200.7.247.46', '2019-10-30 09:44:25', '2019-10-30 09:44:25'),
(332, NULL, 'global', NULL, '2019-10-30 09:44:57', '2019-10-30 09:44:57'),
(333, NULL, 'ip', '200.7.247.46', '2019-10-30 09:44:57', '2019-10-30 09:44:57'),
(334, NULL, 'global', NULL, '2019-10-30 09:52:05', '2019-10-30 09:52:05'),
(335, NULL, 'ip', '200.7.247.46', '2019-10-30 09:52:05', '2019-10-30 09:52:05'),
(336, NULL, 'global', NULL, '2019-11-03 23:23:54', '2019-11-03 23:23:54'),
(337, NULL, 'ip', '157.100.53.139', '2019-11-03 23:23:54', '2019-11-03 23:23:54'),
(338, NULL, 'global', NULL, '2019-11-04 16:05:05', '2019-11-04 16:05:05'),
(339, NULL, 'ip', '200.125.228.65', '2019-11-04 16:05:05', '2019-11-04 16:05:05'),
(340, NULL, 'global', NULL, '2019-11-04 16:05:20', '2019-11-04 16:05:20'),
(341, NULL, 'ip', '200.125.228.65', '2019-11-04 16:05:20', '2019-11-04 16:05:20'),
(342, NULL, 'global', NULL, '2019-11-04 16:05:35', '2019-11-04 16:05:35'),
(343, NULL, 'ip', '200.125.228.65', '2019-11-04 16:05:35', '2019-11-04 16:05:35'),
(344, NULL, 'global', NULL, '2019-11-05 12:02:00', '2019-11-05 12:02:00'),
(345, NULL, 'ip', '200.125.228.65', '2019-11-05 12:02:00', '2019-11-05 12:02:00'),
(346, 47, 'user', NULL, '2019-11-05 12:02:00', '2019-11-05 12:02:00'),
(347, NULL, 'global', NULL, '2019-11-05 12:08:11', '2019-11-05 12:08:11'),
(348, NULL, 'ip', '200.125.228.65', '2019-11-05 12:08:11', '2019-11-05 12:08:11'),
(349, 47, 'user', NULL, '2019-11-05 12:08:11', '2019-11-05 12:08:11'),
(350, NULL, 'global', NULL, '2019-11-05 12:08:23', '2019-11-05 12:08:23'),
(351, NULL, 'ip', '200.125.228.65', '2019-11-05 12:08:23', '2019-11-05 12:08:23'),
(352, 47, 'user', NULL, '2019-11-05 12:08:23', '2019-11-05 12:08:23'),
(353, NULL, 'global', NULL, '2019-11-05 17:42:22', '2019-11-05 17:42:22'),
(354, NULL, 'ip', '200.125.228.65', '2019-11-05 17:42:22', '2019-11-05 17:42:22'),
(355, NULL, 'global', NULL, '2019-11-05 17:54:18', '2019-11-05 17:54:18'),
(356, NULL, 'ip', '200.125.228.65', '2019-11-05 17:54:18', '2019-11-05 17:54:18'),
(357, 47, 'user', NULL, '2019-11-05 17:54:18', '2019-11-05 17:54:18'),
(358, NULL, 'global', NULL, '2019-11-05 20:07:08', '2019-11-05 20:07:08'),
(359, NULL, 'ip', '190.11.5.238', '2019-11-05 20:07:08', '2019-11-05 20:07:08'),
(360, NULL, 'global', NULL, '2019-11-05 20:07:20', '2019-11-05 20:07:20'),
(361, NULL, 'ip', '190.11.5.238', '2019-11-05 20:07:20', '2019-11-05 20:07:20'),
(362, NULL, 'global', NULL, '2019-11-05 20:38:40', '2019-11-05 20:38:40'),
(363, NULL, 'ip', '190.11.5.238', '2019-11-05 20:38:40', '2019-11-05 20:38:40'),
(364, NULL, 'global', NULL, '2019-11-05 20:38:58', '2019-11-05 20:38:58'),
(365, NULL, 'ip', '190.11.5.238', '2019-11-05 20:38:58', '2019-11-05 20:38:58'),
(366, NULL, 'global', NULL, '2019-11-05 20:39:23', '2019-11-05 20:39:23'),
(367, NULL, 'ip', '190.11.5.238', '2019-11-05 20:39:23', '2019-11-05 20:39:23'),
(368, NULL, 'global', NULL, '2019-11-06 07:58:14', '2019-11-06 07:58:14'),
(369, NULL, 'ip', '200.125.228.65', '2019-11-06 07:58:14', '2019-11-06 07:58:14'),
(370, 11, 'user', NULL, '2019-11-06 07:58:14', '2019-11-06 07:58:14'),
(371, NULL, 'global', NULL, '2019-11-06 08:25:03', '2019-11-06 08:25:03'),
(372, NULL, 'ip', '200.125.228.65', '2019-11-06 08:25:03', '2019-11-06 08:25:03'),
(373, 47, 'user', NULL, '2019-11-06 08:25:03', '2019-11-06 08:25:03'),
(374, NULL, 'global', NULL, '2019-11-06 08:31:49', '2019-11-06 08:31:49'),
(375, NULL, 'ip', '200.125.228.65', '2019-11-06 08:31:49', '2019-11-06 08:31:49'),
(376, 11, 'user', NULL, '2019-11-06 08:31:49', '2019-11-06 08:31:49'),
(377, NULL, 'global', NULL, '2019-11-06 08:35:54', '2019-11-06 08:35:54'),
(378, NULL, 'ip', '186.46.215.93', '2019-11-06 08:35:54', '2019-11-06 08:35:54'),
(379, 47, 'user', NULL, '2019-11-06 08:35:54', '2019-11-06 08:35:54'),
(380, NULL, 'global', NULL, '2019-11-06 09:35:54', '2019-11-06 09:35:54'),
(381, NULL, 'ip', '200.125.228.65', '2019-11-06 09:35:54', '2019-11-06 09:35:54'),
(382, NULL, 'global', NULL, '2019-11-06 09:36:03', '2019-11-06 09:36:03'),
(383, NULL, 'ip', '200.125.228.65', '2019-11-06 09:36:03', '2019-11-06 09:36:03'),
(384, NULL, 'global', NULL, '2019-11-06 09:36:13', '2019-11-06 09:36:13'),
(385, NULL, 'ip', '200.125.228.65', '2019-11-06 09:36:13', '2019-11-06 09:36:13'),
(386, NULL, 'global', NULL, '2019-11-06 09:36:55', '2019-11-06 09:36:55'),
(387, NULL, 'ip', '200.125.228.65', '2019-11-06 09:36:55', '2019-11-06 09:36:55'),
(388, NULL, 'global', NULL, '2019-11-06 09:37:07', '2019-11-06 09:37:07'),
(389, NULL, 'ip', '200.125.228.65', '2019-11-06 09:37:07', '2019-11-06 09:37:07'),
(390, 11, 'user', NULL, '2019-11-06 09:37:07', '2019-11-06 09:37:07'),
(391, NULL, 'global', NULL, '2019-11-06 09:39:30', '2019-11-06 09:39:30'),
(392, NULL, 'ip', '200.125.228.65', '2019-11-06 09:39:30', '2019-11-06 09:39:30'),
(393, NULL, 'global', NULL, '2019-11-06 09:44:24', '2019-11-06 09:44:24'),
(394, NULL, 'ip', '157.100.53.139', '2019-11-06 09:44:24', '2019-11-06 09:44:24'),
(395, NULL, 'global', NULL, '2019-11-06 09:56:13', '2019-11-06 09:56:13'),
(396, NULL, 'ip', '200.125.228.65', '2019-11-06 09:56:13', '2019-11-06 09:56:13'),
(397, NULL, 'global', NULL, '2019-11-06 09:56:49', '2019-11-06 09:56:49'),
(398, NULL, 'ip', '200.125.228.65', '2019-11-06 09:56:49', '2019-11-06 09:56:49'),
(399, NULL, 'global', NULL, '2019-11-06 09:57:52', '2019-11-06 09:57:52'),
(400, NULL, 'ip', '200.125.228.65', '2019-11-06 09:57:52', '2019-11-06 09:57:52'),
(401, NULL, 'global', NULL, '2019-11-06 09:59:07', '2019-11-06 09:59:07'),
(402, NULL, 'ip', '157.100.53.139', '2019-11-06 09:59:07', '2019-11-06 09:59:07'),
(403, NULL, 'global', NULL, '2019-11-06 10:01:04', '2019-11-06 10:01:04'),
(404, NULL, 'ip', '200.125.228.65', '2019-11-06 10:01:04', '2019-11-06 10:01:04'),
(405, NULL, 'global', NULL, '2019-11-06 10:01:21', '2019-11-06 10:01:21'),
(406, NULL, 'ip', '157.100.53.139', '2019-11-06 10:01:21', '2019-11-06 10:01:21'),
(407, NULL, 'global', NULL, '2019-11-07 11:24:13', '2019-11-07 11:24:13'),
(408, NULL, 'ip', '186.46.215.93', '2019-11-07 11:24:13', '2019-11-07 11:24:13'),
(409, 47, 'user', NULL, '2019-11-07 11:24:13', '2019-11-07 11:24:13'),
(410, NULL, 'global', NULL, '2019-11-07 13:28:41', '2019-11-07 13:28:41'),
(411, NULL, 'ip', '200.125.228.159', '2019-11-07 13:28:41', '2019-11-07 13:28:41'),
(412, 47, 'user', NULL, '2019-11-07 13:28:41', '2019-11-07 13:28:41'),
(413, NULL, 'global', NULL, '2019-11-07 14:41:31', '2019-11-07 14:41:31'),
(414, NULL, 'ip', '186.4.234.189', '2019-11-07 14:41:31', '2019-11-07 14:41:31'),
(415, 50, 'user', NULL, '2019-11-07 14:41:31', '2019-11-07 14:41:31'),
(416, NULL, 'global', NULL, '2019-11-07 18:14:23', '2019-11-07 18:14:23'),
(417, NULL, 'ip', '200.125.228.159', '2019-11-07 18:14:23', '2019-11-07 18:14:23'),
(418, 11, 'user', NULL, '2019-11-07 18:14:23', '2019-11-07 18:14:23'),
(419, NULL, 'global', NULL, '2019-11-07 19:19:15', '2019-11-07 19:19:15'),
(420, NULL, 'ip', '200.125.228.159', '2019-11-07 19:19:15', '2019-11-07 19:19:15'),
(421, NULL, 'global', NULL, '2019-11-08 15:09:37', '2019-11-08 15:09:37'),
(422, NULL, 'ip', '200.125.228.159', '2019-11-08 15:09:37', '2019-11-08 15:09:37'),
(423, 11, 'user', NULL, '2019-11-08 15:09:37', '2019-11-08 15:09:37'),
(424, NULL, 'global', NULL, '2019-11-08 15:09:49', '2019-11-08 15:09:49'),
(425, NULL, 'ip', '200.125.228.159', '2019-11-08 15:09:49', '2019-11-08 15:09:49'),
(426, 11, 'user', NULL, '2019-11-08 15:09:49', '2019-11-08 15:09:49'),
(427, NULL, 'global', NULL, '2019-11-08 15:30:25', '2019-11-08 15:30:25'),
(428, NULL, 'ip', '200.125.228.159', '2019-11-08 15:30:25', '2019-11-08 15:30:25'),
(429, 11, 'user', NULL, '2019-11-08 15:30:25', '2019-11-08 15:30:25'),
(430, NULL, 'global', NULL, '2019-11-08 15:32:55', '2019-11-08 15:32:55'),
(431, NULL, 'ip', '200.125.228.159', '2019-11-08 15:32:55', '2019-11-08 15:32:55'),
(432, NULL, 'global', NULL, '2019-11-08 16:45:26', '2019-11-08 16:45:26'),
(433, NULL, 'ip', '190.11.5.183', '2019-11-08 16:45:26', '2019-11-08 16:45:26'),
(434, NULL, 'global', NULL, '2019-11-08 16:45:34', '2019-11-08 16:45:34'),
(435, NULL, 'ip', '190.11.5.183', '2019-11-08 16:45:34', '2019-11-08 16:45:34'),
(436, NULL, 'global', NULL, '2019-11-08 16:45:39', '2019-11-08 16:45:39'),
(437, NULL, 'ip', '190.11.5.183', '2019-11-08 16:45:39', '2019-11-08 16:45:39'),
(438, NULL, 'global', NULL, '2019-11-08 16:45:54', '2019-11-08 16:45:54'),
(439, NULL, 'ip', '190.11.5.183', '2019-11-08 16:45:54', '2019-11-08 16:45:54'),
(440, NULL, 'global', NULL, '2019-11-08 16:46:03', '2019-11-08 16:46:03'),
(441, NULL, 'ip', '190.11.5.183', '2019-11-08 16:46:03', '2019-11-08 16:46:03'),
(442, NULL, 'global', NULL, '2019-11-08 16:46:35', '2019-11-08 16:46:35'),
(443, NULL, 'ip', '190.11.5.183', '2019-11-08 16:46:35', '2019-11-08 16:46:35'),
(444, NULL, 'global', NULL, '2019-11-08 17:05:21', '2019-11-08 17:05:21'),
(445, NULL, 'ip', '190.11.5.183', '2019-11-08 17:05:21', '2019-11-08 17:05:21'),
(446, NULL, 'global', NULL, '2019-11-08 17:05:27', '2019-11-08 17:05:27'),
(447, NULL, 'ip', '190.11.5.183', '2019-11-08 17:05:27', '2019-11-08 17:05:27'),
(448, NULL, 'global', NULL, '2019-11-08 17:05:51', '2019-11-08 17:05:51'),
(449, NULL, 'ip', '190.11.5.183', '2019-11-08 17:05:51', '2019-11-08 17:05:51'),
(450, NULL, 'global', NULL, '2019-11-08 17:06:10', '2019-11-08 17:06:10'),
(451, NULL, 'ip', '190.11.5.183', '2019-11-08 17:06:10', '2019-11-08 17:06:10'),
(452, NULL, 'global', NULL, '2019-11-08 17:06:14', '2019-11-08 17:06:14'),
(453, NULL, 'ip', '190.11.5.183', '2019-11-08 17:06:14', '2019-11-08 17:06:14'),
(454, NULL, 'global', NULL, '2019-11-08 17:06:46', '2019-11-08 17:06:46'),
(455, NULL, 'ip', '190.11.5.183', '2019-11-08 17:06:46', '2019-11-08 17:06:46'),
(456, NULL, 'global', NULL, '2019-11-08 17:33:42', '2019-11-08 17:33:42'),
(457, NULL, 'ip', '200.107.20.155', '2019-11-08 17:33:42', '2019-11-08 17:33:42'),
(458, 47, 'user', NULL, '2019-11-08 17:33:42', '2019-11-08 17:33:42'),
(459, NULL, 'global', NULL, '2019-11-08 17:52:46', '2019-11-08 17:52:46'),
(460, NULL, 'ip', '190.11.5.183', '2019-11-08 17:52:46', '2019-11-08 17:52:46'),
(461, NULL, 'global', NULL, '2019-11-08 17:52:52', '2019-11-08 17:52:52'),
(462, NULL, 'ip', '190.11.5.183', '2019-11-08 17:52:52', '2019-11-08 17:52:52'),
(463, NULL, 'global', NULL, '2019-11-08 17:53:34', '2019-11-08 17:53:34'),
(464, NULL, 'ip', '190.11.5.183', '2019-11-08 17:53:34', '2019-11-08 17:53:34'),
(465, NULL, 'global', NULL, '2019-11-08 17:53:54', '2019-11-08 17:53:54'),
(466, NULL, 'ip', '190.11.5.183', '2019-11-08 17:53:54', '2019-11-08 17:53:54'),
(467, NULL, 'global', NULL, '2019-11-08 18:00:19', '2019-11-08 18:00:19'),
(468, NULL, 'ip', '190.11.5.183', '2019-11-08 18:00:19', '2019-11-08 18:00:19'),
(469, NULL, 'global', NULL, '2019-11-08 18:00:27', '2019-11-08 18:00:27'),
(470, NULL, 'ip', '190.11.5.183', '2019-11-08 18:00:27', '2019-11-08 18:00:27'),
(471, NULL, 'global', NULL, '2019-11-08 18:52:34', '2019-11-08 18:52:34'),
(472, NULL, 'ip', '190.11.5.183', '2019-11-08 18:52:34', '2019-11-08 18:52:34'),
(473, NULL, 'global', NULL, '2019-11-08 18:52:40', '2019-11-08 18:52:40'),
(474, NULL, 'ip', '190.11.5.183', '2019-11-08 18:52:40', '2019-11-08 18:52:40'),
(475, NULL, 'global', NULL, '2019-11-08 18:52:46', '2019-11-08 18:52:46'),
(476, NULL, 'ip', '190.11.5.183', '2019-11-08 18:52:46', '2019-11-08 18:52:46'),
(477, NULL, 'global', NULL, '2019-11-08 19:35:46', '2019-11-08 19:35:46'),
(478, NULL, 'ip', '190.11.5.183', '2019-11-08 19:35:46', '2019-11-08 19:35:46'),
(479, NULL, 'global', NULL, '2019-11-08 19:35:52', '2019-11-08 19:35:52'),
(480, NULL, 'ip', '190.11.5.183', '2019-11-08 19:35:52', '2019-11-08 19:35:52'),
(481, NULL, 'global', NULL, '2019-11-08 20:28:27', '2019-11-08 20:28:27'),
(482, NULL, 'ip', '190.11.5.183', '2019-11-08 20:28:27', '2019-11-08 20:28:27'),
(483, NULL, 'global', NULL, '2019-11-08 20:28:47', '2019-11-08 20:28:47'),
(484, NULL, 'ip', '190.11.5.183', '2019-11-08 20:28:47', '2019-11-08 20:28:47'),
(485, NULL, 'global', NULL, '2019-11-09 07:41:14', '2019-11-09 07:41:14'),
(486, NULL, 'ip', '200.107.20.155', '2019-11-09 07:41:14', '2019-11-09 07:41:14'),
(487, 47, 'user', NULL, '2019-11-09 07:41:14', '2019-11-09 07:41:14'),
(488, NULL, 'global', NULL, '2019-11-09 17:30:11', '2019-11-09 17:30:11'),
(489, NULL, 'ip', '190.57.151.44', '2019-11-09 17:30:11', '2019-11-09 17:30:11'),
(490, NULL, 'global', NULL, '2019-11-09 17:30:37', '2019-11-09 17:30:37'),
(491, NULL, 'ip', '190.57.151.47', '2019-11-09 17:30:37', '2019-11-09 17:30:37'),
(492, 47, 'user', NULL, '2019-11-09 17:30:37', '2019-11-09 17:30:37'),
(493, NULL, 'global', NULL, '2019-11-10 08:07:12', '2019-11-10 08:07:12'),
(494, NULL, 'ip', '200.107.20.155', '2019-11-10 08:07:12', '2019-11-10 08:07:12'),
(495, 11, 'user', NULL, '2019-11-10 08:07:12', '2019-11-10 08:07:12'),
(496, NULL, 'global', NULL, '2019-11-10 08:07:27', '2019-11-10 08:07:27'),
(497, NULL, 'ip', '200.107.20.155', '2019-11-10 08:07:27', '2019-11-10 08:07:27'),
(498, 11, 'user', NULL, '2019-11-10 08:07:27', '2019-11-10 08:07:27'),
(499, NULL, 'global', NULL, '2019-11-11 08:54:37', '2019-11-11 08:54:37'),
(500, NULL, 'ip', '186.46.215.93', '2019-11-11 08:54:37', '2019-11-11 08:54:37'),
(501, 47, 'user', NULL, '2019-11-11 08:54:37', '2019-11-11 08:54:37'),
(502, NULL, 'global', NULL, '2019-11-11 11:47:38', '2019-11-11 11:47:38'),
(503, NULL, 'ip', '200.107.21.63', '2019-11-11 11:47:38', '2019-11-11 11:47:38'),
(504, 11, 'user', NULL, '2019-11-11 11:47:38', '2019-11-11 11:47:38'),
(505, NULL, 'global', NULL, '2019-11-12 07:34:26', '2019-11-12 07:34:26'),
(506, NULL, 'ip', '200.107.21.63', '2019-11-12 07:34:26', '2019-11-12 07:34:26'),
(507, 44, 'user', NULL, '2019-11-12 07:34:26', '2019-11-12 07:34:26'),
(508, NULL, 'global', NULL, '2019-11-12 07:34:40', '2019-11-12 07:34:40'),
(509, NULL, 'ip', '200.107.21.63', '2019-11-12 07:34:40', '2019-11-12 07:34:40'),
(510, 44, 'user', NULL, '2019-11-12 07:34:40', '2019-11-12 07:34:40'),
(511, NULL, 'global', NULL, '2019-11-12 07:34:52', '2019-11-12 07:34:52'),
(512, NULL, 'ip', '200.107.21.63', '2019-11-12 07:34:52', '2019-11-12 07:34:52'),
(513, 44, 'user', NULL, '2019-11-12 07:34:52', '2019-11-12 07:34:52'),
(514, NULL, 'global', NULL, '2019-11-12 07:47:44', '2019-11-12 07:47:44'),
(515, NULL, 'ip', '200.107.21.63', '2019-11-12 07:47:44', '2019-11-12 07:47:44'),
(516, 44, 'user', NULL, '2019-11-12 07:47:44', '2019-11-12 07:47:44'),
(517, NULL, 'global', NULL, '2019-11-12 08:19:24', '2019-11-12 08:19:24'),
(518, NULL, 'ip', '200.107.21.63', '2019-11-12 08:19:24', '2019-11-12 08:19:24'),
(519, 47, 'user', NULL, '2019-11-12 08:19:24', '2019-11-12 08:19:24'),
(520, NULL, 'global', NULL, '2019-11-12 10:07:54', '2019-11-12 10:07:54'),
(521, NULL, 'ip', '200.107.21.63', '2019-11-12 10:07:54', '2019-11-12 10:07:54'),
(522, 11, 'user', NULL, '2019-11-12 10:07:54', '2019-11-12 10:07:54'),
(523, NULL, 'global', NULL, '2019-11-14 08:02:10', '2019-11-14 08:02:10'),
(524, NULL, 'ip', '190.111.82.141', '2019-11-14 08:02:10', '2019-11-14 08:02:10'),
(525, 11, 'user', NULL, '2019-11-14 08:02:10', '2019-11-14 08:02:10'),
(526, NULL, 'global', NULL, '2019-11-14 08:02:29', '2019-11-14 08:02:29'),
(527, NULL, 'ip', '190.111.82.141', '2019-11-14 08:02:29', '2019-11-14 08:02:29'),
(528, 11, 'user', NULL, '2019-11-14 08:02:29', '2019-11-14 08:02:29'),
(529, NULL, 'global', NULL, '2019-11-16 09:47:40', '2019-11-16 09:47:40'),
(530, NULL, 'ip', '186.4.234.189', '2019-11-16 09:47:40', '2019-11-16 09:47:40'),
(531, 50, 'user', NULL, '2019-11-16 09:47:40', '2019-11-16 09:47:40'),
(532, NULL, 'global', NULL, '2019-11-16 09:48:03', '2019-11-16 09:48:03'),
(533, NULL, 'ip', '186.4.234.189', '2019-11-16 09:48:03', '2019-11-16 09:48:03'),
(534, 50, 'user', NULL, '2019-11-16 09:48:03', '2019-11-16 09:48:03'),
(535, NULL, 'global', NULL, '2019-11-16 11:57:27', '2019-11-16 11:57:27'),
(536, NULL, 'ip', '186.46.215.93', '2019-11-16 11:57:27', '2019-11-16 11:57:27'),
(537, 47, 'user', NULL, '2019-11-16 11:57:27', '2019-11-16 11:57:27'),
(538, NULL, 'global', NULL, '2019-11-16 11:57:39', '2019-11-16 11:57:39'),
(539, NULL, 'ip', '186.46.215.93', '2019-11-16 11:57:39', '2019-11-16 11:57:39'),
(540, 47, 'user', NULL, '2019-11-16 11:57:39', '2019-11-16 11:57:39'),
(541, NULL, 'global', NULL, '2019-11-16 12:20:43', '2019-11-16 12:20:43'),
(542, NULL, 'ip', '186.46.215.93', '2019-11-16 12:20:43', '2019-11-16 12:20:43'),
(543, NULL, 'global', NULL, '2019-11-16 12:21:13', '2019-11-16 12:21:13'),
(544, NULL, 'ip', '186.46.215.93', '2019-11-16 12:21:13', '2019-11-16 12:21:13'),
(545, 47, 'user', NULL, '2019-11-16 12:21:13', '2019-11-16 12:21:13'),
(546, NULL, 'global', NULL, '2019-11-17 12:05:08', '2019-11-17 12:05:08'),
(547, NULL, 'ip', '200.107.21.207', '2019-11-17 12:05:08', '2019-11-17 12:05:08'),
(548, 11, 'user', NULL, '2019-11-17 12:05:08', '2019-11-17 12:05:08'),
(549, NULL, 'global', NULL, '2019-11-17 21:37:19', '2019-11-17 21:37:19'),
(550, NULL, 'ip', '200.107.21.207', '2019-11-17 21:37:19', '2019-11-17 21:37:19'),
(551, NULL, 'global', NULL, '2019-11-18 10:37:25', '2019-11-18 10:37:25'),
(552, NULL, 'ip', '200.107.21.207', '2019-11-18 10:37:25', '2019-11-18 10:37:25'),
(553, 11, 'user', NULL, '2019-11-18 10:37:25', '2019-11-18 10:37:25'),
(554, NULL, 'global', NULL, '2019-11-18 13:53:47', '2019-11-18 13:53:47'),
(555, NULL, 'ip', '200.107.21.207', '2019-11-18 13:53:47', '2019-11-18 13:53:47'),
(556, 47, 'user', NULL, '2019-11-18 13:53:47', '2019-11-18 13:53:47'),
(557, NULL, 'global', NULL, '2019-11-18 13:55:14', '2019-11-18 13:55:14'),
(558, NULL, 'ip', '200.107.21.207', '2019-11-18 13:55:14', '2019-11-18 13:55:14'),
(559, NULL, 'global', NULL, '2019-11-18 15:12:18', '2019-11-18 15:12:18'),
(560, NULL, 'ip', '200.107.21.207', '2019-11-18 15:12:18', '2019-11-18 15:12:18'),
(561, 53, 'user', NULL, '2019-11-18 15:12:18', '2019-11-18 15:12:18'),
(562, NULL, 'global', NULL, '2019-11-20 08:18:55', '2019-11-20 08:18:55'),
(563, NULL, 'ip', '186.46.215.93', '2019-11-20 08:18:55', '2019-11-20 08:18:55'),
(564, 47, 'user', NULL, '2019-11-20 08:18:55', '2019-11-20 08:18:55'),
(565, NULL, 'global', NULL, '2019-11-20 17:30:54', '2019-11-20 17:30:54'),
(566, NULL, 'ip', '200.107.20.57', '2019-11-20 17:30:54', '2019-11-20 17:30:54'),
(567, 11, 'user', NULL, '2019-11-20 17:30:54', '2019-11-20 17:30:54'),
(568, NULL, 'global', NULL, '2019-11-21 09:00:10', '2019-11-21 09:00:10'),
(569, NULL, 'ip', '45.4.203.106', '2019-11-21 09:00:10', '2019-11-21 09:00:10'),
(570, NULL, 'global', NULL, '2019-11-21 09:00:45', '2019-11-21 09:00:45'),
(571, NULL, 'ip', '45.4.203.106', '2019-11-21 09:00:45', '2019-11-21 09:00:45'),
(572, NULL, 'global', NULL, '2019-11-21 14:17:57', '2019-11-21 14:17:57'),
(573, NULL, 'ip', '200.107.20.57', '2019-11-21 14:17:57', '2019-11-21 14:17:57'),
(574, 11, 'user', NULL, '2019-11-21 14:17:57', '2019-11-21 14:17:57'),
(575, NULL, 'global', NULL, '2019-11-22 22:27:57', '2019-11-22 22:27:57'),
(576, NULL, 'ip', '190.152.163.177', '2019-11-22 22:27:57', '2019-11-22 22:27:57'),
(577, NULL, 'global', NULL, '2019-11-22 22:27:57', '2019-11-22 22:27:57'),
(578, NULL, 'ip', '190.152.163.177', '2019-11-22 22:27:57', '2019-11-22 22:27:57'),
(579, NULL, 'global', NULL, '2019-11-24 15:33:19', '2019-11-24 15:33:19'),
(580, NULL, 'ip', '45.4.203.106', '2019-11-24 15:33:19', '2019-11-24 15:33:19'),
(581, NULL, 'global', NULL, '2019-11-24 18:09:43', '2019-11-24 18:09:43'),
(582, NULL, 'ip', '200.107.21.10', '2019-11-24 18:09:43', '2019-11-24 18:09:43'),
(583, 47, 'user', NULL, '2019-11-24 18:09:43', '2019-11-24 18:09:43'),
(584, NULL, 'global', NULL, '2019-11-25 11:53:01', '2019-11-25 11:53:01'),
(585, NULL, 'ip', '200.107.21.125', '2019-11-25 11:53:01', '2019-11-25 11:53:01'),
(586, NULL, 'global', NULL, '2019-11-25 13:02:10', '2019-11-25 13:02:10'),
(587, NULL, 'ip', '200.107.21.125', '2019-11-25 13:02:10', '2019-11-25 13:02:10'),
(588, NULL, 'global', NULL, '2019-11-26 07:10:02', '2019-11-26 07:10:02'),
(589, NULL, 'ip', '45.4.203.106', '2019-11-26 07:10:02', '2019-11-26 07:10:02'),
(590, 52, 'user', NULL, '2019-11-26 07:10:02', '2019-11-26 07:10:02'),
(591, NULL, 'global', NULL, '2019-11-26 11:16:05', '2019-11-26 11:16:05'),
(592, NULL, 'ip', '45.4.203.106', '2019-11-26 11:16:05', '2019-11-26 11:16:05'),
(593, 53, 'user', NULL, '2019-11-26 11:16:05', '2019-11-26 11:16:05'),
(594, NULL, 'global', NULL, '2019-11-26 11:16:50', '2019-11-26 11:16:50'),
(595, NULL, 'ip', '45.4.203.106', '2019-11-26 11:16:50', '2019-11-26 11:16:50'),
(596, NULL, 'global', NULL, '2019-11-26 11:18:09', '2019-11-26 11:18:09'),
(597, NULL, 'ip', '45.4.203.106', '2019-11-26 11:18:09', '2019-11-26 11:18:09'),
(598, 53, 'user', NULL, '2019-11-26 11:18:09', '2019-11-26 11:18:09'),
(599, NULL, 'global', NULL, '2019-11-26 11:35:58', '2019-11-26 11:35:58'),
(600, NULL, 'ip', '200.107.21.125', '2019-11-26 11:35:58', '2019-11-26 11:35:58'),
(601, NULL, 'global', NULL, '2019-11-26 14:26:50', '2019-11-26 14:26:50'),
(602, NULL, 'ip', '200.107.21.125', '2019-11-26 14:26:50', '2019-11-26 14:26:50'),
(603, 47, 'user', NULL, '2019-11-26 14:26:50', '2019-11-26 14:26:50'),
(604, NULL, 'global', NULL, '2019-11-26 19:59:21', '2019-11-26 19:59:21'),
(605, NULL, 'ip', '200.107.21.125', '2019-11-26 19:59:21', '2019-11-26 19:59:21'),
(606, 47, 'user', NULL, '2019-11-26 19:59:21', '2019-11-26 19:59:21'),
(607, NULL, 'global', NULL, '2019-11-27 11:02:13', '2019-11-27 11:02:13'),
(608, NULL, 'ip', '200.107.21.154', '2019-11-27 11:02:13', '2019-11-27 11:02:13'),
(609, NULL, 'global', NULL, '2019-11-27 13:33:12', '2019-11-27 13:33:12'),
(610, NULL, 'ip', '200.107.21.154', '2019-11-27 13:33:12', '2019-11-27 13:33:12'),
(611, 47, 'user', NULL, '2019-11-27 13:33:12', '2019-11-27 13:33:12'),
(612, NULL, 'global', NULL, '2019-11-27 14:10:55', '2019-11-27 14:10:55'),
(613, NULL, 'ip', '186.46.215.93', '2019-11-27 14:10:55', '2019-11-27 14:10:55'),
(614, 47, 'user', NULL, '2019-11-27 14:10:55', '2019-11-27 14:10:55'),
(615, NULL, 'global', NULL, '2019-11-27 17:54:27', '2019-11-27 17:54:27'),
(616, NULL, 'ip', '200.107.21.154', '2019-11-27 17:54:27', '2019-11-27 17:54:27'),
(617, NULL, 'global', NULL, '2019-11-30 07:47:33', '2019-11-30 07:47:33'),
(618, NULL, 'ip', '45.70.201.21', '2019-11-30 07:47:33', '2019-11-30 07:47:33'),
(619, NULL, 'global', NULL, '2019-11-30 07:48:00', '2019-11-30 07:48:00'),
(620, NULL, 'ip', '45.70.201.21', '2019-11-30 07:48:00', '2019-11-30 07:48:00'),
(621, NULL, 'global', NULL, '2019-12-01 20:31:22', '2019-12-01 20:31:22'),
(622, NULL, 'ip', '131.196.14.226', '2019-12-01 20:31:22', '2019-12-01 20:31:22'),
(623, NULL, 'global', NULL, '2019-12-03 08:27:18', '2019-12-03 08:27:18'),
(624, NULL, 'ip', '200.107.21.157', '2019-12-03 08:27:18', '2019-12-03 08:27:18'),
(625, NULL, 'global', NULL, '2019-12-03 08:27:27', '2019-12-03 08:27:27'),
(626, NULL, 'ip', '200.107.21.157', '2019-12-03 08:27:27', '2019-12-03 08:27:27'),
(627, NULL, 'global', NULL, '2019-12-05 15:19:02', '2019-12-05 15:19:02'),
(628, NULL, 'ip', '45.4.203.106', '2019-12-05 15:19:02', '2019-12-05 15:19:02'),
(629, NULL, 'global', NULL, '2019-12-06 13:26:04', '2019-12-06 13:26:04'),
(630, NULL, 'ip', '186.46.215.93', '2019-12-06 13:26:04', '2019-12-06 13:26:04'),
(631, 47, 'user', NULL, '2019-12-06 13:26:04', '2019-12-06 13:26:04'),
(632, NULL, 'global', NULL, '2019-12-06 14:00:18', '2019-12-06 14:00:18'),
(633, NULL, 'ip', '186.46.215.93', '2019-12-06 14:00:18', '2019-12-06 14:00:18'),
(634, NULL, 'global', NULL, '2019-12-07 10:15:29', '2019-12-07 10:15:29'),
(635, NULL, 'ip', '186.46.215.93', '2019-12-07 10:15:29', '2019-12-07 10:15:29'),
(636, 11, 'user', NULL, '2019-12-07 10:15:29', '2019-12-07 10:15:29'),
(637, NULL, 'global', NULL, '2019-12-08 08:09:30', '2019-12-08 08:09:30'),
(638, NULL, 'ip', '200.125.229.112', '2019-12-08 08:09:30', '2019-12-08 08:09:30'),
(639, 11, 'user', NULL, '2019-12-08 08:09:30', '2019-12-08 08:09:30'),
(640, NULL, 'global', NULL, '2019-12-09 21:38:57', '2019-12-09 21:38:57'),
(641, NULL, 'ip', '200.125.229.55', '2019-12-09 21:38:57', '2019-12-09 21:38:57'),
(642, NULL, 'global', NULL, '2019-12-10 15:52:09', '2019-12-10 15:52:09'),
(643, NULL, 'ip', '45.163.205.86', '2019-12-10 15:52:09', '2019-12-10 15:52:09'),
(644, 47, 'user', NULL, '2019-12-10 15:52:09', '2019-12-10 15:52:09'),
(645, NULL, 'global', NULL, '2019-12-12 07:08:11', '2019-12-12 07:08:11'),
(646, NULL, 'ip', '45.163.205.86', '2019-12-12 07:08:11', '2019-12-12 07:08:11'),
(647, 47, 'user', NULL, '2019-12-12 07:08:11', '2019-12-12 07:08:11'),
(648, NULL, 'global', NULL, '2019-12-12 07:08:27', '2019-12-12 07:08:27'),
(649, NULL, 'ip', '45.163.205.86', '2019-12-12 07:08:27', '2019-12-12 07:08:27'),
(650, 47, 'user', NULL, '2019-12-12 07:08:27', '2019-12-12 07:08:27'),
(651, NULL, 'global', NULL, '2019-12-12 08:05:15', '2019-12-12 08:05:15'),
(652, NULL, 'ip', '186.46.215.93', '2019-12-12 08:05:15', '2019-12-12 08:05:15'),
(653, 51, 'user', NULL, '2019-12-12 08:05:15', '2019-12-12 08:05:15'),
(654, NULL, 'global', NULL, '2019-12-14 14:50:22', '2019-12-14 14:50:22'),
(655, NULL, 'ip', '186.46.215.93', '2019-12-14 14:50:22', '2019-12-14 14:50:22'),
(656, 51, 'user', NULL, '2019-12-14 14:50:22', '2019-12-14 14:50:22'),
(657, NULL, 'global', NULL, '2019-12-16 08:20:04', '2019-12-16 08:20:04'),
(658, NULL, 'ip', '190.63.127.136', '2019-12-16 08:20:04', '2019-12-16 08:20:04'),
(659, 11, 'user', NULL, '2019-12-16 08:20:04', '2019-12-16 08:20:04'),
(660, NULL, 'global', NULL, '2019-12-18 12:53:05', '2019-12-18 12:53:05'),
(661, NULL, 'ip', '186.46.215.93', '2019-12-18 12:53:05', '2019-12-18 12:53:05'),
(662, 51, 'user', NULL, '2019-12-18 12:53:05', '2019-12-18 12:53:05'),
(663, NULL, 'global', NULL, '2019-12-19 22:42:58', '2019-12-19 22:42:58'),
(664, NULL, 'ip', '186.46.215.93', '2019-12-19 22:42:58', '2019-12-19 22:42:58'),
(665, NULL, 'global', NULL, '2019-12-24 07:28:33', '2019-12-24 07:28:33'),
(666, NULL, 'ip', '186.46.215.93', '2019-12-24 07:28:33', '2019-12-24 07:28:33'),
(667, 51, 'user', NULL, '2019-12-24 07:28:33', '2019-12-24 07:28:33'),
(668, NULL, 'global', NULL, '2019-12-24 17:38:19', '2019-12-24 17:38:19'),
(669, NULL, 'ip', '45.4.203.106', '2019-12-24 17:38:19', '2019-12-24 17:38:19'),
(670, 53, 'user', NULL, '2019-12-24 17:38:19', '2019-12-24 17:38:19'),
(671, NULL, 'global', NULL, '2019-12-26 08:47:32', '2019-12-26 08:47:32'),
(672, NULL, 'ip', '45.4.203.106', '2019-12-26 08:47:32', '2019-12-26 08:47:32'),
(673, 53, 'user', NULL, '2019-12-26 08:47:32', '2019-12-26 08:47:32'),
(674, NULL, 'global', NULL, '2019-12-26 08:47:47', '2019-12-26 08:47:47'),
(675, NULL, 'ip', '45.4.203.106', '2019-12-26 08:47:47', '2019-12-26 08:47:47'),
(676, 53, 'user', NULL, '2019-12-26 08:47:47', '2019-12-26 08:47:47'),
(677, NULL, 'global', NULL, '2019-12-26 08:48:04', '2019-12-26 08:48:04'),
(678, NULL, 'ip', '45.4.203.106', '2019-12-26 08:48:04', '2019-12-26 08:48:04'),
(679, 53, 'user', NULL, '2019-12-26 08:48:04', '2019-12-26 08:48:04'),
(680, NULL, 'global', NULL, '2019-12-26 15:22:44', '2019-12-26 15:22:44'),
(681, NULL, 'ip', '190.57.151.42', '2019-12-26 15:22:44', '2019-12-26 15:22:44'),
(682, 11, 'user', NULL, '2019-12-26 15:22:44', '2019-12-26 15:22:44'),
(683, NULL, 'global', NULL, '2019-12-29 17:07:30', '2019-12-29 17:07:30'),
(684, NULL, 'ip', '45.4.203.106', '2019-12-29 17:07:30', '2019-12-29 17:07:30'),
(685, NULL, 'global', NULL, '2020-01-05 17:45:06', '2020-01-05 17:45:06'),
(686, NULL, 'ip', '45.4.203.106', '2020-01-05 17:45:06', '2020-01-05 17:45:06'),
(687, 53, 'user', NULL, '2020-01-05 17:45:06', '2020-01-05 17:45:06'),
(688, NULL, 'global', NULL, '2020-01-07 09:30:00', '2020-01-07 09:30:00'),
(689, NULL, 'ip', '45.4.203.106', '2020-01-07 09:30:00', '2020-01-07 09:30:00'),
(690, NULL, 'global', NULL, '2020-01-07 09:30:26', '2020-01-07 09:30:26'),
(691, NULL, 'ip', '45.4.203.106', '2020-01-07 09:30:26', '2020-01-07 09:30:26'),
(692, NULL, 'global', NULL, '2020-01-07 09:30:54', '2020-01-07 09:30:54'),
(693, NULL, 'ip', '45.4.203.106', '2020-01-07 09:30:54', '2020-01-07 09:30:54'),
(694, NULL, 'global', NULL, '2020-01-07 09:31:57', '2020-01-07 09:31:57'),
(695, NULL, 'ip', '45.4.203.106', '2020-01-07 09:31:57', '2020-01-07 09:31:57'),
(696, NULL, 'global', NULL, '2020-01-07 09:32:51', '2020-01-07 09:32:51'),
(697, NULL, 'ip', '45.4.203.106', '2020-01-07 09:32:51', '2020-01-07 09:32:51'),
(698, NULL, 'global', NULL, '2020-01-08 13:02:56', '2020-01-08 13:02:56'),
(699, NULL, 'ip', '45.163.205.86', '2020-01-08 13:02:56', '2020-01-08 13:02:56'),
(700, 47, 'user', NULL, '2020-01-08 13:02:56', '2020-01-08 13:02:56'),
(701, NULL, 'global', NULL, '2020-01-08 13:03:41', '2020-01-08 13:03:41'),
(702, NULL, 'ip', '45.163.205.86', '2020-01-08 13:03:41', '2020-01-08 13:03:41'),
(703, 47, 'user', NULL, '2020-01-08 13:03:41', '2020-01-08 13:03:41'),
(704, NULL, 'global', NULL, '2020-01-08 20:27:38', '2020-01-08 20:27:38'),
(705, NULL, 'ip', '190.57.151.40', '2020-01-08 20:27:38', '2020-01-08 20:27:38'),
(706, NULL, 'global', NULL, '2020-01-09 10:52:48', '2020-01-09 10:52:48'),
(707, NULL, 'ip', '45.4.203.106', '2020-01-09 10:52:48', '2020-01-09 10:52:48'),
(708, NULL, 'global', NULL, '2020-01-10 07:27:10', '2020-01-10 07:27:10'),
(709, NULL, 'ip', '45.163.205.86', '2020-01-10 07:27:10', '2020-01-10 07:27:10'),
(710, 47, 'user', NULL, '2020-01-10 07:27:10', '2020-01-10 07:27:10'),
(711, NULL, 'global', NULL, '2020-01-10 10:16:17', '2020-01-10 10:16:17'),
(712, NULL, 'ip', '45.4.203.106', '2020-01-10 10:16:17', '2020-01-10 10:16:17'),
(713, NULL, 'global', NULL, '2020-01-10 18:25:37', '2020-01-10 18:25:37'),
(714, NULL, 'ip', '200.107.24.103', '2020-01-10 18:25:37', '2020-01-10 18:25:37'),
(715, 55, 'user', NULL, '2020-01-10 18:25:37', '2020-01-10 18:25:37'),
(716, NULL, 'global', NULL, '2020-01-11 09:02:50', '2020-01-11 09:02:50'),
(717, NULL, 'ip', '167.250.180.98', '2020-01-11 09:02:50', '2020-01-11 09:02:50'),
(718, NULL, 'global', NULL, '2020-01-11 10:20:03', '2020-01-11 10:20:03'),
(719, NULL, 'ip', '45.163.205.86', '2020-01-11 10:20:03', '2020-01-11 10:20:03'),
(720, 47, 'user', NULL, '2020-01-11 10:20:03', '2020-01-11 10:20:03'),
(721, NULL, 'global', NULL, '2020-01-11 10:20:21', '2020-01-11 10:20:21'),
(722, NULL, 'ip', '45.163.205.86', '2020-01-11 10:20:21', '2020-01-11 10:20:21'),
(723, 47, 'user', NULL, '2020-01-11 10:20:21', '2020-01-11 10:20:21'),
(724, NULL, 'global', NULL, '2020-01-11 14:30:05', '2020-01-11 14:30:05'),
(725, NULL, 'ip', '45.163.205.86', '2020-01-11 14:30:05', '2020-01-11 14:30:05'),
(726, 47, 'user', NULL, '2020-01-11 14:30:05', '2020-01-11 14:30:05'),
(727, NULL, 'global', NULL, '2020-01-11 14:30:09', '2020-01-11 14:30:09'),
(728, NULL, 'ip', '45.163.205.86', '2020-01-11 14:30:09', '2020-01-11 14:30:09'),
(729, 47, 'user', NULL, '2020-01-11 14:30:09', '2020-01-11 14:30:09'),
(730, NULL, 'global', NULL, '2020-01-11 14:30:15', '2020-01-11 14:30:15'),
(731, NULL, 'ip', '45.163.205.86', '2020-01-11 14:30:15', '2020-01-11 14:30:15'),
(732, 47, 'user', NULL, '2020-01-11 14:30:15', '2020-01-11 14:30:15'),
(733, NULL, 'global', NULL, '2020-01-12 16:05:51', '2020-01-12 16:05:51'),
(734, NULL, 'ip', '190.57.151.42', '2020-01-12 16:05:51', '2020-01-12 16:05:51'),
(735, 55, 'user', NULL, '2020-01-12 16:05:51', '2020-01-12 16:05:51'),
(736, NULL, 'global', NULL, '2020-01-12 16:06:04', '2020-01-12 16:06:04'),
(737, NULL, 'ip', '190.57.151.42', '2020-01-12 16:06:04', '2020-01-12 16:06:04'),
(738, 55, 'user', NULL, '2020-01-12 16:06:04', '2020-01-12 16:06:04'),
(739, NULL, 'global', NULL, '2020-01-13 17:49:10', '2020-01-13 17:49:10'),
(740, NULL, 'ip', '45.4.203.106', '2020-01-13 17:49:10', '2020-01-13 17:49:10'),
(741, 53, 'user', NULL, '2020-01-13 17:49:10', '2020-01-13 17:49:10'),
(742, NULL, 'global', NULL, '2020-01-14 07:22:46', '2020-01-14 07:22:46'),
(743, NULL, 'ip', '190.57.151.43', '2020-01-14 07:22:46', '2020-01-14 07:22:46'),
(744, 55, 'user', NULL, '2020-01-14 07:22:46', '2020-01-14 07:22:46'),
(745, NULL, 'global', NULL, '2020-01-16 18:16:13', '2020-01-16 18:16:13'),
(746, NULL, 'ip', '186.46.215.93', '2020-01-16 18:16:13', '2020-01-16 18:16:13'),
(747, 51, 'user', NULL, '2020-01-16 18:16:13', '2020-01-16 18:16:13'),
(748, NULL, 'global', NULL, '2020-01-19 20:39:47', '2020-01-19 20:39:47'),
(749, NULL, 'ip', '186.46.215.93', '2020-01-19 20:39:47', '2020-01-19 20:39:47'),
(750, 51, 'user', NULL, '2020-01-19 20:39:47', '2020-01-19 20:39:47'),
(751, NULL, 'global', NULL, '2020-01-20 19:40:34', '2020-01-20 19:40:34'),
(752, NULL, 'ip', '45.4.203.106', '2020-01-20 19:40:34', '2020-01-20 19:40:34'),
(753, NULL, 'global', NULL, '2020-01-20 21:14:22', '2020-01-20 21:14:22'),
(754, NULL, 'ip', '186.46.215.93', '2020-01-20 21:14:22', '2020-01-20 21:14:22'),
(755, 51, 'user', NULL, '2020-01-20 21:14:22', '2020-01-20 21:14:22'),
(756, NULL, 'global', NULL, '2020-01-22 09:46:57', '2020-01-22 09:46:57'),
(757, NULL, 'ip', '45.4.203.106', '2020-01-22 09:46:57', '2020-01-22 09:46:57'),
(758, NULL, 'global', NULL, '2020-01-24 11:11:56', '2020-01-24 11:11:56'),
(759, NULL, 'ip', '160.20.165.20', '2020-01-24 11:11:56', '2020-01-24 11:11:56'),
(760, 42, 'user', NULL, '2020-01-24 11:11:56', '2020-01-24 11:11:56'),
(761, NULL, 'global', NULL, '2020-01-29 18:47:21', '2020-01-29 18:47:21'),
(762, NULL, 'ip', '186.46.215.93', '2020-01-29 18:47:21', '2020-01-29 18:47:21'),
(763, 51, 'user', NULL, '2020-01-29 18:47:21', '2020-01-29 18:47:21'),
(764, NULL, 'global', NULL, '2020-02-01 08:50:22', '2020-02-01 08:50:22'),
(765, NULL, 'ip', '190.57.151.42', '2020-02-01 08:50:22', '2020-02-01 08:50:22'),
(766, 11, 'user', NULL, '2020-02-01 08:50:22', '2020-02-01 08:50:22'),
(767, NULL, 'global', NULL, '2020-02-02 09:33:13', '2020-02-02 09:33:13'),
(768, NULL, 'ip', '190.57.151.46', '2020-02-02 09:33:13', '2020-02-02 09:33:13'),
(769, 11, 'user', NULL, '2020-02-02 09:33:13', '2020-02-02 09:33:13'),
(770, NULL, 'global', NULL, '2020-02-03 21:23:00', '2020-02-03 21:23:00'),
(771, NULL, 'ip', '190.57.151.42', '2020-02-03 21:23:00', '2020-02-03 21:23:00'),
(772, 11, 'user', NULL, '2020-02-03 21:23:00', '2020-02-03 21:23:00');

-- --------------------------------------------------------

--
-- Estructura de tabla para la tabla `users`
--

CREATE TABLE `users` (
  `id` int(10) UNSIGNED NOT NULL,
  `email` varchar(255) CHARACTER SET utf8 NOT NULL,
  `password` varchar(255) CHARACTER SET utf8 NOT NULL,
  `permissions` text CHARACTER SET utf8 DEFAULT NULL,
  `last_login` timestamp NULL DEFAULT NULL,
  `first_name` varchar(255) DEFAULT NULL,
  `last_name` varchar(255) DEFAULT NULL,
  `created_at` timestamp NOT NULL DEFAULT '0000-00-00 00:00:00',
  `updated_at` timestamp NOT NULL DEFAULT '0000-00-00 00:00:00'
) ENGINE=InnoDB DEFAULT CHARSET=utf8mb4;

--
-- Volcado de datos para la tabla `users`
--

INSERT INTO `users` (`id`, `email`, `password`, `permissions`, `last_login`, `first_name`, `last_name`, `created_at`, `updated_at`) VALUES
(1, 'usuario@rmp.com', '$2y$10$M/XWR0qKVTMeU99n4MDadurNW9Gpvyb/61VfFa8leMKBBKi7bfzAC', NULL, '2020-02-19 15:09:00', 'Primer', 'Usuario', '0000-00-00 00:00:00', '2020-02-19 15:09:00'),
(11, 'mp1@rmp.com', '$2y$10$Fo9NoXn2JAb7zScIvu3B7efPCRDPyrzhm8oMyGECpDodt7XdB06Gu', NULL, '2020-02-04 08:50:56', 'Victor', 'Naranjo', '2019-07-03 06:39:37', '2020-02-04 08:50:56'),
(32, 'elarrea@rmp.com', '$2y$10$GSDjCAQUIKUcTEGF2WqXRevkAV/nRJ.B1hJwxyjdFnOLWhkQGymSS', NULL, '2019-11-07 17:59:19', 'Eric', 'Larrea', '2019-09-10 02:32:40', '2019-11-07 17:59:19'),
(34, 'maarcos@rmp.com', '$2y$10$n82FzWvg11Ef9p2LhcWor.atJ3x8dPkC2RMdE2sOtrdzvhHrC3s4y', NULL, '2019-09-11 08:21:35', 'Martha ', 'Aarcos', '2019-09-10 14:50:13', '2019-09-11 13:21:10'),
(41, 'mlopez@rmp.com', '$2y$10$8Rq7vd74JhftVGnXWn.Nuuk1iL1wKxr1wYTSlKmqpT3VjxRsTr29.', NULL, '2019-11-07 18:06:32', 'Miguel', 'López', '2019-09-16 01:53:15', '2019-11-07 18:06:32'),
(42, 'vgarcia@rmp.com', '$2y$10$6NATZzN3f2pM3/gRA9WiAuJy6e8ag20R.lxvlKEF1mHe83fDpHDwy', NULL, '2020-03-04 00:49:24', 'Vanessa', 'García', '2019-09-16 01:57:09', '2020-03-04 00:49:24'),
(43, 'mvillas@rmp.com', '$2y$10$O93aWW3igw0j6XtHeZHky.DYY7OLY3.lGtrsQUrj1FLNWAPyK9kwi', NULL, '2019-09-16 02:46:55', 'Mauro', 'Villas', '2019-09-16 02:44:44', '2019-09-16 02:46:55'),
(44, 'jmartinez@rmp.com', '$2y$10$Fgu8dqMhitQkAD6rgC62uuUeiOcxsTPmWaS5SxPB6CHYKtuLvR/CK', NULL, '2019-11-12 07:47:51', 'Jose', 'Martinez', '2019-09-16 11:26:53', '2019-11-12 07:47:51'),
(45, 'kcepeda@rmp.com', '$2y$10$4EnyMiV6.vAFQL2l3ORmqOgC63y5rgFbMtS09mnY4TB.mn.sjayvS', NULL, '2019-10-26 09:30:19', 'Katherine ', 'Cepeda ', '2019-10-22 11:04:36', '2019-10-26 09:30:19'),
(46, 'lsanchez@rmp.com', '$2y$10$EYbiTSCMDL1sytuSKLecaecMANQ8r5MX55akackszxkZR2PKjn6ma', NULL, NULL, 'Luis', 'Sanchez', '2019-10-29 18:30:14', '2019-10-29 18:30:14'),
(47, 'mnaranjo@rmp.com', '$2y$10$91vJ7zkB1EUzBDfg7cRJ3OOEABzDUyUFbbL.Rn7eTZokrLA71E92y', NULL, '2020-01-11 10:36:23', 'Margoth', 'Naranjo', '2019-11-04 15:19:03', '2020-01-11 10:36:23'),
(48, 'xherrera@rmp.com', '$2y$10$GgH/9zrXnz6VR/37oJ3wU.AaDZsZc6WYO.XFbGTHRYgy6c6iJfIbO', NULL, '2020-02-04 08:59:42', 'Ximena ', 'Herrera ', '2019-11-05 12:50:01', '2020-02-04 08:59:42'),
(49, 'oguerrero@rmp.com', '$2y$10$CQezpu8ysINPFoaJ9k.YR.FJ2Bf8iEZa7b6sfYQhQO3dHqtoD5yk2', NULL, '2020-02-02 10:45:42', 'OSCAR', 'GUERRERO', '2019-11-05 18:32:04', '2020-02-02 10:45:42'),
(50, 'saleman@rmp.com', '$2y$10$umM20Qw83Z3.YCSkiDawCOa5Ai2tjRp0xAFV/dfMJ.QAN4AihZloG', NULL, '2020-01-25 11:06:00', 'SILVIA', 'ALEMAN', '2019-11-06 08:23:44', '2020-01-25 11:06:00'),
(51, 'jarcos@rmp.com', '$2y$10$1oIeOLv9Y2jS7dSqJzcFjOhqpr9MrqdqLZSRMIRZYkTXpBt.NeAf.', NULL, '2020-02-04 08:17:44', 'Juan', 'Arcos', '2019-11-08 15:36:54', '2020-02-04 08:17:44'),
(52, 'jtonato@rmp.com', '$2y$10$bAijpcLBnRCjkPtB4GI.ee/jAvu9kfwgrCOBjlanaCkrk6AHtVDn.', NULL, '2020-02-03 07:21:12', 'Jose', 'Tonato ', '2019-11-11 08:06:44', '2020-02-03 07:21:12'),
(53, 'etigse@rmp.com', '$2y$10$jBgoZ6CVE6pUyBm6GDmv6O1VSCAbAWvUBw0LqVFWt/NUogO/.UXsW', NULL, '2020-01-23 17:58:12', 'Eva', 'Tigse', '2019-11-17 12:21:35', '2020-01-23 17:58:12'),
(54, 'inaranjo@rmp.com', '$2y$10$pjNAMJpComc6/TZkNToI0OarZnlk6CYifFSiNbDDJUSI05woGp9ka', NULL, '2019-12-12 13:49:52', 'Ivan', 'Naranjo', '2019-11-21 15:47:47', '2019-12-12 13:49:52'),
(55, 'anaranjo@rmp.com', '$2y$10$5Gp53Q5i9SO/hBd.MOD.6egWxXWixSWTDx0lJlf7.cqbRYuv1at62', NULL, '2020-02-04 14:03:12', 'Alexander', 'Naranjo', '2019-12-12 14:35:00', '2020-02-04 14:03:12');

-- --------------------------------------------------------

--
-- Estructura de tabla para la tabla `users_ext`
--

CREATE TABLE `users_ext` (
  `id` int(10) UNSIGNED NOT NULL,
  `user_id` int(10) UNSIGNED NOT NULL,
  `nick` varchar(30) DEFAULT NULL,
  `telefono` varchar(45) DEFAULT NULL,
  `telefono2` varchar(45) DEFAULT NULL,
  `avatar` varchar(45) DEFAULT NULL,
  `resumen` text CHARACTER SET utf8 COLLATE utf8_unicode_ci DEFAULT NULL,
  `created_at` timestamp NOT NULL DEFAULT '0000-00-00 00:00:00',
  `updated_at` timestamp NOT NULL DEFAULT '0000-00-00 00:00:00'
) ENGINE=InnoDB DEFAULT CHARSET=utf8mb4 ROW_FORMAT=COMPACT;

--
-- Volcado de datos para la tabla `users_ext`
--

INSERT INTO `users_ext` (`id`, `user_id`, `nick`, `telefono`, `telefono2`, `avatar`, `resumen`, `created_at`, `updated_at`) VALUES
(1, 1, 'user1', '565656', NULL, 'a1.png', 'Master del sistema', '0000-00-00 00:00:00', '2018-02-05 17:26:17'),
(11, 11, 'mp1', '0997717073', NULL, '6db25cfa2e4c2fc65b3e22e64e883082e7e18da8.jpg', NULL, '2019-07-03 06:39:37', '2019-09-06 19:09:16'),
(31, 32, 'elarrea', '0984008290', NULL, '064295beb2efeb3cc6857c9b040407f74b122daf.jpg', NULL, '2019-09-10 02:32:40', '2019-09-10 02:32:40'),
(33, 34, 'maarcos', '0997717073', '0997717073', NULL, '', '2019-09-10 14:50:13', '2019-09-11 13:16:33'),
(39, 41, 'mlopez', '+593984008290', '', NULL, '', '2019-09-16 01:53:15', '2019-09-16 01:53:15'),
(40, 42, 'vgarcia', '+593985223647', '', NULL, '', '2019-09-16 01:57:09', '2019-09-16 01:57:09'),
(41, 43, 'mvillas', '0984008290', NULL, '832f344802fec77c63393ad7c96d2a556ae522ea.jpg', NULL, '2019-09-16 02:44:44', '2019-09-16 02:44:44'),
(42, 44, 'jmartinez', '09999999', '099999999', NULL, '', '2019-09-16 11:26:53', '2019-09-16 11:26:53'),
(43, 45, 'kcepeda', '0994526855', NULL, NULL, NULL, '2019-10-22 11:04:36', '2019-10-25 14:53:39'),
(44, 46, 'lsanchez', '0980941863', '022164372', NULL, '', '2019-10-29 18:30:14', '2019-10-29 18:30:14'),
(45, 47, 'mnaranjo', '098 576 9044', '032680281', NULL, NULL, '2019-11-04 15:19:03', '2019-12-12 09:26:02'),
(46, 48, 'xherrera', NULL, '', NULL, '', '2019-11-05 12:50:01', '2019-11-06 07:59:33'),
(47, 49, 'oguerrrerocadena', '0995046933', NULL, '41a50b67dd13ca5816b0edb8a2d9436b86004fa0.jpg', NULL, '2019-11-05 18:32:04', '2019-11-05 21:39:51'),
(48, 50, 'saleman', '0995956747', '', NULL, '', '2019-11-06 08:23:44', '2019-11-06 08:23:44'),
(49, 51, 'jarcos', '', '', NULL, 'Punto de Venta Recargas', '2019-11-08 15:36:54', '2019-11-08 15:36:54'),
(50, 52, 'jtonato', '0960612525', '', NULL, '', '2019-11-11 08:06:44', '2019-11-11 08:06:44'),
(51, 53, 'etigse', '0960612525', '', NULL, 'Pujili', '2019-11-17 12:21:35', '2019-11-17 12:21:35'),
(52, 54, 'inaranjo', '0969870104', NULL, '09e4ef550f6628a6ac483878e48ed53a05385626.jpg', 'Perfil acreditaciones', '2019-11-21 15:47:47', '2019-11-21 15:52:43'),
(53, 55, 'anaranjo', '0997717073', '', NULL, '', '2019-12-12 14:35:00', '2019-12-12 14:36:43');

-- --------------------------------------------------------

--
-- Estructura de tabla para la tabla `vistas`
--

CREATE TABLE `vistas` (
  `id` int(5) UNSIGNED NOT NULL,
  `nombre` varchar(30) NOT NULL,
  `permisos` text DEFAULT NULL COMMENT '1>master 2>admin 3>usuario 4>publico',
  `vistas_grupo_id` int(5) UNSIGNED DEFAULT NULL,
  `menu` varchar(255) DEFAULT NULL,
  `claves` varchar(250) DEFAULT NULL,
  `describir` varchar(250) DEFAULT NULL,
  `created_at` timestamp NOT NULL DEFAULT '0000-00-00 00:00:00',
  `updated_at` timestamp NOT NULL DEFAULT '0000-00-00 00:00:00'
) ENGINE=InnoDB DEFAULT CHARSET=utf8mb4 ROW_FORMAT=COMPACT;

--
-- Volcado de datos para la tabla `vistas`
--

INSERT INTO `vistas` (`id`, `nombre`, `permisos`, `vistas_grupo_id`, `menu`, `claves`, `describir`, `created_at`, `updated_at`) VALUES
(1, 'ingreso', '[\"4\"]', NULL, '[\"home\",\"Entrar\"]', NULL, NULL, '0000-00-00 00:00:00', '0000-00-00 00:00:00'),
(2, 'inicio', '[\"4\"]', NULL, '[\"home\",\"Inicio\"]', NULL, NULL, '0000-00-00 00:00:00', '2018-03-30 02:44:40'),
(3, 'roles_admin', '[\"1\"]', 4, '[\"assignment_ind\",\"Roles\"]', NULL, NULL, '0000-00-00 00:00:00', '0000-00-00 00:00:00'),
(4, 'inicio_admin', '[\"2\",\"1\",\"7\"]', NULL, '[\"developer_board\",\"Inicio\"]', NULL, NULL, '0000-00-00 00:00:00', '2019-09-11 00:52:14'),
(5, 'usuarios_admin', '[\"2\",\"1\",\"7\",\"5\"]', 4, '[\"group\",\"Usuarios\"]', NULL, NULL, '0000-00-00 00:00:00', '2019-09-11 01:02:42'),
(6, 'salir', '[\"2\",\"1\",\"7\",\"6\",\"3\",\"5\"]', NULL, '[\"highlight_off\",\"Salir\"]', NULL, NULL, '0000-00-00 00:00:00', '2019-09-11 00:59:42'),
(7, 'vistas_admin', '[\"1\"]', 5, '[\"settings_overscan\",\"Vistas\"]', NULL, NULL, '0000-00-00 00:00:00', '2018-02-04 07:43:10'),
(8, 'inicio_usuarios', '[\"3\",\"5\"]', NULL, '[\"home\",\"Inicio\"]', NULL, NULL, '0000-00-00 00:00:00', '2019-08-22 09:56:21'),
(11, 'contenidos_admin', '[\"2\",\"1\",\"7\"]', 1, '[\"dvr\",\"Contenidos\"]', NULL, NULL, '2018-02-02 14:00:25', '2019-09-11 00:46:21'),
(13, 'parametros_admin', '[\"1\"]', 5, '[\"widgets\",\"Par\\u00e1metros\"]', NULL, NULL, '2018-02-04 07:51:03', '2018-02-04 07:51:03'),
(14, 'contactos_admin', '[\"2\",\"1\",\"7\"]', 3, '[\"mail\",\"Contactos\"]', NULL, NULL, '2018-02-04 17:17:37', '2019-09-11 00:45:33'),
(15, 'contacto', '[\"4\"]', 3, '[\"mail\",\"Contacto\"]', NULL, NULL, '2018-02-04 17:20:06', '2018-07-27 00:06:02'),
(18, 'logs_admin', '[\"2\",\"1\",\"7\"]', 5, '[\"widgets\",\"Logs\"]', NULL, NULL, '2018-05-24 18:26:57', '2019-09-11 00:53:36'),
(19, 'somos', '[\"4\"]', NULL, '[\"accessibility\",\"Somos\"]', NULL, NULL, '2018-07-25 22:43:27', '2018-07-25 22:43:27'),
(29, 'textos_admin', '[\"2\",\"1\"]', NULL, '[\"local_phone\",\"Textos\"]', NULL, NULL, '2019-02-08 07:31:18', '2019-02-08 18:04:40'),
(30, 'textos_temas_admin', '[\"2\",\"1\"]', NULL, '[\"landscape\",\"Textos temas\"]', NULL, NULL, '2019-02-08 18:03:18', '2019-02-08 18:03:18'),
(31, 'textos_categorias_admin', '[\"2\",\"1\"]', NULL, '[\"landscape\",\"Textos categorias\"]', NULL, NULL, '2019-02-08 18:03:59', '2019-02-08 18:03:59'),
(32, 'clientes_admin', '[\"2\",\"1\",\"7\"]', NULL, '[\"assignment_ind\",\"Clientes\"]', NULL, NULL, '2019-06-26 01:13:29', '2019-09-11 00:44:39'),
(33, 'tipos_admin', '[\"2\",\"1\"]', NULL, '[\"dashboard\",\"Tipos\"]', NULL, NULL, '2019-07-04 17:53:50', '2019-07-04 19:42:56'),
(34, 'perfiles_admin', '[\"2\",\"1\"]', NULL, '[\"folder_shared\",\"Perfil\"]', NULL, NULL, '2019-07-04 19:35:58', '2019-07-04 19:42:44'),
(35, 'servicios_admin', '[\"2\",\"1\"]', NULL, '[\"gamepad\",\"Servicios\"]', NULL, NULL, '2019-07-04 21:18:48', '2019-07-04 21:18:48'),
(36, 'proveedores_admin', '[\"2\",\"1\"]', NULL, '[\"developer_board\",\"Proveedores\"]', NULL, NULL, '2019-07-04 21:56:27', '2019-07-04 21:56:27'),
(37, 'segmentos_admin', '[\"2\",\"1\"]', NULL, '[\"format_line_spacing\",\"Segmentos\"]', NULL, NULL, '2019-07-08 03:40:42', '2019-07-08 03:40:42'),
(38, 'perfil_admin', '[\"2\",\"1\",\"7\",\"6\",\"3\",\"5\"]', NULL, '[\"perm_contact_calendar\",\"Mi perfil\"]', NULL, NULL, '2019-07-19 13:38:23', '2019-09-11 00:55:13'),
(39, 'procesos', '[\"3\",\"5\"]', NULL, '[\"all_inclusive\",\"Procesos\"]', NULL, NULL, '2019-07-21 23:34:06', '2019-07-21 23:34:06'),
(40, 'bancos_admin', '[\"2\",\"1\",\"7\"]', NULL, '[\"account_balance\",\"Bancos\"]', NULL, NULL, '2019-08-27 01:59:53', '2019-09-11 00:41:54'),
(41, 'cuentas_admin', '[\"2\",\"1\",\"7\",\"5\"]', NULL, '[\"attach_money\",\"Cuentas de banco\"]', NULL, NULL, '2019-08-27 21:55:41', '2019-09-11 00:51:28'),
(42, 'acreditaciones', '[\"3\",\"5\"]', NULL, '[\"local_atm\",\"Acreditaciones\"]', NULL, NULL, '2019-08-28 00:29:51', '2019-09-11 00:40:44'),
(43, 'acreditaciones_admin', '[\"2\",\"1\",\"7\",\"6\"]', NULL, '[\"local_atm\",\"Acreditaciones\"]', NULL, NULL, '2019-08-28 00:32:11', '2019-09-11 00:41:19'),
(44, 'recargas', '[\"3\",\"5\"]', NULL, '[\"mobile_friendly\",\"Recargas\"]', NULL, NULL, '2019-08-31 03:07:13', '2019-08-31 03:07:13'),
(45, 'recaudaciones', '[\"3\",\"5\"]', NULL, '[\"local_atm\",\"Recaudaciones\"]', NULL, NULL, '2019-08-31 03:09:44', '2019-08-31 03:09:44'),
(46, 'giros', '[\"3\",\"5\"]', NULL, '[\"monetization_on\",\"Giros\"]', NULL, NULL, '2019-08-31 03:11:03', '2019-08-31 03:11:03'),
(47, 'bancos', '[\"3\",\"5\"]', NULL, '[\"account_balance\",\"Bancos\"]', NULL, NULL, '2019-08-31 03:12:20', '2019-08-31 03:12:20'),
(48, 'consultas', '[\"3\",\"5\"]', NULL, '[\"report\",\"Consultas\"]', NULL, NULL, '2019-08-31 03:14:28', '2019-08-31 03:14:28'),
(49, 'reversos', '[\"5\"]', NULL, '[\"rotate_left\",\"Reversos\"]', NULL, NULL, '2019-08-31 03:15:24', '2019-08-31 03:15:24'),
(50, 'reversos_admin', '[\"2\",\"1\",\"7\"]', NULL, '[\"rotate_left\",\"Reversos\"]', NULL, NULL, '2019-08-31 03:17:32', '2019-09-11 00:58:18'),
(51, 'giros_venezuela', '[\"3\",\"5\"]', NULL, '[\"local_atm\",\"Giros a Venezuela\"]', NULL, NULL, '2020-02-03 14:11:05', '2020-02-03 14:11:05'),
(52, 'giros_admin', '[\"2\",\"1\"]', NULL, '[\"send\",\"Giros (WU)\"]', NULL, NULL, '2020-02-19 15:09:36', '2020-02-19 15:09:36');

-- --------------------------------------------------------

--
-- Estructura de tabla para la tabla `vistas_cont_en`
--

CREATE TABLE `vistas_cont_en` (
  `id` int(8) UNSIGNED NOT NULL,
  `vistas_id` int(5) UNSIGNED NOT NULL,
  `vistaSub_id` int(2) UNSIGNED NOT NULL DEFAULT 1,
  `titulo` varchar(250) DEFAULT NULL,
  `texto` text CHARACTER SET utf8 COLLATE utf8_unicode_ci DEFAULT NULL,
  `imagen` varchar(50) DEFAULT NULL,
  `alt` varchar(255) DEFAULT NULL,
  `explicados` varchar(255) DEFAULT NULL,
  `link` varchar(30) DEFAULT NULL,
  `textoLink` varchar(250) DEFAULT NULL,
  `created_at` timestamp NOT NULL DEFAULT '0000-00-00 00:00:00',
  `updated_at` timestamp NOT NULL DEFAULT '0000-00-00 00:00:00'
) ENGINE=InnoDB DEFAULT CHARSET=utf8mb4 ROW_FORMAT=COMPACT;

--
-- Volcado de datos para la tabla `vistas_cont_en`
--

INSERT INTO `vistas_cont_en` (`id`, `vistas_id`, `vistaSub_id`, `titulo`, `texto`, `imagen`, `alt`, `explicados`, `link`, `textoLink`, `created_at`, `updated_at`) VALUES
(1, 39, 1, NULL, '<p><span style=\"font-size:24px\"><span style=\"color:#000000\">Muy pronto Giros Wester Union y Recargas </span></span></p>\r\n', '46256fe84c9f34010be69f7e11eac8a9ff8a1167.jpg', NULL, 'Marquesina', NULL, NULL, '2019-07-22 01:42:01', '2019-12-30 10:19:35'),
(3, 8, 1, NULL, '<p>Bienvenidos a Multipagos&nbsp;</p>\r\n', NULL, NULL, NULL, NULL, NULL, '2019-08-15 08:17:33', '2019-08-15 08:17:33');

-- --------------------------------------------------------

--
-- Estructura de tabla para la tabla `vistas_cont_es`
--

CREATE TABLE `vistas_cont_es` (
  `id` int(8) UNSIGNED NOT NULL,
  `vistas_id` int(5) UNSIGNED NOT NULL,
  `vistaSub_id` int(2) UNSIGNED NOT NULL DEFAULT 1,
  `titulo` varchar(250) DEFAULT NULL,
  `texto` text CHARACTER SET utf8 COLLATE utf8_unicode_ci DEFAULT NULL,
  `imagen` varchar(50) DEFAULT NULL,
  `alt` varchar(255) DEFAULT NULL,
  `explicados` varchar(255) DEFAULT NULL,
  `link` varchar(30) DEFAULT NULL,
  `textoLink` varchar(250) DEFAULT NULL,
  `created_at` timestamp NOT NULL DEFAULT '0000-00-00 00:00:00',
  `updated_at` timestamp NOT NULL DEFAULT '0000-00-00 00:00:00'
) ENGINE=InnoDB DEFAULT CHARSET=utf8mb4 ROW_FORMAT=COMPACT;

--
-- Volcado de datos para la tabla `vistas_cont_es`
--

INSERT INTO `vistas_cont_es` (`id`, `vistas_id`, `vistaSub_id`, `titulo`, `texto`, `imagen`, `alt`, `explicados`, `link`, `textoLink`, `created_at`, `updated_at`) VALUES
(1, 39, 1, NULL, '<p>SEGUIMOS MEJORANDO PARA SERVIRLE MEJOR</p>\r\n', '46256fe84c9f34010be69f7e11eac8a9ff8a1167.jpg', NULL, 'Marquesina', NULL, NULL, '2019-07-22 01:42:01', '2020-01-11 15:40:11'),
(3, 8, 1, 'Bienvenido ', '<p>Bienvenidos a Multipagos su plataforma transaccional&nbsp;</p>\r\n', NULL, NULL, 'Bienvenida Inicio de Sesión ', NULL, NULL, '2019-08-15 08:17:33', '2019-11-18 10:40:26');

-- --------------------------------------------------------

--
-- Estructura de tabla para la tabla `vistas_grupo`
--

CREATE TABLE `vistas_grupo` (
  `id` int(5) UNSIGNED NOT NULL,
  `nombre` varchar(100) NOT NULL,
  `created_at` timestamp NOT NULL DEFAULT '0000-00-00 00:00:00',
  `updated_at` timestamp NOT NULL DEFAULT '0000-00-00 00:00:00'
) ENGINE=InnoDB DEFAULT CHARSET=utf8mb4;

--
-- Volcado de datos para la tabla `vistas_grupo`
--

INSERT INTO `vistas_grupo` (`id`, `nombre`, `created_at`, `updated_at`) VALUES
(1, 'contenidos', '2019-02-06 08:11:31', '2019-02-06 09:08:17'),
(2, 'productos', '2019-02-06 08:11:31', '2019-02-06 09:08:17'),
(3, 'contactos', '2019-02-06 05:00:00', '2019-02-06 05:00:00'),
(4, 'usuarios', '2019-02-06 05:00:00', '2019-02-06 05:00:00'),
(5, 'sistema', '2019-02-06 05:00:00', '2019-02-06 05:00:00');

-- --------------------------------------------------------

--
-- Estructura de tabla para la tabla `vistas_inicio`
--

CREATE TABLE `vistas_inicio` (
  `role_id` int(10) UNSIGNED NOT NULL,
  `vista_id` int(5) UNSIGNED DEFAULT NULL,
  `created_at` timestamp NOT NULL DEFAULT '0000-00-00 00:00:00',
  `updated_at` timestamp NOT NULL DEFAULT '0000-00-00 00:00:00'
) ENGINE=InnoDB DEFAULT CHARSET=utf8mb4 COMMENT='Relación de tipo de usuario con la vista en que debe iniciar' ROW_FORMAT=COMPACT;

--
-- Volcado de datos para la tabla `vistas_inicio`
--

INSERT INTO `vistas_inicio` (`role_id`, `vista_id`, `created_at`, `updated_at`) VALUES
(1, 4, '2018-01-30 05:00:00', '2018-01-30 05:00:00'),
(2, 4, '2018-01-30 05:00:00', '2018-01-30 05:00:00'),
(3, 8, '2018-01-30 05:00:00', '2018-01-30 05:00:00'),
(4, 2, '2018-01-30 05:00:00', '2018-01-30 05:00:00'),
(5, 8, '2019-07-19 13:36:27', '2019-07-19 13:36:27'),
(6, 4, '2019-09-10 18:30:52', '2019-09-10 18:30:52'),
(7, 4, '2019-09-10 18:31:22', '2019-09-10 18:31:22');

-- --------------------------------------------------------

--
-- Estructura de tabla para la tabla `vistas_text_en`
--

CREATE TABLE `vistas_text_en` (
  `id` int(10) UNSIGNED NOT NULL,
  `vista_id` int(5) UNSIGNED NOT NULL,
  `referencia` varchar(250) NOT NULL,
  `texto` varchar(250) NOT NULL
) ENGINE=InnoDB DEFAULT CHARSET=utf8mb4;

-- --------------------------------------------------------

--
-- Estructura de tabla para la tabla `vistas_text_es`
--

CREATE TABLE `vistas_text_es` (
  `id` int(10) UNSIGNED NOT NULL,
  `vista_id` int(5) UNSIGNED NOT NULL,
  `referencia` varchar(250) NOT NULL,
  `texto` varchar(250) NOT NULL
) ENGINE=InnoDB DEFAULT CHARSET=utf8mb4;

--
-- Índices para tablas volcadas
--

--
-- Indices de la tabla `activations`
--
ALTER TABLE `activations`
  ADD PRIMARY KEY (`id`);

--
-- Indices de la tabla `bancos`
--
ALTER TABLE `bancos`
  ADD PRIMARY KEY (`id`);

--
-- Indices de la tabla `bancos_cuentas`
--
ALTER TABLE `bancos_cuentas`
  ADD PRIMARY KEY (`id`),
  ADD KEY `cuenta_banco` (`banco_id`),
  ADD KEY `moneda` (`moneda_id`),
  ADD KEY `tipo_id` (`tipo_id`),
  ADD KEY `empresa_id` (`empresa_id`);

--
-- Indices de la tabla `banco_cuentas_tipo`
--
ALTER TABLE `banco_cuentas_tipo`
  ADD PRIMARY KEY (`id`);

--
-- Indices de la tabla `das_catalogo`
--
ALTER TABLE `das_catalogo`
  ADD PRIMARY KEY (`id`);

--
-- Indices de la tabla `empresas`
--
ALTER TABLE `empresas`
  ADD PRIMARY KEY (`id`),
  ADD KEY `padre` (`padre`),
  ADD KEY `user_id` (`user_id`);

--
-- Indices de la tabla `empresas_comercial`
--
ALTER TABLE `empresas_comercial`
  ADD PRIMARY KEY (`id`),
  ADD UNIQUE KEY `empresa_id` (`empresa_id`),
  ADD KEY `tipo_id` (`tipo_id`);

--
-- Indices de la tabla `empresas_contactos`
--
ALTER TABLE `empresas_contactos`
  ADD PRIMARY KEY (`id`),
  ADD UNIQUE KEY `user_id` (`user_id`),
  ADD KEY `clientes_id` (`sucursal_id`);

--
-- Indices de la tabla `empresas_datos`
--
ALTER TABLE `empresas_datos`
  ADD PRIMARY KEY (`id`),
  ADD UNIQUE KEY `empresa_id` (`empresa_id`),
  ADD UNIQUE KEY `ruc` (`ruc`);

--
-- Indices de la tabla `empresas_marcas`
--
ALTER TABLE `empresas_marcas`
  ADD PRIMARY KEY (`id`),
  ADD UNIQUE KEY `empresa_id` (`empresa_id`);

--
-- Indices de la tabla `empresas_redes_sociales`
--
ALTER TABLE `empresas_redes_sociales`
  ADD PRIMARY KEY (`id`),
  ADD KEY `empresa_id` (`empresa_id`),
  ADD KEY `marca_id` (`marca_id`),
  ADD KEY `sucursal_id` (`sucursal_id`);

--
-- Indices de la tabla `empresas_sucursales`
--
ALTER TABLE `empresas_sucursales`
  ADD PRIMARY KEY (`id`),
  ADD KEY `sucursal_empresa` (`empresa_id`);

--
-- Indices de la tabla `emp_alerta`
--
ALTER TABLE `emp_alerta`
  ADD PRIMARY KEY (`id`),
  ADD KEY `empresa_id` (`empresa_id`);

--
-- Indices de la tabla `emp_movimientos`
--
ALTER TABLE `emp_movimientos`
  ADD PRIMARY KEY (`id`),
  ADD KEY `cuenta_id` (`cuenta_origen_id`),
  ADD KEY `empresa_id` (`empresa_origen_id`),
  ADD KEY `user_id` (`user_id`),
  ADD KEY `empresa_destino_id` (`empresa_destino_id`),
  ADD KEY `cuenta_destino_id` (`cuenta_destino_id`);

--
-- Indices de la tabla `emp_perfiles`
--
ALTER TABLE `emp_perfiles`
  ADD PRIMARY KEY (`id`),
  ADD KEY `tipo_id` (`tipo_id`),
  ADD KEY `servicio_id` (`servicio_id`);

--
-- Indices de la tabla `emp_proveedores`
--
ALTER TABLE `emp_proveedores`
  ADD PRIMARY KEY (`id`);

--
-- Indices de la tabla `emp_segmentos`
--
ALTER TABLE `emp_segmentos`
  ADD PRIMARY KEY (`id`);

--
-- Indices de la tabla `emp_servicios`
--
ALTER TABLE `emp_servicios`
  ADD PRIMARY KEY (`id`),
  ADD UNIQUE KEY `codigo` (`codigo`),
  ADD KEY `segmento_id` (`segmento_id`),
  ADD KEY `proveedor_id` (`proveedor_id`);

--
-- Indices de la tabla `emp_tipos`
--
ALTER TABLE `emp_tipos`
  ADD PRIMARY KEY (`id`);

--
-- Indices de la tabla `logs`
--
ALTER TABLE `logs`
  ADD PRIMARY KEY (`id`),
  ADD KEY `usuario` (`usuario`);

--
-- Indices de la tabla `mensajes`
--
ALTER TABLE `mensajes`
  ADD PRIMARY KEY (`id`),
  ADD KEY `clientes_id` (`clientes_id`);

--
-- Indices de la tabla `monedas`
--
ALTER TABLE `monedas`
  ADD PRIMARY KEY (`id`),
  ADD UNIQUE KEY `acron` (`acron`),
  ADD UNIQUE KEY `nombre` (`nombre`);

--
-- Indices de la tabla `pagos`
--
ALTER TABLE `pagos`
  ADD PRIMARY KEY (`id`),
  ADD KEY `usuario` (`usuario_id`),
  ADD KEY `proveedor_id` (`proveedor_id`),
  ADD KEY `segmento_id` (`segmento_id`);

--
-- Indices de la tabla `pagos_giros`
--
ALTER TABLE `pagos_giros`
  ADD PRIMARY KEY (`id`),
  ADD KEY `usuario` (`usuario_id`),
  ADD KEY `proveedor_id` (`proveedor_id`);

--
-- Indices de la tabla `pagos_recargas`
--
ALTER TABLE `pagos_recargas`
  ADD PRIMARY KEY (`id`),
  ADD KEY `recargas_pagos` (`pagos_id`),
  ADD KEY `servicio_id` (`servicio_id`);

--
-- Indices de la tabla `pagos_venezuela`
--
ALTER TABLE `pagos_venezuela`
  ADD PRIMARY KEY (`id`),
  ADD KEY `recargas_pagos` (`pagos_id`),
  ADD KEY `operadora` (`servicio_id`);

--
-- Indices de la tabla `parametros`
--
ALTER TABLE `parametros`
  ADD PRIMARY KEY (`id`),
  ADD UNIQUE KEY `clave_unica` (`clave`);

--
-- Indices de la tabla `persistences`
--
ALTER TABLE `persistences`
  ADD PRIMARY KEY (`id`),
  ADD UNIQUE KEY `persistences_code_unique` (`code`);

--
-- Indices de la tabla `reminders`
--
ALTER TABLE `reminders`
  ADD PRIMARY KEY (`id`);

--
-- Indices de la tabla `roles`
--
ALTER TABLE `roles`
  ADD PRIMARY KEY (`id`),
  ADD UNIQUE KEY `roles_slug_unique` (`slug`);

--
-- Indices de la tabla `role_users`
--
ALTER TABLE `role_users`
  ADD PRIMARY KEY (`user_id`,`role_id`);

--
-- Indices de la tabla `textos`
--
ALTER TABLE `textos`
  ADD PRIMARY KEY (`id`),
  ADD KEY `tema_id` (`tema_id`),
  ADD KEY `categoria_id` (`categoria_id`);

--
-- Indices de la tabla `textos_categorias`
--
ALTER TABLE `textos_categorias`
  ADD PRIMARY KEY (`id`);

--
-- Indices de la tabla `textos_en`
--
ALTER TABLE `textos_en`
  ADD PRIMARY KEY (`id`),
  ADD KEY `tema_id` (`textos_id`);

--
-- Indices de la tabla `textos_es`
--
ALTER TABLE `textos_es`
  ADD PRIMARY KEY (`id`),
  ADD KEY `tema_id` (`textos_id`);

--
-- Indices de la tabla `textos_temas`
--
ALTER TABLE `textos_temas`
  ADD PRIMARY KEY (`id`),
  ADD KEY `textos_categorias_id` (`textos_categorias_id`);

--
-- Indices de la tabla `throttle`
--
ALTER TABLE `throttle`
  ADD PRIMARY KEY (`id`),
  ADD KEY `throttle_user_id_index` (`user_id`);

--
-- Indices de la tabla `users`
--
ALTER TABLE `users`
  ADD PRIMARY KEY (`id`),
  ADD UNIQUE KEY `users_email_unique` (`email`);

--
-- Indices de la tabla `users_ext`
--
ALTER TABLE `users_ext`
  ADD PRIMARY KEY (`id`),
  ADD KEY `users_ext_users` (`user_id`);

--
-- Indices de la tabla `vistas`
--
ALTER TABLE `vistas`
  ADD PRIMARY KEY (`id`),
  ADD UNIQUE KEY `nombre` (`nombre`),
  ADD KEY `vista_grupo` (`vistas_grupo_id`);

--
-- Indices de la tabla `vistas_cont_en`
--
ALTER TABLE `vistas_cont_en`
  ADD UNIQUE KEY `contenido_id_en` (`id`),
  ADD KEY `vista_id` (`vistas_id`);

--
-- Indices de la tabla `vistas_cont_es`
--
ALTER TABLE `vistas_cont_es`
  ADD UNIQUE KEY `contenido_id_es` (`id`),
  ADD KEY `vista_id` (`vistas_id`);

--
-- Indices de la tabla `vistas_grupo`
--
ALTER TABLE `vistas_grupo`
  ADD PRIMARY KEY (`id`);

--
-- Indices de la tabla `vistas_inicio`
--
ALTER TABLE `vistas_inicio`
  ADD PRIMARY KEY (`role_id`),
  ADD KEY `vista_id` (`vista_id`);

--
-- Indices de la tabla `vistas_text_en`
--
ALTER TABLE `vistas_text_en`
  ADD PRIMARY KEY (`id`),
  ADD KEY `text_es_vista` (`vista_id`);

--
-- Indices de la tabla `vistas_text_es`
--
ALTER TABLE `vistas_text_es`
  ADD PRIMARY KEY (`id`),
  ADD KEY `text_es_vista` (`vista_id`);

--
-- AUTO_INCREMENT de las tablas volcadas
--

--
-- AUTO_INCREMENT de la tabla `activations`
--
ALTER TABLE `activations`
  MODIFY `id` int(10) UNSIGNED NOT NULL AUTO_INCREMENT, AUTO_INCREMENT=55;

--
-- AUTO_INCREMENT de la tabla `bancos`
--
ALTER TABLE `bancos`
  MODIFY `id` int(10) UNSIGNED NOT NULL AUTO_INCREMENT, AUTO_INCREMENT=5;

--
-- AUTO_INCREMENT de la tabla `bancos_cuentas`
--
ALTER TABLE `bancos_cuentas`
  MODIFY `id` int(10) UNSIGNED NOT NULL AUTO_INCREMENT, AUTO_INCREMENT=10;

--
-- AUTO_INCREMENT de la tabla `banco_cuentas_tipo`
--
ALTER TABLE `banco_cuentas_tipo`
  MODIFY `id` int(3) UNSIGNED NOT NULL AUTO_INCREMENT, AUTO_INCREMENT=3;

--
-- AUTO_INCREMENT de la tabla `das_catalogo`
--
ALTER TABLE `das_catalogo`
  MODIFY `id` int(10) UNSIGNED NOT NULL AUTO_INCREMENT, AUTO_INCREMENT=10;

--
-- AUTO_INCREMENT de la tabla `empresas`
--
ALTER TABLE `empresas`
  MODIFY `id` int(10) UNSIGNED NOT NULL AUTO_INCREMENT, AUTO_INCREMENT=28;

--
-- AUTO_INCREMENT de la tabla `empresas_comercial`
--
ALTER TABLE `empresas_comercial`
  MODIFY `id` int(10) UNSIGNED NOT NULL AUTO_INCREMENT, AUTO_INCREMENT=23;

--
-- AUTO_INCREMENT de la tabla `empresas_contactos`
--
ALTER TABLE `empresas_contactos`
  MODIFY `id` int(10) UNSIGNED NOT NULL AUTO_INCREMENT, AUTO_INCREMENT=65;

--
-- AUTO_INCREMENT de la tabla `empresas_datos`
--
ALTER TABLE `empresas_datos`
  MODIFY `id` int(10) UNSIGNED NOT NULL AUTO_INCREMENT, AUTO_INCREMENT=68;

--
-- AUTO_INCREMENT de la tabla `empresas_marcas`
--
ALTER TABLE `empresas_marcas`
  MODIFY `id` int(10) UNSIGNED NOT NULL AUTO_INCREMENT;

--
-- AUTO_INCREMENT de la tabla `empresas_redes_sociales`
--
ALTER TABLE `empresas_redes_sociales`
  MODIFY `id` int(10) UNSIGNED NOT NULL AUTO_INCREMENT;

--
-- AUTO_INCREMENT de la tabla `empresas_sucursales`
--
ALTER TABLE `empresas_sucursales`
  MODIFY `id` int(10) UNSIGNED NOT NULL AUTO_INCREMENT, AUTO_INCREMENT=64;

--
-- AUTO_INCREMENT de la tabla `emp_alerta`
--
ALTER TABLE `emp_alerta`
  MODIFY `id` int(10) UNSIGNED NOT NULL AUTO_INCREMENT, AUTO_INCREMENT=18;

--
-- AUTO_INCREMENT de la tabla `emp_movimientos`
--
ALTER TABLE `emp_movimientos`
  MODIFY `id` int(10) UNSIGNED NOT NULL AUTO_INCREMENT, AUTO_INCREMENT=67;

--
-- AUTO_INCREMENT de la tabla `emp_perfiles`
--
ALTER TABLE `emp_perfiles`
  MODIFY `id` int(10) UNSIGNED NOT NULL AUTO_INCREMENT, AUTO_INCREMENT=127;

--
-- AUTO_INCREMENT de la tabla `emp_proveedores`
--
ALTER TABLE `emp_proveedores`
  MODIFY `id` int(5) UNSIGNED NOT NULL AUTO_INCREMENT, AUTO_INCREMENT=8;

--
-- AUTO_INCREMENT de la tabla `emp_segmentos`
--
ALTER TABLE `emp_segmentos`
  MODIFY `id` int(5) UNSIGNED NOT NULL AUTO_INCREMENT, AUTO_INCREMENT=21;

--
-- AUTO_INCREMENT de la tabla `emp_servicios`
--
ALTER TABLE `emp_servicios`
  MODIFY `id` int(5) UNSIGNED NOT NULL AUTO_INCREMENT, AUTO_INCREMENT=161;

--
-- AUTO_INCREMENT de la tabla `emp_tipos`
--
ALTER TABLE `emp_tipos`
  MODIFY `id` int(5) UNSIGNED NOT NULL AUTO_INCREMENT, AUTO_INCREMENT=7;

--
-- AUTO_INCREMENT de la tabla `logs`
--
ALTER TABLE `logs`
  MODIFY `id` int(10) UNSIGNED NOT NULL AUTO_INCREMENT;

--
-- AUTO_INCREMENT de la tabla `mensajes`
--
ALTER TABLE `mensajes`
  MODIFY `id` int(10) UNSIGNED NOT NULL AUTO_INCREMENT;

--
-- AUTO_INCREMENT de la tabla `monedas`
--
ALTER TABLE `monedas`
  MODIFY `id` int(5) UNSIGNED NOT NULL AUTO_INCREMENT, AUTO_INCREMENT=2;

--
-- AUTO_INCREMENT de la tabla `pagos`
--
ALTER TABLE `pagos`
  MODIFY `id` int(10) UNSIGNED NOT NULL AUTO_INCREMENT, AUTO_INCREMENT=1207;

--
-- AUTO_INCREMENT de la tabla `pagos_giros`
--
ALTER TABLE `pagos_giros`
  MODIFY `id` int(10) UNSIGNED NOT NULL AUTO_INCREMENT;

--
-- AUTO_INCREMENT de la tabla `pagos_recargas`
--
ALTER TABLE `pagos_recargas`
  MODIFY `id` int(10) UNSIGNED NOT NULL AUTO_INCREMENT, AUTO_INCREMENT=1202;

--
-- AUTO_INCREMENT de la tabla `pagos_venezuela`
--
ALTER TABLE `pagos_venezuela`
  MODIFY `id` int(10) UNSIGNED NOT NULL AUTO_INCREMENT, AUTO_INCREMENT=4;

--
-- AUTO_INCREMENT de la tabla `parametros`
--
ALTER TABLE `parametros`
  MODIFY `id` int(10) NOT NULL AUTO_INCREMENT, AUTO_INCREMENT=18;

--
-- AUTO_INCREMENT de la tabla `persistences`
--
ALTER TABLE `persistences`
  MODIFY `id` int(10) UNSIGNED NOT NULL AUTO_INCREMENT, AUTO_INCREMENT=2267;

--
-- AUTO_INCREMENT de la tabla `reminders`
--
ALTER TABLE `reminders`
  MODIFY `id` int(10) UNSIGNED NOT NULL AUTO_INCREMENT;

--
-- AUTO_INCREMENT de la tabla `roles`
--
ALTER TABLE `roles`
  MODIFY `id` int(10) UNSIGNED NOT NULL AUTO_INCREMENT, AUTO_INCREMENT=8;

--
-- AUTO_INCREMENT de la tabla `textos`
--
ALTER TABLE `textos`
  MODIFY `id` int(10) UNSIGNED NOT NULL AUTO_INCREMENT;

--
-- AUTO_INCREMENT de la tabla `textos_categorias`
--
ALTER TABLE `textos_categorias`
  MODIFY `id` int(5) UNSIGNED NOT NULL AUTO_INCREMENT;

--
-- AUTO_INCREMENT de la tabla `textos_en`
--
ALTER TABLE `textos_en`
  MODIFY `id` int(10) UNSIGNED NOT NULL AUTO_INCREMENT;

--
-- AUTO_INCREMENT de la tabla `textos_es`
--
ALTER TABLE `textos_es`
  MODIFY `id` int(10) UNSIGNED NOT NULL AUTO_INCREMENT;

--
-- AUTO_INCREMENT de la tabla `textos_temas`
--
ALTER TABLE `textos_temas`
  MODIFY `id` int(5) UNSIGNED NOT NULL AUTO_INCREMENT;

--
-- AUTO_INCREMENT de la tabla `throttle`
--
ALTER TABLE `throttle`
  MODIFY `id` int(10) UNSIGNED NOT NULL AUTO_INCREMENT, AUTO_INCREMENT=773;

--
-- AUTO_INCREMENT de la tabla `users`
--
ALTER TABLE `users`
  MODIFY `id` int(10) UNSIGNED NOT NULL AUTO_INCREMENT, AUTO_INCREMENT=56;

--
-- AUTO_INCREMENT de la tabla `users_ext`
--
ALTER TABLE `users_ext`
  MODIFY `id` int(10) UNSIGNED NOT NULL AUTO_INCREMENT, AUTO_INCREMENT=54;

--
-- AUTO_INCREMENT de la tabla `vistas`
--
ALTER TABLE `vistas`
  MODIFY `id` int(5) UNSIGNED NOT NULL AUTO_INCREMENT, AUTO_INCREMENT=53;

--
-- AUTO_INCREMENT de la tabla `vistas_cont_en`
--
ALTER TABLE `vistas_cont_en`
  MODIFY `id` int(8) UNSIGNED NOT NULL AUTO_INCREMENT, AUTO_INCREMENT=4;

--
-- AUTO_INCREMENT de la tabla `vistas_cont_es`
--
ALTER TABLE `vistas_cont_es`
  MODIFY `id` int(8) UNSIGNED NOT NULL AUTO_INCREMENT, AUTO_INCREMENT=4;

--
-- AUTO_INCREMENT de la tabla `vistas_grupo`
--
ALTER TABLE `vistas_grupo`
  MODIFY `id` int(5) UNSIGNED NOT NULL AUTO_INCREMENT, AUTO_INCREMENT=6;

--
-- AUTO_INCREMENT de la tabla `vistas_text_en`
--
ALTER TABLE `vistas_text_en`
  MODIFY `id` int(10) UNSIGNED NOT NULL AUTO_INCREMENT;

--
-- AUTO_INCREMENT de la tabla `vistas_text_es`
--
ALTER TABLE `vistas_text_es`
  MODIFY `id` int(10) UNSIGNED NOT NULL AUTO_INCREMENT;

--
-- Restricciones para tablas volcadas
--

--
-- Filtros para la tabla `bancos_cuentas`
--
ALTER TABLE `bancos_cuentas`
  ADD CONSTRAINT `cuenta_banco` FOREIGN KEY (`banco_id`) REFERENCES `bancos` (`id`) ON UPDATE CASCADE,
  ADD CONSTRAINT `cuenta_empresa` FOREIGN KEY (`empresa_id`) REFERENCES `empresas` (`id`) ON DELETE CASCADE ON UPDATE CASCADE,
  ADD CONSTRAINT `cuenta_moneda` FOREIGN KEY (`moneda_id`) REFERENCES `monedas` (`id`) ON UPDATE CASCADE,
  ADD CONSTRAINT `cuenta_tipo` FOREIGN KEY (`tipo_id`) REFERENCES `banco_cuentas_tipo` (`id`) ON UPDATE CASCADE;

--
-- Filtros para la tabla `empresas`
--
ALTER TABLE `empresas`
  ADD CONSTRAINT `cliente_padre` FOREIGN KEY (`padre`) REFERENCES `empresas` (`id`) ON DELETE CASCADE ON UPDATE CASCADE,
  ADD CONSTRAINT `cliente_usuario` FOREIGN KEY (`user_id`) REFERENCES `users` (`id`) ON DELETE CASCADE ON UPDATE CASCADE;

--
-- Filtros para la tabla `empresas_comercial`
--
ALTER TABLE `empresas_comercial`
  ADD CONSTRAINT `comercial_empresa` FOREIGN KEY (`empresa_id`) REFERENCES `empresas` (`id`) ON DELETE CASCADE ON UPDATE CASCADE,
  ADD CONSTRAINT `comercial_tipo` FOREIGN KEY (`tipo_id`) REFERENCES `emp_tipos` (`id`) ON UPDATE CASCADE;

--
-- Filtros para la tabla `empresas_contactos`
--
ALTER TABLE `empresas_contactos`
  ADD CONSTRAINT `contacto_sucursal` FOREIGN KEY (`sucursal_id`) REFERENCES `empresas_sucursales` (`id`) ON DELETE CASCADE ON UPDATE CASCADE,
  ADD CONSTRAINT `contacto_user` FOREIGN KEY (`user_id`) REFERENCES `users` (`id`) ON DELETE CASCADE ON UPDATE CASCADE;

--
-- Filtros para la tabla `empresas_datos`
--
ALTER TABLE `empresas_datos`
  ADD CONSTRAINT `datos_empresa` FOREIGN KEY (`empresa_id`) REFERENCES `empresas` (`id`) ON DELETE CASCADE ON UPDATE CASCADE;

--
-- Filtros para la tabla `empresas_redes_sociales`
--
ALTER TABLE `empresas_redes_sociales`
  ADD CONSTRAINT `redessociales_empresa` FOREIGN KEY (`empresa_id`) REFERENCES `empresas` (`id`) ON DELETE CASCADE ON UPDATE CASCADE,
  ADD CONSTRAINT `redessociales_marca` FOREIGN KEY (`marca_id`) REFERENCES `empresas_marcas` (`id`),
  ADD CONSTRAINT `redessociales_sucursal` FOREIGN KEY (`sucursal_id`) REFERENCES `empresas_sucursales` (`id`) ON DELETE CASCADE ON UPDATE CASCADE;

--
-- Filtros para la tabla `empresas_sucursales`
--
ALTER TABLE `empresas_sucursales`
  ADD CONSTRAINT `sucursal_empresa` FOREIGN KEY (`empresa_id`) REFERENCES `empresas` (`id`) ON DELETE CASCADE ON UPDATE CASCADE;

--
-- Filtros para la tabla `emp_alerta`
--
ALTER TABLE `emp_alerta`
  ADD CONSTRAINT `alerta_empresa` FOREIGN KEY (`empresa_id`) REFERENCES `empresas` (`id`) ON DELETE CASCADE ON UPDATE CASCADE;

--
-- Filtros para la tabla `emp_movimientos`
--
ALTER TABLE `emp_movimientos`
  ADD CONSTRAINT `mov_cuenta_destino` FOREIGN KEY (`cuenta_destino_id`) REFERENCES `bancos_cuentas` (`id`) ON UPDATE CASCADE,
  ADD CONSTRAINT `mov_cuenta_origen` FOREIGN KEY (`cuenta_origen_id`) REFERENCES `bancos_cuentas` (`id`) ON UPDATE CASCADE,
  ADD CONSTRAINT `mov_emp_destino` FOREIGN KEY (`empresa_destino_id`) REFERENCES `empresas` (`id`) ON UPDATE CASCADE,
  ADD CONSTRAINT `mov_emp_origen` FOREIGN KEY (`empresa_origen_id`) REFERENCES `empresas` (`id`) ON UPDATE CASCADE,
  ADD CONSTRAINT `mov_user` FOREIGN KEY (`user_id`) REFERENCES `users` (`id`) ON DELETE SET NULL ON UPDATE CASCADE;

--
-- Filtros para la tabla `emp_perfiles`
--
ALTER TABLE `emp_perfiles`
  ADD CONSTRAINT `perfil_servicio` FOREIGN KEY (`servicio_id`) REFERENCES `emp_servicios` (`id`) ON DELETE CASCADE ON UPDATE CASCADE,
  ADD CONSTRAINT `perfil_tipo` FOREIGN KEY (`tipo_id`) REFERENCES `emp_tipos` (`id`) ON DELETE CASCADE ON UPDATE CASCADE;

--
-- Filtros para la tabla `emp_servicios`
--
ALTER TABLE `emp_servicios`
  ADD CONSTRAINT `servicio_proveedor` FOREIGN KEY (`proveedor_id`) REFERENCES `emp_proveedores` (`id`) ON DELETE CASCADE ON UPDATE CASCADE,
  ADD CONSTRAINT `servicio_segmento` FOREIGN KEY (`segmento_id`) REFERENCES `emp_segmentos` (`id`) ON DELETE CASCADE ON UPDATE CASCADE;

--
-- Filtros para la tabla `logs`
--
ALTER TABLE `logs`
  ADD CONSTRAINT `user_log` FOREIGN KEY (`usuario`) REFERENCES `users` (`id`) ON DELETE CASCADE ON UPDATE CASCADE;

--
-- Filtros para la tabla `pagos`
--
ALTER TABLE `pagos`
  ADD CONSTRAINT `pago_proveedores` FOREIGN KEY (`proveedor_id`) REFERENCES `emp_proveedores` (`id`) ON UPDATE CASCADE,
  ADD CONSTRAINT `pago_segmento` FOREIGN KEY (`segmento_id`) REFERENCES `emp_segmentos` (`id`) ON UPDATE CASCADE,
  ADD CONSTRAINT `pago_usuario` FOREIGN KEY (`usuario_id`) REFERENCES `users` (`id`) ON UPDATE CASCADE;

--
-- Filtros para la tabla `pagos_recargas`
--
ALTER TABLE `pagos_recargas`
  ADD CONSTRAINT `recargas_pagos` FOREIGN KEY (`pagos_id`) REFERENCES `pagos` (`id`) ON UPDATE CASCADE,
  ADD CONSTRAINT `recargas_servicios` FOREIGN KEY (`servicio_id`) REFERENCES `emp_servicios` (`id`) ON UPDATE CASCADE;

--
-- Filtros para la tabla `pagos_venezuela`
--
ALTER TABLE `pagos_venezuela`
  ADD CONSTRAINT `pv_pagos` FOREIGN KEY (`pagos_id`) REFERENCES `pagos` (`id`) ON UPDATE CASCADE,
  ADD CONSTRAINT `pv_servicios` FOREIGN KEY (`servicio_id`) REFERENCES `emp_servicios` (`id`) ON UPDATE CASCADE;

--
-- Filtros para la tabla `textos`
--
ALTER TABLE `textos`
  ADD CONSTRAINT `textos_categoria` FOREIGN KEY (`categoria_id`) REFERENCES `textos_categorias` (`id`) ON UPDATE CASCADE,
  ADD CONSTRAINT `textos_temas` FOREIGN KEY (`tema_id`) REFERENCES `textos_temas` (`id`) ON UPDATE CASCADE;

--
-- Filtros para la tabla `textos_en`
--
ALTER TABLE `textos_en`
  ADD CONSTRAINT `textos_en` FOREIGN KEY (`textos_id`) REFERENCES `textos` (`id`) ON UPDATE CASCADE;

--
-- Filtros para la tabla `textos_es`
--
ALTER TABLE `textos_es`
  ADD CONSTRAINT `textos_es` FOREIGN KEY (`textos_id`) REFERENCES `textos` (`id`) ON UPDATE CASCADE;

--
-- Filtros para la tabla `textos_temas`
--
ALTER TABLE `textos_temas`
  ADD CONSTRAINT `temas_categoria` FOREIGN KEY (`textos_categorias_id`) REFERENCES `textos_categorias` (`id`) ON UPDATE CASCADE;

--
-- Filtros para la tabla `users_ext`
--
ALTER TABLE `users_ext`
  ADD CONSTRAINT `users_ext_users` FOREIGN KEY (`user_id`) REFERENCES `users` (`id`) ON DELETE CASCADE ON UPDATE NO ACTION;

--
-- Filtros para la tabla `vistas`
--
ALTER TABLE `vistas`
  ADD CONSTRAINT `vista_grupo` FOREIGN KEY (`vistas_grupo_id`) REFERENCES `vistas_grupo` (`id`) ON UPDATE CASCADE;

--
-- Filtros para la tabla `vistas_cont_en`
--
ALTER TABLE `vistas_cont_en`
  ADD CONSTRAINT `vistas_contenidos_en` FOREIGN KEY (`vistas_id`) REFERENCES `vistas` (`id`) ON DELETE CASCADE ON UPDATE CASCADE;

--
-- Filtros para la tabla `vistas_cont_es`
--
ALTER TABLE `vistas_cont_es`
  ADD CONSTRAINT `vistas_contenidos_es` FOREIGN KEY (`vistas_id`) REFERENCES `vistas` (`id`) ON DELETE CASCADE ON UPDATE CASCADE;

--
-- Filtros para la tabla `vistas_inicio`
--
ALTER TABLE `vistas_inicio`
  ADD CONSTRAINT `vInicio_role` FOREIGN KEY (`role_id`) REFERENCES `roles` (`id`) ON DELETE CASCADE ON UPDATE CASCADE,
  ADD CONSTRAINT `vInicio_vista` FOREIGN KEY (`vista_id`) REFERENCES `vistas` (`id`) ON DELETE CASCADE ON UPDATE CASCADE;

--
-- Filtros para la tabla `vistas_text_en`
--
ALTER TABLE `vistas_text_en`
  ADD CONSTRAINT `text_en_vista` FOREIGN KEY (`vista_id`) REFERENCES `vistas` (`id`);

--
-- Filtros para la tabla `vistas_text_es`
--
ALTER TABLE `vistas_text_es`
  ADD CONSTRAINT `text_es_vista` FOREIGN KEY (`vista_id`) REFERENCES `vistas` (`id`);
COMMIT;

/*!40101 SET CHARACTER_SET_CLIENT=@OLD_CHARACTER_SET_CLIENT */;
/*!40101 SET CHARACTER_SET_RESULTS=@OLD_CHARACTER_SET_RESULTS */;
/*!40101 SET COLLATION_CONNECTION=@OLD_COLLATION_CONNECTION */;
